seed,method,max_switches,cycle_id,ue_id,previous_bs_id,current_bs_id,app_type,tp_mbps,rtt_ms,satisfaction,num_users_on_current_bs,harmonic_mean,num_unsatisfied_users,target_ue_flag,action_selected_bs_id,switch_flag,h_before,h_after_estimated,reward,estimated_reward,h_after_measured,measured_reward,switch_count,num_degraded_users,measurement_valid,candidate_type,num_users_ap0,num_users_ap1,num_users_ap2,monitor_rtt_ap0,monitor_rtt_ap1,monitor_rtt_ap2,estimated_satisfaction_if_ap0,estimated_satisfaction_if_ap1,estimated_satisfaction_if_ap2,estimated_h_delta_if_ap0,estimated_h_delta_if_ap1,estimated_h_delta_if_ap2,best_estimated_h_delta,effective_max_switches,applied_switches_in_cycle,remaining_switch_budget,k_schedule_type,k_max,k_min,k_decay_rate,stop_action_flag,warmup_before_cycle_sec,cycle_start_offset_sec
1001,logistic,8,1,1,1,1,4,0.000000,90.833300,0.440367,22,0.224176,32,0,2,1,0.224176,0.224176,0.000000,0.000000,0.224176,0.000000,60,0,1,0,21,22,37,95.166700,90.833300,68.000000,0.420315,0.440367,0.588235,-0.002382,-0.002241,-0.006136,0.000000,8,60,0,fixed,8,8,0,0,3.000000,4.000000
1001,logistic,8,1,2,1,1,3,0.000000,90.833300,1.100918,22,0.224176,32,0,2,1,0.224176,0.224176,0.000000,0.000000,0.224176,0.000000,60,0,1,-1,21,22,37,95.166700,90.833300,68.000000,1.050788,1.100918,1.470588,-0.002342,-0.002241,-0.006340,0.000000,8,60,0,fixed,8,8,0,0,3.000000,4.000000
1001,logistic,8,1,3,0,0,3,0.000000,95.166700,1.050788,21,0.224176,32,0,2,1,0.224176,0.224176,0.000000,0.000000,0.224176,0.000000,60,0,1,-1,21,22,37,95.166700,90.833300,68.000000,1.050788,1.100918,1.470588,-0.002241,-0.002141,-0.006243,0.000000,8,60,0,fixed,8,8,0,0,3.000000,4.000000
1001,logistic,8,1,4,2,2,2,0.587970,68.000000,0.073496,37,0.224176,32,0,0,1,0.224176,0.224176,0.000000,0.000000,0.224176,0.000000,60,0,1,0,21,22,37,95.166700,90.833300,68.000000,0.681274,0.563493,0.073389,0.009888,0.009761,-0.002241,0.009888,8,60,0,fixed,8,8,0,0,3.000000,4.000000
1001,logistic,8,1,5,1,1,3,0.000000,90.833300,1.100918,22,0.224176,32,0,2,1,0.224176,0.224176,0.000000,0.000000,0.224176,0.000000,60,0,1,-1,21,22,37,95.166700,90.833300,68.000000,1.050788,1.100918,1.470588,-0.002342,-0.002241,-0.006340,0.000000,8,60,0,fixed,8,8,0,0,3.000000,4.000000
1001,logistic,8,1,6,1,1,3,0.000000,90.833300,1.100918,22,0.224176,32,0,2,1,0.224176,0.224176,0.000000,0.000000,0.224176,0.000000,60,0,1,-1,21,22,37,95.166700,90.833300,68.000000,1.050788,1.100918,1.470588,-0.002342,-0.002241,-0.006340,0.000000,8,60,0,fixed,8,8,0,0,3.000000,4.000000
1001,logistic,8,1,7,2,2,2,0.586876,68.000000,0.073359,37,0.224176,32,0,0,1,0.224176,0.224176,0.000000,0.000000,0.224176,0.000000,60,0,1,0,21,22,37,95.166700,90.833300,68.000000,0.681274,0.563493,0.073397,0.009887,0.009760,-0.002241,0.009887,8,60,0,fixed,8,8,0,0,3.000000,4.000000
1001,logistic,8,1,8,1,1,2,4.481797,90.833300,0.560225,22,0.224176,32,0,0,1,0.224176,0.224176,0.000000,0.000000,0.224176,0.000000,60,0,1,-1,21,22,37,95.166700,90.833300,68.000000,0.681274,0.593232,0.071463,-0.002228,-0.002241,-0.013573,0.000000,8,60,0,fixed,8,8,0,0,3.000000,4.000000
1001,logistic,8,1,9,2,2,2,0.586905,68.000000,0.073363,37,0.224176,32,0,0,1,0.224176,0.224176,0.000000,0.000000,0.224176,0.000000,60,0,1,0,21,22,37,95.166700,90.833300,68.000000,0.681274,0.563493,0.073396,0.009888,0.009760,-0.002241,0.009888,8,60,0,fixed,8,8,0,0,3.000000,4.000000
1001,logistic,8,1,10,2,2,2,0.586894,68.000000,0.073362,37,0.224176,32,0,0,1,0.224176,0.224176,0.000000,0.000000,0.224176,0.000000,60,0,1,0,21,22,37,95.166700,90.833300,68.000000,0.681274,0.563493,0.073397,0.009888,0.009760,-0.002241,0.009888,8,60,0,fixed,8,8,0,0,3.000000,4.000000
1001,logistic,8,1,11,2,2,4,0.000000,68.000000,0.588235,37,0.224176,32,0,2,0,0.224176,0.224176,0.000000,0.000000,0.224176,0.000000,60,0,1,-1,21,22,37,95.166700,90.833300,68.000000,0.420315,0.440367,0.588235,0.001650,0.001796,-0.002241,0.001796,8,60,0,fixed,8,8,0,0,3.000000,4.000000
1001,logistic,8,1,12,2,2,3,0.000000,68.000000,1.470588,37,0.224176,32,0,2,0,0.224176,0.224176,0.000000,0.000000,0.224176,0.000000,60,0,1,1,21,22,37,95.166700,90.833300,68.000000,1.050788,1.100918,1.470588,0.001910,0.002014,-0.002241,0.002014,8,60,0,fixed,8,8,0,0,3.000000,4.000000
1001,logistic,8,1,13,2,2,1,1.530776,68.000000,0.510259,37,0.224176,32,0,1,1,0.224176,0.224176,0.000000,0.000000,0.224176,0.000000,60,0,1,-1,21,22,37,95.166700,90.833300,68.000000,1.116495,1.502648,0.515248,0.002721,0.002946,-0.002241,0.002946,8,60,0,fixed,8,8,0,0,3.000000,4.000000
1001,logistic,8,1,14,1,1,2,4.481774,90.833300,0.560222,22,0.224176,32,0,0,1,0.224176,0.224176,0.000000,0.000000,0.224176,0.000000,60,0,1,-1,21,22,37,95.166700,90.833300,68.000000,0.681274,0.593233,0.071463,-0.002228,-0.002241,-0.013573,0.000000,8,60,0,fixed,8,8,0,0,3.000000,4.000000
1001,logistic,8,1,15,2,2,2,0.000000,68.000000,0.100000,37,0.224176,32,0,0,1,0.224176,0.224176,0.000000,0.000000,0.224176,0.000000,60,0,0,0,21,22,37,95.166700,90.833300,68.000000,0.681274,0.563493,0.073395,0.009888,0.009760,-0.002241,0.009888,8,60,0,fixed,8,8,0,0,3.000000,4.000000
1001,logistic,8,1,16,1,1,2,4.639149,90.833300,0.579894,22,0.224176,32,0,0,1,0.224176,0.224176,0.000000,0.000000,0.224176,0.000000,60,0,1,-1,21,22,37,95.166700,90.833300,68.000000,0.681274,0.590422,0.071463,-0.002224,-0.002241,-0.013568,0.000000,8,60,0,fixed,8,8,0,0,3.000000,4.000000
1001,logistic,8,1,17,2,2,1,1.502674,68.000000,0.500891,37,0.224176,32,0,1,1,0.224176,0.224176,0.000000,0.000000,0.224176,0.000000,60,0,1,-1,21,22,37,95.166700,90.833300,68.000000,1.116495,1.502648,0.517590,0.002715,0.002941,-0.002241,0.002941,8,60,0,fixed,8,8,0,0,3.000000,4.000000
1001,logistic,8,1,18,0,0,1,3.507616,95.166700,1.169205,21,0.224176,32,0,1,1,0.224176,0.224176,0.000000,0.000000,0.224176,0.000000,60,0,1,-1,21,22,37,95.166700,90.833300,68.000000,1.169776,1.502648,0.500717,-0.002241,-0.002076,-0.007103,0.000000,8,60,0,fixed,8,8,0,0,3.000000,4.000000
1001,logistic,8,1,19,2,2,3,0.000000,68.000000,1.470588,37,0.224176,32,0,2,0,0.224176,0.224176,0.000000,0.000000,0.224176,0.000000,60,0,1,1,21,22,37,95.166700,90.833300,68.000000,1.050788,1.100918,1.470588,0.001910,0.002014,-0.002241,0.002014,8,60,0,fixed,8,8,0,0,3.000000,4.000000
1001,logistic,8,1,20,2,2,2,0.585793,68.000000,0.073224,37,0.224176,32,0,0,1,0.224176,0.224176,0.000000,0.000000,0.224176,0.000000,60,0,1,0,21,22,37,95.166700,90.833300,68.000000,0.681274,0.563493,0.073404,0.009887,0.009759,-0.002241,0.009887,8,60,0,fixed,8,8,0,0,3.000000,4.000000
1001,logistic,8,1,21,2,2,2,0.585793,68.000000,0.073224,37,0.224176,32,0,0,1,0.224176,0.224176,0.000000,0.000000,0.224176,0.000000,60,0,1,0,21,22,37,95.166700,90.833300,68.000000,0.681274,0.563493,0.073404,0.009887,0.009759,-0.002241,0.009887,8,60,0,fixed,8,8,0,0,3.000000,4.000000
1001,logistic,8,1,22,0,0,1,3.510575,95.166700,1.170192,21,0.224176,32,0,1,1,0.224176,0.224176,0.000000,0.000000,0.224176,0.000000,60,0,1,-1,21,22,37,95.166700,90.833300,68.000000,1.169529,1.502648,0.500717,-0.002241,-0.002076,-0.007103,0.000000,8,60,0,fixed,8,8,0,0,3.000000,4.000000
1001,logistic,8,1,23,2,2,2,0.586862,68.000000,0.073358,37,0.224176,32,0,0,1,0.224176,0.224176,0.000000,0.000000,0.224176,0.000000,60,0,1,0,21,22,37,95.166700,90.833300,68.000000,0.681274,0.563493,0.073397,0.009887,0.009760,-0.002241,0.009887,8,60,0,fixed,8,8,0,0,3.000000,4.000000
1001,logistic,8,1,24,0,0,1,3.508384,95.166700,1.169461,21,0.224176,32,0,1,1,0.224176,0.224176,0.000000,0.000000,0.224176,0.000000,60,0,1,-1,21,22,37,95.166700,90.833300,68.000000,1.169712,1.502648,0.500717,-0.002241,-0.002076,-0.007103,0.000000,8,60,0,fixed,8,8,0,0,3.000000,4.000000
1001,logistic,8,1,25,1,1,2,4.817358,90.833300,0.602170,22,0.224176,32,0,0,1,0.224176,0.224176,0.000000,0.000000,0.224176,0.000000,60,0,1,-1,21,22,37,95.166700,90.833300,68.000000,0.681274,0.587240,0.071463,-0.002218,-0.002241,-0.013564,0.000000,8,60,0,fixed,8,8,0,0,3.000000,4.000000
1001,logistic,8,1,26,1,1,2,4.820673,90.833300,0.602584,22,0.224176,32,0,0,1,0.224176,0.224176,0.000000,0.000000,0.224176,0.000000,60,0,1,-1,21,22,37,95.166700,90.833300,68.000000,0.681274,0.587181,0.071463,-0.002218,-0.002241,-0.013563,0.000000,8,60,0,fixed,8,8,0,0,3.000000,4.000000
1001,logistic,8,1,27,0,0,2,5.632657,95.166700,0.704082,21,0.224176,32,0,0,0,0.224176,0.224176,0.000000,0.000000,0.224176,0.000000,60,0,1,-1,21,22,37,95.166700,90.833300,68.000000,0.715091,0.563493,0.071463,-0.002241,-0.002440,-0.013660,0.000000,8,60,0,fixed,8,8,0,0,3.000000,4.000000
1001,logistic,8,1,28,1,1,4,0.000000,90.833300,0.440367,22,0.224176,32,0,2,1,0.224176,0.224176,0.000000,0.000000,0.224176,0.000000,60,0,1,0,21,22,37,95.166700,90.833300,68.000000,0.420315,0.440367,0.588235,-0.002382,-0.002241,-0.006136,0.000000,8,60,0,fixed,8,8,0,0,3.000000,4.000000
1001,logistic,8,1,29,2,2,2,0.587956,68.000000,0.073495,37,0.224176,32,0,0,1,0.224176,0.224176,0.000000,0.000000,0.224176,0.000000,60,0,1,0,21,22,37,95.166700,90.833300,68.000000,0.681274,0.563493,0.073389,0.009888,0.009761,-0.002241,0.009888,8,60,0,fixed,8,8,0,0,3.000000,4.000000
1001,logistic,8,1,30,1,1,4,0.000000,90.833300,0.440367,22,0.224176,32,0,2,1,0.224176,0.224176,0.000000,0.000000,0.224176,0.000000,60,0,1,0,21,22,37,95.166700,90.833300,68.000000,0.420315,0.440367,0.588235,-0.002382,-0.002241,-0.006136,0.000000,8,60,0,fixed,8,8,0,0,3.000000,4.000000
1001,logistic,8,1,31,1,1,3,0.000000,90.833300,1.100918,22,0.224176,32,0,2,1,0.224176,0.224176,0.000000,0.000000,0.224176,0.000000,60,0,1,-1,21,22,37,95.166700,90.833300,68.000000,1.050788,1.100918,1.470588,-0.002342,-0.002241,-0.006340,0.000000,8,60,0,fixed,8,8,0,0,3.000000,4.000000
1001,logistic,8,1,32,1,1,2,4.820686,90.833300,0.602586,22,0.224176,32,0,0,1,0.224176,0.224176,0.000000,0.000000,0.224176,0.000000,60,0,1,-1,21,22,37,95.166700,90.833300,68.000000,0.681274,0.587181,0.071463,-0.002218,-0.002241,-0.013563,0.000000,8,60,0,fixed,8,8,0,0,3.000000,4.000000
1001,logistic,8,1,33,1,1,4,0.000000,90.833300,0.440367,22,0.224176,32,0,2,1,0.224176,0.224176,0.000000,0.000000,0.224176,0.000000,60,0,1,0,21,22,37,95.166700,90.833300,68.000000,0.420315,0.440367,0.588235,-0.002382,-0.002241,-0.006136,0.000000,8,60,0,fixed,8,8,0,0,3.000000,4.000000
1001,logistic,8,1,34,2,2,2,0.587920,68.000000,0.073490,37,0.224176,32,0,0,1,0.224176,0.224176,0.000000,0.000000,0.224176,0.000000,60,0,1,0,21,22,37,95.166700,90.833300,68.000000,0.681274,0.563493,0.073389,0.009888,0.009761,-0.002241,0.009888,8,60,0,fixed,8,8,0,0,3.000000,4.000000
1001,logistic,8,1,35,2,2,2,0.587920,68.000000,0.073490,37,0.224176,32,0,0,1,0.224176,0.224176,0.000000,0.000000,0.224176,0.000000,60,0,1,0,21,22,37,95.166700,90.833300,68.000000,0.681274,0.563493,0.073389,0.009888,0.009761,-0.002241,0.009888,8,60,0,fixed,8,8,0,0,3.000000,4.000000
1001,logistic,8,1,36,2,2,4,0.000000,68.000000,0.588235,37,0.224176,32,0,2,0,0.224176,0.224176,0.000000,0.000000,0.224176,0.000000,60,0,1,-1,21,22,37,95.166700,90.833300,68.000000,0.420315,0.440367,0.588235,0.001650,0.001796,-0.002241,0.001796,8,60,0,fixed,8,8,0,0,3.000000,4.000000
1001,logistic,8,1,37,2,2,2,0.587932,68.000000,0.073492,37,0.224176,32,0,0,1,0.224176,0.224176,0.000000,0.000000,0.224176,0.000000,60,0,1,0,21,22,37,95.166700,90.833300,68.000000,0.681274,0.563493,0.073389,0.009888,0.009761,-0.002241,0.009888,8,60,0,fixed,8,8,0,0,3.000000,4.000000
1001,logistic,8,1,38,2,2,1,1.583314,68.000000,0.527771,37,0.224176,32,0,1,1,0.224176,0.224176,0.000000,0.000000,0.224176,0.000000,60,0,1,-1,21,22,37,95.166700,90.833300,68.000000,1.116495,1.502648,0.510870,0.002731,0.002957,-0.002241,0.002957,8,60,0,fixed,8,8,0,0,3.000000,4.000000
1001,logistic,8,1,39,1,1,4,0.000000,90.833300,0.440367,22,0.224176,32,0,2,1,0.224176,0.224176,0.000000,0.000000,0.224176,0.000000,60,0,1,0,21,22,37,95.166700,90.833300,68.000000,0.420315,0.440367,0.588235,-0.002382,-0.002241,-0.006136,0.000000,8,60,0,fixed,8,8,0,0,3.000000,4.000000
1001,logistic,8,1,40,1,1,4,0.000000,90.833300,0.440367,22,0.224176,32,0,2,1,0.224176,0.224176,0.000000,0.000000,0.224176,0.000000,60,0,1,0,21,22,37,95.166700,90.833300,68.000000,0.420315,0.440367,0.588235,-0.002382,-0.002241,-0.006136,0.000000,8,60,0,fixed,8,8,0,0,3.000000,4.000000
1001,logistic,8,1,41,2,2,3,0.000000,68.000000,1.470588,37,0.224176,32,0,2,0,0.224176,0.224176,0.000000,0.000000,0.224176,0.000000,60,0,1,1,21,22,37,95.166700,90.833300,68.000000,1.050788,1.100918,1.470588,0.001910,0.002014,-0.002241,0.002014,8,60,0,fixed,8,8,0,0,3.000000,4.000000
1001,logistic,8,1,42,2,2,2,0.587956,68.000000,0.073495,37,0.224176,32,0,0,1,0.224176,0.224176,0.000000,0.000000,0.224176,0.000000,60,0,1,0,21,22,37,95.166700,90.833300,68.000000,0.681274,0.563493,0.073389,0.009888,0.009761,-0.002241,0.009888,8,60,0,fixed,8,8,0,0,3.000000,4.000000
1001,logistic,8,1,43,2,2,2,0.587968,68.000000,0.073496,37,0.224176,32,0,0,1,0.224176,0.224176,0.000000,0.000000,0.224176,0.000000,60,0,1,0,21,22,37,95.166700,90.833300,68.000000,0.681274,0.563493,0.073389,0.009888,0.009761,-0.002241,0.009888,8,60,0,fixed,8,8,0,0,3.000000,4.000000
1001,logistic,8,1,44,2,2,1,1.559489,68.000000,0.519830,37,0.224176,32,0,1,1,0.224176,0.224176,0.000000,0.000000,0.224176,0.000000,60,0,1,-1,21,22,37,95.166700,90.833300,68.000000,1.116495,1.502648,0.512855,0.002726,0.002952,-0.002241,0.002952,8,60,0,fixed,8,8,0,0,3.000000,4.000000
1001,logistic,8,1,45,0,0,4,0.000000,95.166700,0.420315,21,0.224176,32,0,2,1,0.224176,0.224176,0.000000,0.000000,0.224176,0.000000,60,0,1,0,21,22,37,95.166700,90.833300,68.000000,0.420315,0.440367,0.588235,-0.002241,-0.002101,-0.006001,0.000000,8,60,0,fixed,8,8,0,0,3.000000,4.000000
1001,logistic,8,1,46,2,2,3,0.000000,68.000000,1.470588,37,0.224176,32,0,2,0,0.224176,0.224176,0.000000,0.000000,0.224176,0.000000,60,0,1,1,21,22,37,95.166700,90.833300,68.000000,1.050788,1.100918,1.470588,0.001910,0.002014,-0.002241,0.002014,8,60,0,fixed,8,8,0,0,3.000000,4.000000
1001,logistic,8,1,47,1,1,2,4.818488,90.833300,0.602311,22,0.224176,32,0,0,1,0.224176,0.224176,0.000000,0.000000,0.224176,0.000000,60,0,1,-1,21,22,37,95.166700,90.833300,68.000000,0.681274,0.587220,0.071463,-0.002218,-0.002241,-0.013564,0.000000,8,60,0,fixed,8,8,0,0,3.000000,4.000000
1001,logistic,8,1,48,2,2,3,0.000000,68.000000,1.470588,37,0.224176,32,0,2,0,0.224176,0.224176,0.000000,0.000000,0.224176,0.000000,60,0,1,1,21,22,37,95.166700,90.833300,68.000000,1.050788,1.100918,1.470588,0.001910,0.002014,-0.002241,0.002014,8,60,0,fixed,8,8,0,0,3.000000,4.000000
1001,logistic,8,1,49,1,1,3,0.000000,90.833300,1.100918,22,0.224176,32,0,2,1,0.224176,0.224176,0.000000,0.000000,0.224176,0.000000,60,0,1,-1,21,22,37,95.166700,90.833300,68.000000,1.050788,1.100918,1.470588,-0.002342,-0.002241,-0.006340,0.000000,8,60,0,fixed,8,8,0,0,3.000000,4.000000
1001,logistic,8,1,50,2,2,3,0.000000,68.000000,1.470588,37,0.224176,32,0,2,0,0.224176,0.224176,0.000000,0.000000,0.224176,0.000000,60,0,1,1,21,22,37,95.166700,90.833300,68.000000,1.050788,1.100918,1.470588,0.001910,0.002014,-0.002241,0.002014,8,60,0,fixed,8,8,0,0,3.000000,4.000000
1001,logistic,8,1,51,0,0,2,5.632668,95.166700,0.704084,21,0.224176,32,0,0,0,0.224176,0.224176,0.000000,0.000000,0.224176,0.000000,60,0,1,-1,21,22,37,95.166700,90.833300,68.000000,0.715091,0.563493,0.071463,-0.002241,-0.002440,-0.013660,0.000000,8,60,0,fixed,8,8,0,0,3.000000,4.000000
1001,logistic,8,1,52,0,0,4,0.000000,95.166700,0.420315,21,0.224176,32,0,2,1,0.224176,0.224176,0.000000,0.000000,0.224176,0.000000,60,0,1,0,21,22,37,95.166700,90.833300,68.000000,0.420315,0.440367,0.588235,-0.002241,-0.002101,-0.006001,0.000000,8,60,0,fixed,8,8,0,0,3.000000,4.000000
1001,logistic,8,1,53,0,0,1,3.507724,95.166700,1.169241,21,0.224176,32,0,1,1,0.224176,0.224176,0.000000,0.000000,0.224176,0.000000,60,0,1,-1,21,22,37,95.166700,90.833300,68.000000,1.169767,1.502648,0.500717,-0.002241,-0.002076,-0.007103,0.000000,8,60,0,fixed,8,8,0,0,3.000000,4.000000
1001,logistic,8,1,54,0,0,2,5.632668,95.166700,0.704084,21,0.224176,32,0,0,0,0.224176,0.224176,0.000000,0.000000,0.224176,0.000000,60,0,1,-1,21,22,37,95.166700,90.833300,68.000000,0.715091,0.563493,0.071463,-0.002241,-0.002440,-0.013660,0.000000,8,60,0,fixed,8,8,0,0,3.000000,4.000000
1001,logistic,8,1,55,0,0,3,0.000000,95.166700,1.050788,21,0.224176,32,0,2,1,0.224176,0.224176,0.000000,0.000000,0.224176,0.000000,60,0,1,-1,21,22,37,95.166700,90.833300,68.000000,1.050788,1.100918,1.470588,-0.002241,-0.002141,-0.006243,0.000000,8,60,0,fixed,8,8,0,0,3.000000,4.000000
1001,logistic,8,1,56,2,2,2,0.581363,68.000000,0.072670,37,0.224176,32,1,0,1,0.224176,0.224176,0.000000,0.000000,0.224176,0.000000,60,0,1,0,21,22,37,95.166700,90.833300,68.000000,0.681274,0.563493,0.073435,0.009883,0.009755,-0.002241,0.009883,8,60,0,fixed,8,8,0,0,3.000000,4.000000
1001,logistic,8,1,57,2,2,1,1.537496,68.000000,0.512499,37,0.224176,32,0,1,1,0.224176,0.224176,0.000000,0.000000,0.224176,0.000000,60,0,1,-1,21,22,37,95.166700,90.833300,68.000000,1.116495,1.502648,0.514688,0.002722,0.002948,-0.002241,0.002948,8,60,0,fixed,8,8,0,0,3.000000,4.000000
1001,logistic,8,1,58,0,0,2,5.838150,95.166700,0.729769,21,0.224176,32,0,0,0,0.224176,0.224176,0.000000,0.000000,0.224176,0.000000,60,0,1,-1,21,22,37,95.166700,90.833300,68.000000,0.711422,0.563493,0.071463,-0.002241,-0.002436,-0.013656,0.000000,8,60,0,fixed,8,8,0,0,3.000000,4.000000
1001,logistic,8,1,59,0,0,4,0.000000,95.166700,0.420315,21,0.224176,32,0,2,1,0.224176,0.224176,0.000000,0.000000,0.224176,0.000000,60,0,1,0,21,22,37,95.166700,90.833300,68.000000,0.420315,0.440367,0.588235,-0.002241,-0.002101,-0.006001,0.000000,8,60,0,fixed,8,8,0,0,3.000000,4.000000
1001,logistic,8,1,60,2,2,2,0.588004,68.000000,0.073501,37,0.224176,32,0,0,1,0.224176,0.224176,0.000000,0.000000,0.224176,0.000000,60,0,1,0,21,22,37,95.166700,90.833300,68.000000,0.681274,0.563493,0.073389,0.009888,0.009761,-0.002241,0.009888,8,60,0,fixed,8,8,0,0,3.000000,4.000000
1001,logistic,8,1,61,2,2,3,0.000000,68.000000,1.470588,37,0.224176,32,0,2,0,0.224176,0.224176,0.000000,0.000000,0.224176,0.000000,60,0,1,1,21,22,37,95.166700,90.833300,68.000000,1.050788,1.100918,1.470588,0.001910,0.002014,-0.002241,0.002014,8,60,0,fixed,8,8,0,0,3.000000,4.000000
1001,logistic,8,1,62,0,0,2,5.838150,95.166700,0.729769,21,0.224176,32,0,0,0,0.224176,0.224176,0.000000,0.000000,0.224176,0.000000,60,0,1,-1,21,22,37,95.166700,90.833300,68.000000,0.711422,0.563493,0.071463,-0.002241,-0.002436,-0.013656,0.000000,8,60,0,fixed,8,8,0,0,3.000000,4.000000
1001,logistic,8,1,63,1,1,4,0.000000,90.833300,0.440367,22,0.224176,32,0,2,1,0.224176,0.224176,0.000000,0.000000,0.224176,0.000000,60,0,1,0,21,22,37,95.166700,90.833300,68.000000,0.420315,0.440367,0.588235,-0.002382,-0.002241,-0.006136,0.000000,8,60,0,fixed,8,8,0,0,3.000000,4.000000
1001,logistic,8,1,64,0,0,2,5.838150,95.166700,0.729769,21,0.224176,32,0,0,0,0.224176,0.224176,0.000000,0.000000,0.224176,0.000000,60,0,1,-1,21,22,37,95.166700,90.833300,68.000000,0.711422,0.563493,0.071463,-0.002241,-0.002436,-0.013656,0.000000,8,60,0,fixed,8,8,0,0,3.000000,4.000000
1001,logistic,8,1,65,2,2,3,0.000000,68.000000,1.470588,37,0.224176,32,0,2,0,0.224176,0.224176,0.000000,0.000000,0.224176,0.000000,60,0,1,1,21,22,37,95.166700,90.833300,68.000000,1.050788,1.100918,1.470588,0.001910,0.002014,-0.002241,0.002014,8,60,0,fixed,8,8,0,0,3.000000,4.000000
1001,logistic,8,1,66,2,2,4,0.000000,68.000000,0.588235,37,0.224176,32,0,2,0,0.224176,0.224176,0.000000,0.000000,0.224176,0.000000,60,0,1,-1,21,22,37,95.166700,90.833300,68.000000,0.420315,0.440367,0.588235,0.001650,0.001796,-0.002241,0.001796,8,60,0,fixed,8,8,0,0,3.000000,4.000000
1001,logistic,8,1,67,2,2,2,0.587956,68.000000,0.073495,37,0.224176,32,0,0,1,0.224176,0.224176,0.000000,0.000000,0.224176,0.000000,60,0,1,0,21,22,37,95.166700,90.833300,68.000000,0.681274,0.563493,0.073389,0.009888,0.009761,-0.002241,0.009888,8,60,0,fixed,8,8,0,0,3.000000,4.000000
1001,logistic,8,1,68,2,2,4,0.000000,68.000000,0.588235,37,0.224176,32,0,2,0,0.224176,0.224176,0.000000,0.000000,0.224176,0.000000,60,0,1,-1,21,22,37,95.166700,90.833300,68.000000,0.420315,0.440367,0.588235,0.001650,0.001796,-0.002241,0.001796,8,60,0,fixed,8,8,0,0,3.000000,4.000000
1001,logistic,8,1,69,2,2,2,0.587980,68.000000,0.073498,37,0.224176,32,0,0,1,0.224176,0.224176,0.000000,0.000000,0.224176,0.000000,60,0,1,0,21,22,37,95.166700,90.833300,68.000000,0.681274,0.563493,0.073389,0.009888,0.009761,-0.002241,0.009888,8,60,0,fixed,8,8,0,0,3.000000,4.000000
1001,logistic,8,1,70,1,1,4,0.000000,90.833300,0.440367,22,0.224176,32,0,2,1,0.224176,0.224176,0.000000,0.000000,0.224176,0.000000,60,0,1,0,21,22,37,95.166700,90.833300,68.000000,0.420315,0.440367,0.588235,-0.002382,-0.002241,-0.006136,0.000000,8,60,0,fixed,8,8,0,0,3.000000,4.000000
1001,logistic,8,1,71,0,0,2,5.632668,95.166700,0.704084,21,0.224176,32,0,0,0,0.224176,0.224176,0.000000,0.000000,0.224176,0.000000,60,0,1,-1,21,22,37,95.166700,90.833300,68.000000,0.715091,0.563493,0.071463,-0.002241,-0.002440,-0.013660,0.000000,8,60,0,fixed,8,8,0,0,3.000000,4.000000
1001,logistic,8,1,72,1,1,3,0.000000,90.833300,1.100918,22,0.224176,32,0,2,1,0.224176,0.224176,0.000000,0.000000,0.224176,0.000000,60,0,1,-1,21,22,37,95.166700,90.833300,68.000000,1.050788,1.100918,1.470588,-0.002342,-0.002241,-0.006340,0.000000,8,60,0,fixed,8,8,0,0,3.000000,4.000000
1001,logistic,8,1,73,0,0,2,5.632668,95.166700,0.704084,21,0.224176,32,0,0,0,0.224176,0.224176,0.000000,0.000000,0.224176,0.000000,60,0,1,-1,21,22,37,95.166700,90.833300,68.000000,0.715091,0.563493,0.071463,-0.002241,-0.002440,-0.013660,0.000000,8,60,0,fixed,8,8,0,0,3.000000,4.000000
1001,logistic,8,1,74,0,0,4,0.000000,95.166700,0.420315,21,0.224176,32,0,2,1,0.224176,0.224176,0.000000,0.000000,0.224176,0.000000,60,0,1,0,21,22,37,95.166700,90.833300,68.000000,0.420315,0.440367,0.588235,-0.002241,-0.002101,-0.006001,0.000000,8,60,0,fixed,8,8,0,0,3.000000,4.000000
1001,logistic,8,1,75,2,2,2,0.587968,68.000000,0.073496,37,0.224176,32,0,0,1,0.224176,0.224176,0.000000,0.000000,0.224176,0.000000,60,0,1,0,21,22,37,95.166700,90.833300,68.000000,0.681274,0.563493,0.073389,0.009888,0.009761,-0.002241,0.009888,8,60,0,fixed,8,8,0,0,3.000000,4.000000
1001,logistic,8,1,76,0,0,1,3.510629,95.166700,1.170210,21,0.224176,32,0,1,1,0.224176,0.224176,0.000000,0.000000,0.224176,0.000000,60,0,1,-1,21,22,37,95.166700,90.833300,68.000000,1.169525,1.502648,0.500717,-0.002241,-0.002076,-0.007103,0.000000,8,60,0,fixed,8,8,0,0,3.000000,4.000000
1001,logistic,8,1,77,0,0,3,0.000000,95.166700,1.050788,21,0.224176,32,0,2,1,0.224176,0.224176,0.000000,0.000000,0.224176,0.000000,60,0,1,-1,21,22,37,95.166700,90.833300,68.000000,1.050788,1.100918,1.470588,-0.002241,-0.002141,-0.006243,0.000000,8,60,0,fixed,8,8,0,0,3.000000,4.000000
1001,logistic,8,1,78,0,0,3,0.000000,95.166700,1.050788,21,0.224176,32,0,2,1,0.224176,0.224176,0.000000,0.000000,0.224176,0.000000,60,0,1,-1,21,22,37,95.166700,90.833300,68.000000,1.050788,1.100918,1.470588,-0.002241,-0.002141,-0.006243,0.000000,8,60,0,fixed,8,8,0,0,3.000000,4.000000
1001,logistic,8,1,79,1,1,2,4.822872,90.833300,0.602859,22,0.224176,32,0,0,1,0.224176,0.224176,0.000000,0.000000,0.224176,0.000000,60,0,1,-1,21,22,37,95.166700,90.833300,68.000000,0.681274,0.587142,0.071463,-0.002218,-0.002241,-0.013563,0.000000,8,60,0,fixed,8,8,0,0,3.000000,4.000000
1001,logistic,8,1,80,2,2,2,0.587979,68.000000,0.073497,37,0.224176,32,0,0,1,0.224176,0.224176,0.000000,0.000000,0.224176,0.000000,60,0,1,0,21,22,37,95.166700,90.833300,68.000000,0.681274,0.563493,0.073389,0.009888,0.009761,-0.002241,0.009888,8,60,0,fixed,8,8,0,0,3.000000,4.000000
1001,logistic,8,2,1,2,2,4,0.000000,49.333300,0.810811,34,0.482460,36,0,2,0,0.482460,0.482460,0.000000,0.000000,0.482460,0.258284,0,0,1,-1,36,10,34,113.000000,71.666700,49.333300,0.353982,0.558139,0.810811,-0.014119,-0.003099,0.000583,0.000000,8,0,8,fixed,8,8,0,0,3.000000,4.000000
1001,logistic,8,2,2,2,2,3,0.000000,49.333300,2.027028,34,0.482460,36,0,2,0,0.482460,0.482460,0.000000,0.000000,0.482460,0.258284,0,0,1,1,36,10,34,113.000000,71.666700,49.333300,0.884956,1.395348,2.027028,-0.011486,-0.002134,0.000583,0.000000,8,0,8,fixed,8,8,0,0,3.000000,4.000000
1001,logistic,8,2,3,2,2,3,0.000000,49.333300,2.027028,34,0.482460,36,0,2,0,0.482460,0.482460,0.000000,0.000000,0.482460,0.258284,0,0,1,1,36,10,34,113.000000,71.666700,49.333300,0.884956,1.395348,2.027028,-0.011486,-0.002134,0.000583,0.000000,8,0,8,fixed,8,8,0,0,3.000000,4.000000
1001,logistic,8,2,4,0,0,2,2.209809,113.000000,0.276226,36,0.482460,36,1,0,0,0.482460,0.482460,0.000000,0.000000,0.482460,0.258284,0,0,1,0,36,10,34,113.000000,71.666700,49.333300,0.277234,0.477878,0.268334,0.000583,0.013484,0.010670,0.013484,8,0,8,fixed,8,8,0,0,3.000000,4.000000
1001,logistic,8,2,5,2,2,3,0.000000,49.333300,2.027028,34,0.482460,36,0,2,0,0.482460,0.482460,0.000000,0.000000,0.482460,0.258284,0,0,1,1,36,10,34,113.000000,71.666700,49.333300,0.884956,1.395348,2.027028,-0.011486,-0.002134,0.000583,0.000000,8,0,8,fixed,8,8,0,0,3.000000,4.000000
1001,logistic,8,2,6,2,2,3,0.000000,49.333300,2.027028,34,0.482460,36,0,2,0,0.482460,0.482460,0.000000,0.000000,0.482460,0.258284,0,0,1,1,36,10,34,113.000000,71.666700,49.333300,0.884956,1.395348,2.027028,-0.011486,-0.002134,0.000583,0.000000,8,0,8,fixed,8,8,0,0,3.000000,4.000000
1001,logistic,8,2,7,0,0,2,2.217482,113.000000,0.277185,36,0.482460,36,0,0,0,0.482460,0.482460,0.000000,0.000000,0.482460,0.258284,0,0,1,0,36,10,34,113.000000,71.666700,49.333300,0.277207,0.477878,0.269266,0.000583,0.013485,0.010710,0.013485,8,0,8,fixed,8,8,0,0,3.000000,4.000000
1001,logistic,8,2,8,0,0,2,2.217446,113.000000,0.277181,36,0.482460,36,0,0,0,0.482460,0.482460,0.000000,0.000000,0.482460,0.258284,0,0,1,0,36,10,34,113.000000,71.666700,49.333300,0.277207,0.477878,0.269261,0.000583,0.013485,0.010710,0.013485,8,0,8,fixed,8,8,0,0,3.000000,4.000000
1001,logistic,8,2,9,0,0,2,2.217542,113.000000,0.277193,36,0.482460,36,0,0,0,0.482460,0.482460,0.000000,0.000000,0.482460,0.258284,0,0,1,0,36,10,34,113.000000,71.666700,49.333300,0.277207,0.477878,0.269273,0.000583,0.013485,0.010710,0.013485,8,0,8,fixed,8,8,0,0,3.000000,4.000000
1001,logistic,8,2,10,0,0,2,2.217542,113.000000,0.277193,36,0.482460,36,0,0,0,0.482460,0.482460,0.000000,0.000000,0.482460,0.258284,0,0,1,0,36,10,34,113.000000,71.666700,49.333300,0.277207,0.477878,0.269273,0.000583,0.013485,0.010710,0.013485,8,0,8,fixed,8,8,0,0,3.000000,4.000000
1001,logistic,8,2,11,2,2,4,0.000000,49.333300,0.810811,34,0.482460,36,0,2,0,0.482460,0.482460,0.000000,0.000000,0.482460,0.258284,0,0,1,-1,36,10,34,113.000000,71.666700,49.333300,0.353982,0.558139,0.810811,-0.014119,-0.003099,0.000583,0.000000,8,0,8,fixed,8,8,0,0,3.000000,4.000000
1001,logistic,8,2,12,2,2,3,0.000000,49.333300,2.027028,34,0.482460,36,0,2,0,0.482460,0.482460,0.000000,0.000000,0.482460,0.258284,0,0,1,1,36,10,34,113.000000,71.666700,49.333300,0.884956,1.395348,2.027028,-0.011486,-0.002134,0.000583,0.000000,8,0,8,fixed,8,8,0,0,3.000000,4.000000
1001,logistic,8,2,13,1,1,1,4.913621,71.666700,1.637874,10,0.482460,36,0,1,0,0.482460,0.482460,0.000000,0.000000,0.482460,0.258284,0,0,1,-1,36,10,34,113.000000,71.666700,49.333300,0.719238,1.375544,1.591077,-0.009777,0.000583,0.002749,0.002749,8,0,8,fixed,8,8,0,0,3.000000,4.000000
1001,logistic,8,2,14,0,0,2,2.217470,113.000000,0.277184,36,0.482460,36,0,0,0,0.482460,0.482460,0.000000,0.000000,0.482460,0.258284,0,0,1,0,36,10,34,113.000000,71.666700,49.333300,0.277207,0.477878,0.269264,0.000583,0.013485,0.010710,0.013485,8,0,8,fixed,8,8,0,0,3.000000,4.000000
1001,logistic,8,2,15,0,0,2,2.217494,113.000000,0.277187,36,0.482460,36,0,0,0,0.482460,0.482460,0.000000,0.000000,0.482460,0.258284,0,0,1,0,36,10,34,113.000000,71.666700,49.333300,0.277207,0.477878,0.269267,0.000583,0.013485,0.010710,0.013485,8,0,8,fixed,8,8,0,0,3.000000,4.000000
1001,logistic,8,2,16,0,0,2,2.217483,113.000000,0.277185,36,0.482460,36,0,0,0,0.482460,0.482460,0.000000,0.000000,0.482460,0.258284,0,0,1,0,36,10,34,113.000000,71.666700,49.333300,0.277207,0.477878,0.269266,0.000583,0.013485,0.010710,0.013485,8,0,8,fixed,8,8,0,0,3.000000,4.000000
1001,logistic,8,2,17,1,1,1,4.930726,71.666700,1.643575,10,0.482460,36,0,1,0,0.482460,0.482460,0.000000,0.000000,0.482460,0.258284,0,0,1,-1,36,10,34,113.000000,71.666700,49.333300,0.719238,1.374910,1.596616,-0.009776,0.000583,0.002757,0.002757,8,0,8,fixed,8,8,0,0,3.000000,4.000000
1001,logistic,8,2,18,1,1,1,3.505966,71.666700,1.168655,10,0.482460,36,0,1,0,0.482460,0.482460,0.000000,0.000000,0.482460,0.258284,0,0,1,-1,36,10,34,113.000000,71.666700,49.333300,0.719238,1.427679,1.135265,-0.009844,0.000583,0.001938,0.001938,8,0,8,fixed,8,8,0,0,3.000000,4.000000
1001,logistic,8,2,19,2,2,3,0.000000,49.333300,2.027028,34,0.482460,36,0,2,0,0.482460,0.482460,0.000000,0.000000,0.482460,0.258284,0,0,1,1,36,10,34,113.000000,71.666700,49.333300,0.884956,1.395348,2.027028,-0.011486,-0.002134,0.000583,0.000000,8,0,8,fixed,8,8,0,0,3.000000,4.000000
1001,logistic,8,2,20,0,0,2,2.217459,113.000000,0.277182,36,0.482460,36,0,0,0,0.482460,0.482460,0.000000,0.000000,0.482460,0.258284,0,0,1,0,36,10,34,113.000000,71.666700,49.333300,0.277207,0.477878,0.269263,0.000583,0.013485,0.010710,0.013485,8,0,8,fixed,8,8,0,0,3.000000,4.000000
1001,logistic,8,2,21,0,0,2,2.217566,113.000000,0.277196,36,0.482460,36,0,0,0,0.482460,0.482460,0.000000,0.000000,0.482460,0.258284,0,0,1,0,36,10,34,113.000000,71.666700,49.333300,0.277207,0.477878,0.269276,0.000583,0.013485,0.010710,0.013485,8,0,8,fixed,8,8,0,0,3.000000,4.000000
1001,logistic,8,2,22,1,1,1,3.507188,71.666700,1.169063,10,0.482460,36,0,1,0,0.482460,0.482460,0.000000,0.000000,0.482460,0.258284,0,0,1,-1,36,10,34,113.000000,71.666700,49.333300,0.719238,1.427634,1.135661,-0.009844,0.000583,0.001939,0.001939,8,0,8,fixed,8,8,0,0,3.000000,4.000000
1001,logistic,8,2,23,0,0,2,2.217447,113.000000,0.277181,36,0.482460,36,0,0,0,0.482460,0.482460,0.000000,0.000000,0.482460,0.258284,0,0,1,0,36,10,34,113.000000,71.666700,49.333300,0.277207,0.477878,0.269261,0.000583,0.013485,0.010710,0.013485,8,0,8,fixed,8,8,0,0,3.000000,4.000000
1001,logistic,8,2,24,1,1,1,3.507242,71.666700,1.169081,10,0.482460,36,0,1,0,0.482460,0.482460,0.000000,0.000000,0.482460,0.258284,0,0,1,-1,36,10,34,113.000000,71.666700,49.333300,0.719238,1.427632,1.135678,-0.009844,0.000583,0.001939,0.001939,8,0,8,fixed,8,8,0,0,3.000000,4.000000
1001,logistic,8,2,25,0,0,2,2.217483,113.000000,0.277185,36,0.482460,36,0,0,0,0.482460,0.482460,0.000000,0.000000,0.482460,0.258284,0,0,1,0,36,10,34,113.000000,71.666700,49.333300,0.277207,0.477878,0.269266,0.000583,0.013485,0.010710,0.013485,8,0,8,fixed,8,8,0,0,3.000000,4.000000
1001,logistic,8,2,26,0,0,2,2.217494,113.000000,0.277187,36,0.482460,36,0,0,0,0.482460,0.482460,0.000000,0.000000,0.482460,0.258284,0,0,1,0,36,10,34,113.000000,71.666700,49.333300,0.277207,0.477878,0.269267,0.000583,0.013485,0.010710,0.013485,8,0,8,fixed,8,8,0,0,3.000000,4.000000
1001,logistic,8,2,27,0,0,2,2.217424,113.000000,0.277178,36,0.482460,36,0,0,0,0.482460,0.482460,0.000000,0.000000,0.482460,0.258284,0,0,1,0,36,10,34,113.000000,71.666700,49.333300,0.277207,0.477878,0.269259,0.000583,0.013485,0.010710,0.013485,8,0,8,fixed,8,8,0,0,3.000000,4.000000
1001,logistic,8,2,28,2,2,4,0.000000,49.333300,0.810811,34,0.482460,36,0,2,0,0.482460,0.482460,0.000000,0.000000,0.482460,0.258284,0,0,1,-1,36,10,34,113.000000,71.666700,49.333300,0.353982,0.558139,0.810811,-0.014119,-0.003099,0.000583,0.000000,8,0,8,fixed,8,8,0,0,3.000000,4.000000
1001,logistic,8,2,29,0,0,2,2.217459,113.000000,0.277182,36,0.482460,36,0,0,0,0.482460,0.482460,0.000000,0.000000,0.482460,0.258284,0,0,1,0,36,10,34,113.000000,71.666700,49.333300,0.277207,0.477878,0.269263,0.000583,0.013485,0.010710,0.013485,8,0,8,fixed,8,8,0,0,3.000000,4.000000
1001,logistic,8,2,30,2,2,4,0.000000,49.333300,0.810811,34,0.482460,36,0,2,0,0.482460,0.482460,0.000000,0.000000,0.482460,0.258284,0,0,1,-1,36,10,34,113.000000,71.666700,49.333300,0.353982,0.558139,0.810811,-0.014119,-0.003099,0.000583,0.000000,8,0,8,fixed,8,8,0,0,3.000000,4.000000
1001,logistic,8,2,31,2,2,3,0.000000,49.333300,2.027028,34,0.482460,36,0,2,0,0.482460,0.482460,0.000000,0.000000,0.482460,0.258284,0,0,1,1,36,10,34,113.000000,71.666700,49.333300,0.884956,1.395348,2.027028,-0.011486,-0.002134,0.000583,0.000000,8,0,8,fixed,8,8,0,0,3.000000,4.000000
1001,logistic,8,2,32,0,0,2,2.217470,113.000000,0.277184,36,0.482460,36,0,0,0,0.482460,0.482460,0.000000,0.000000,0.482460,0.258284,0,0,1,0,36,10,34,113.000000,71.666700,49.333300,0.277207,0.477878,0.269264,0.000583,0.013485,0.010710,0.013485,8,0,8,fixed,8,8,0,0,3.000000,4.000000
1001,logistic,8,2,33,2,2,4,0.000000,49.333300,0.810811,34,0.482460,36,0,2,0,0.482460,0.482460,0.000000,0.000000,0.482460,0.258284,0,0,1,-1,36,10,34,113.000000,71.666700,49.333300,0.353982,0.558139,0.810811,-0.014119,-0.003099,0.000583,0.000000,8,0,8,fixed,8,8,0,0,3.000000,4.000000
1001,logistic,8,2,34,0,0,2,2.217458,113.000000,0.277182,36,0.482460,36,0,0,0,0.482460,0.482460,0.000000,0.000000,0.482460,0.258284,0,0,1,0,36,10,34,113.000000,71.666700,49.333300,0.277207,0.477878,0.269263,0.000583,0.013485,0.010710,0.013485,8,0,8,fixed,8,8,0,0,3.000000,4.000000
1001,logistic,8,2,35,0,0,2,2.217434,113.000000,0.277179,36,0.482460,36,0,0,0,0.482460,0.482460,0.000000,0.000000,0.482460,0.258284,0,0,1,0,36,10,34,113.000000,71.666700,49.333300,0.277207,0.477878,0.269260,0.000583,0.013485,0.010710,0.013485,8,0,8,fixed,8,8,0,0,3.000000,4.000000
1001,logistic,8,2,36,2,2,4,0.000000,49.333300,0.810811,34,0.482460,36,0,2,0,0.482460,0.482460,0.000000,0.000000,0.482460,0.258284,0,0,1,-1,36,10,34,113.000000,71.666700,49.333300,0.353982,0.558139,0.810811,-0.014119,-0.003099,0.000583,0.000000,8,0,8,fixed,8,8,0,0,3.000000,4.000000
1001,logistic,8,2,37,0,0,2,2.217446,113.000000,0.277181,36,0.482460,36,0,0,0,0.482460,0.482460,0.000000,0.000000,0.482460,0.258284,0,0,1,0,36,10,34,113.000000,71.666700,49.333300,0.277207,0.477878,0.269261,0.000583,0.013485,0.010710,0.013485,8,0,8,fixed,8,8,0,0,3.000000,4.000000
1001,logistic,8,2,38,1,1,1,4.853482,71.666700,1.617827,10,0.482460,36,0,1,0,0.482460,0.482460,0.000000,0.000000,0.482460,0.258284,0,0,1,-1,36,10,34,113.000000,71.666700,49.333300,0.719238,1.377771,1.571604,-0.009780,0.000583,0.002723,0.002723,8,0,8,fixed,8,8,0,0,3.000000,4.000000
1001,logistic,8,2,39,2,2,4,0.000000,49.333300,0.810811,34,0.482460,36,0,2,0,0.482460,0.482460,0.000000,0.000000,0.482460,0.258284,0,0,1,-1,36,10,34,113.000000,71.666700,49.333300,0.353982,0.558139,0.810811,-0.014119,-0.003099,0.000583,0.000000,8,0,8,fixed,8,8,0,0,3.000000,4.000000
1001,logistic,8,2,40,2,2,4,0.000000,49.333300,0.810811,34,0.482460,36,0,2,0,0.482460,0.482460,0.000000,0.000000,0.482460,0.258284,0,0,1,-1,36,10,34,113.000000,71.666700,49.333300,0.353982,0.558139,0.810811,-0.014119,-0.003099,0.000583,0.000000,8,0,8,fixed,8,8,0,0,3.000000,4.000000
1001,logistic,8,2,41,2,2,3,0.000000,49.333300,2.027028,34,0.482460,36,0,2,0,0.482460,0.482460,0.000000,0.000000,0.482460,0.258284,0,0,1,1,36,10,34,113.000000,71.666700,49.333300,0.884956,1.395348,2.027028,-0.011486,-0.002134,0.000583,0.000000,8,0,8,fixed,8,8,0,0,3.000000,4.000000
1001,logistic,8,2,42,0,0,2,2.218564,113.000000,0.277321,36,0.482460,36,0,0,0,0.482460,0.482460,0.000000,0.000000,0.482460,0.258284,0,0,1,0,36,10,34,113.000000,71.666700,49.333300,0.277203,0.477878,0.269397,0.000583,0.013485,0.010716,0.013485,8,0,8,fixed,8,8,0,0,3.000000,4.000000
1001,logistic,8,2,43,0,0,2,2.218576,113.000000,0.277322,36,0.482460,36,0,0,0,0.482460,0.482460,0.000000,0.000000,0.482460,0.258284,0,0,1,0,36,10,34,113.000000,71.666700,49.333300,0.277203,0.477878,0.269398,0.000583,0.013485,0.010716,0.013485,8,0,8,fixed,8,8,0,0,3.000000,4.000000
1001,logistic,8,2,44,1,1,1,4.939063,71.666700,1.646354,10,0.482460,36,0,1,0,0.482460,0.482460,0.000000,0.000000,0.482460,0.258284,0,0,1,-1,36,10,34,113.000000,71.666700,49.333300,0.719238,1.374601,1.599316,-0.009776,0.000583,0.002760,0.002760,8,0,8,fixed,8,8,0,0,3.000000,4.000000
1001,logistic,8,2,45,2,2,4,0.000000,49.333300,0.810811,34,0.482460,36,0,2,0,0.482460,0.482460,0.000000,0.000000,0.482460,0.258284,0,0,1,-1,36,10,34,113.000000,71.666700,49.333300,0.353982,0.558139,0.810811,-0.014119,-0.003099,0.000583,0.000000,8,0,8,fixed,8,8,0,0,3.000000,4.000000
1001,logistic,8,2,46,2,2,3,0.000000,49.333300,2.027028,34,0.482460,36,0,2,0,0.482460,0.482460,0.000000,0.000000,0.482460,0.258284,0,0,1,1,36,10,34,113.000000,71.666700,49.333300,0.884956,1.395348,2.027028,-0.011486,-0.002134,0.000583,0.000000,8,0,8,fixed,8,8,0,0,3.000000,4.000000
1001,logistic,8,2,47,0,0,2,2.219609,113.000000,0.277451,36,0.482460,36,0,0,0,0.482460,0.482460,0.000000,0.000000,0.482460,0.258284,0,0,1,0,36,10,34,113.000000,71.666700,49.333300,0.277199,0.477878,0.269524,0.000583,0.013485,0.010721,0.013485,8,0,8,fixed,8,8,0,0,3.000000,4.000000
1001,logistic,8,2,48,2,2,3,0.000000,49.333300,2.027028,34,0.482460,36,0,2,0,0.482460,0.482460,0.000000,0.000000,0.482460,0.258284,0,0,1,1,36,10,34,113.000000,71.666700,49.333300,0.884956,1.395348,2.027028,-0.011486,-0.002134,0.000583,0.000000,8,0,8,fixed,8,8,0,0,3.000000,4.000000
1001,logistic,8,2,49,2,2,3,0.000000,49.333300,2.027028,34,0.482460,36,0,2,0,0.482460,0.482460,0.000000,0.000000,0.482460,0.258284,0,0,1,1,36,10,34,113.000000,71.666700,49.333300,0.884956,1.395348,2.027028,-0.011486,-0.002134,0.000583,0.000000,8,0,8,fixed,8,8,0,0,3.000000,4.000000
1001,logistic,8,2,50,2,2,3,0.000000,49.333300,2.027028,34,0.482460,36,0,2,0,0.482460,0.482460,0.000000,0.000000,0.482460,0.258284,0,0,1,1,36,10,34,113.000000,71.666700,49.333300,0.884956,1.395348,2.027028,-0.011486,-0.002134,0.000583,0.000000,8,0,8,fixed,8,8,0,0,3.000000,4.000000
1001,logistic,8,2,51,0,0,2,2.217412,113.000000,0.277176,36,0.482460,36,0,0,0,0.482460,0.482460,0.000000,0.000000,0.482460,0.258284,0,0,1,0,36,10,34,113.000000,71.666700,49.333300,0.277207,0.477878,0.269257,0.000583,0.013485,0.010710,0.013485,8,0,8,fixed,8,8,0,0,3.000000,4.000000
1001,logistic,8,2,52,2,2,4,0.000000,49.333300,0.810811,34,0.482460,36,0,2,0,0.482460,0.482460,0.000000,0.000000,0.482460,0.258284,0,0,1,-1,36,10,34,113.000000,71.666700,49.333300,0.353982,0.558139,0.810811,-0.014119,-0.003099,0.000583,0.000000,8,0,8,fixed,8,8,0,0,3.000000,4.000000
1001,logistic,8,2,53,1,1,1,3.507242,71.666700,1.169081,10,0.482460,36,0,1,0,0.482460,0.482460,0.000000,0.000000,0.482460,0.258284,0,0,1,-1,36,10,34,113.000000,71.666700,49.333300,0.719238,1.427632,1.135678,-0.009844,0.000583,0.001939,0.001939,8,0,8,fixed,8,8,0,0,3.000000,4.000000
1001,logistic,8,2,54,0,0,2,2.217423,113.000000,0.277178,36,0.482460,36,0,0,0,0.482460,0.482460,0.000000,0.000000,0.482460,0.258284,0,0,1,0,36,10,34,113.000000,71.666700,49.333300,0.277207,0.477878,0.269259,0.000583,0.013485,0.010710,0.013485,8,0,8,fixed,8,8,0,0,3.000000,4.000000
1001,logistic,8,2,55,2,2,3,0.000000,49.333300,2.027028,34,0.482460,36,0,2,0,0.482460,0.482460,0.000000,0.000000,0.482460,0.258284,0,0,1,1,36,10,34,113.000000,71.666700,49.333300,0.884956,1.395348,2.027028,-0.011486,-0.002134,0.000583,0.000000,8,0,8,fixed,8,8,0,0,3.000000,4.000000
1001,logistic,8,2,56,0,0,2,2.219633,113.000000,0.277454,36,0.482460,36,0,0,0,0.482460,0.482460,0.000000,0.000000,0.482460,0.258284,0,0,1,0,36,10,34,113.000000,71.666700,49.333300,0.277199,0.477878,0.269527,0.000583,0.013485,0.010721,0.013485,8,0,8,fixed,8,8,0,0,3.000000,4.000000
1001,logistic,8,2,57,1,1,1,4.882140,71.666700,1.627380,10,0.482460,36,0,1,0,0.482460,0.482460,0.000000,0.000000,0.482460,0.258284,0,0,1,-1,36,10,34,113.000000,71.666700,49.333300,0.719238,1.376710,1.580884,-0.009778,0.000583,0.002736,0.002736,8,0,8,fixed,8,8,0,0,3.000000,4.000000
1001,logistic,8,2,58,0,0,2,2.217423,113.000000,0.277178,36,0.482460,36,0,0,0,0.482460,0.482460,0.000000,0.000000,0.482460,0.258284,0,0,1,0,36,10,34,113.000000,71.666700,49.333300,0.277207,0.477878,0.269259,0.000583,0.013485,0.010710,0.013485,8,0,8,fixed,8,8,0,0,3.000000,4.000000
1001,logistic,8,2,59,2,2,4,0.000000,49.333300,0.810811,34,0.482460,36,0,2,0,0.482460,0.482460,0.000000,0.000000,0.482460,0.258284,0,0,1,-1,36,10,34,113.000000,71.666700,49.333300,0.353982,0.558139,0.810811,-0.014119,-0.003099,0.000583,0.000000,8,0,8,fixed,8,8,0,0,3.000000,4.000000
1001,logistic,8,2,60,0,0,2,2.219621,113.000000,0.277453,36,0.482460,36,0,0,0,0.482460,0.482460,0.000000,0.000000,0.482460,0.258284,0,0,1,0,36,10,34,113.000000,71.666700,49.333300,0.277199,0.477878,0.269525,0.000583,0.013485,0.010721,0.013485,8,0,8,fixed,8,8,0,0,3.000000,4.000000
1001,logistic,8,2,61,2,2,3,0.000000,49.333300,2.027028,34,0.482460,36,0,2,0,0.482460,0.482460,0.000000,0.000000,0.482460,0.258284,0,0,1,1,36,10,34,113.000000,71.666700,49.333300,0.884956,1.395348,2.027028,-0.011486,-0.002134,0.000583,0.000000,8,0,8,fixed,8,8,0,0,3.000000,4.000000
1001,logistic,8,2,62,0,0,2,2.217435,113.000000,0.277179,36,0.482460,36,0,0,0,0.482460,0.482460,0.000000,0.000000,0.482460,0.258284,0,0,1,0,36,10,34,113.000000,71.666700,49.333300,0.277207,0.477878,0.269260,0.000583,0.013485,0.010710,0.013485,8,0,8,fixed,8,8,0,0,3.000000,4.000000
1001,logistic,8,2,63,2,2,4,0.000000,49.333300,0.810811,34,0.482460,36,0,2,0,0.482460,0.482460,0.000000,0.000000,0.482460,0.258284,0,0,1,-1,36,10,34,113.000000,71.666700,49.333300,0.353982,0.558139,0.810811,-0.014119,-0.003099,0.000583,0.000000,8,0,8,fixed,8,8,0,0,3.000000,4.000000
1001,logistic,8,2,64,0,0,2,2.217518,113.000000,0.277190,36,0.482460,36,0,0,0,0.482460,0.482460,0.000000,0.000000,0.482460,0.258284,0,0,1,0,36,10,34,113.000000,71.666700,49.333300,0.277207,0.477878,0.269270,0.000583,0.013485,0.010710,0.013485,8,0,8,fixed,8,8,0,0,3.000000,4.000000
1001,logistic,8,2,65,2,2,3,0.000000,49.333300,2.027028,34,0.482460,36,0,2,0,0.482460,0.482460,0.000000,0.000000,0.482460,0.258284,0,0,1,1,36,10,34,113.000000,71.666700,49.333300,0.884956,1.395348,2.027028,-0.011486,-0.002134,0.000583,0.000000,8,0,8,fixed,8,8,0,0,3.000000,4.000000
1001,logistic,8,2,66,2,2,4,0.000000,49.333300,0.810811,34,0.482460,36,0,2,0,0.482460,0.482460,0.000000,0.000000,0.482460,0.258284,0,0,1,-1,36,10,34,113.000000,71.666700,49.333300,0.353982,0.558139,0.810811,-0.014119,-0.003099,0.000583,0.000000,8,0,8,fixed,8,8,0,0,3.000000,4.000000
1001,logistic,8,2,67,0,0,2,2.218586,113.000000,0.277323,36,0.482460,36,0,0,0,0.482460,0.482460,0.000000,0.000000,0.482460,0.258284,0,0,1,0,36,10,34,113.000000,71.666700,49.333300,0.277203,0.477878,0.269400,0.000583,0.013485,0.010716,0.013485,8,0,8,fixed,8,8,0,0,3.000000,4.000000
1001,logistic,8,2,68,2,2,4,0.000000,49.333300,0.810811,34,0.482460,36,0,2,0,0.482460,0.482460,0.000000,0.000000,0.482460,0.258284,0,0,1,-1,36,10,34,113.000000,71.666700,49.333300,0.353982,0.558139,0.810811,-0.014119,-0.003099,0.000583,0.000000,8,0,8,fixed,8,8,0,0,3.000000,4.000000
1001,logistic,8,2,69,0,0,2,2.218563,113.000000,0.277320,36,0.482460,36,0,0,0,0.482460,0.482460,0.000000,0.000000,0.482460,0.258284,0,0,1,0,36,10,34,113.000000,71.666700,49.333300,0.277203,0.477878,0.269397,0.000583,0.013485,0.010716,0.013485,8,0,8,fixed,8,8,0,0,3.000000,4.000000
1001,logistic,8,2,70,2,2,4,0.000000,49.333300,0.810811,34,0.482460,36,0,2,0,0.482460,0.482460,0.000000,0.000000,0.482460,0.258284,0,0,1,-1,36,10,34,113.000000,71.666700,49.333300,0.353982,0.558139,0.810811,-0.014119,-0.003099,0.000583,0.000000,8,0,8,fixed,8,8,0,0,3.000000,4.000000
1001,logistic,8,2,71,0,0,2,2.217424,113.000000,0.277178,36,0.482460,36,0,0,0,0.482460,0.482460,0.000000,0.000000,0.482460,0.258284,0,0,1,0,36,10,34,113.000000,71.666700,49.333300,0.277207,0.477878,0.269259,0.000583,0.013485,0.010710,0.013485,8,0,8,fixed,8,8,0,0,3.000000,4.000000
1001,logistic,8,2,72,2,2,3,0.000000,49.333300,2.027028,34,0.482460,36,0,2,0,0.482460,0.482460,0.000000,0.000000,0.482460,0.258284,0,0,1,1,36,10,34,113.000000,71.666700,49.333300,0.884956,1.395348,2.027028,-0.011486,-0.002134,0.000583,0.000000,8,0,8,fixed,8,8,0,0,3.000000,4.000000
1001,logistic,8,2,73,0,0,2,2.217495,113.000000,0.277187,36,0.482460,36,0,0,0,0.482460,0.482460,0.000000,0.000000,0.482460,0.258284,0,0,1,0,36,10,34,113.000000,71.666700,49.333300,0.277207,0.477878,0.269267,0.000583,0.013485,0.010710,0.013485,8,0,8,fixed,8,8,0,0,3.000000,4.000000
1001,logistic,8,2,74,2,2,4,0.000000,49.333300,0.810811,34,0.482460,36,0,2,0,0.482460,0.482460,0.000000,0.000000,0.482460,0.258284,0,0,1,-1,36,10,34,113.000000,71.666700,49.333300,0.353982,0.558139,0.810811,-0.014119,-0.003099,0.000583,0.000000,8,0,8,fixed,8,8,0,0,3.000000,4.000000
1001,logistic,8,2,75,0,0,2,2.218553,113.000000,0.277319,36,0.482460,36,0,0,0,0.482460,0.482460,0.000000,0.000000,0.482460,0.258284,0,0,1,0,36,10,34,113.000000,71.666700,49.333300,0.277203,0.477878,0.269396,0.000583,0.013485,0.010716,0.013485,8,0,8,fixed,8,8,0,0,3.000000,4.000000
1001,logistic,8,2,76,1,1,1,3.506631,71.666700,1.168877,10,0.482460,36,0,1,0,0.482460,0.482460,0.000000,0.000000,0.482460,0.258284,0,0,1,-1,36,10,34,113.000000,71.666700,49.333300,0.719238,1.427654,1.135480,-0.009844,0.000583,0.001938,0.001938,8,0,8,fixed,8,8,0,0,3.000000,4.000000
1001,logistic,8,2,77,2,2,3,0.000000,49.333300,2.027028,34,0.482460,36,0,2,0,0.482460,0.482460,0.000000,0.000000,0.482460,0.258284,0,0,1,1,36,10,34,113.000000,71.666700,49.333300,0.884956,1.395348,2.027028,-0.011486,-0.002134,0.000583,0.000000,8,0,8,fixed,8,8,0,0,3.000000,4.000000
1001,logistic,8,2,78,2,2,3,0.000000,49.333300,2.027028,34,0.482460,36,0,2,0,0.482460,0.482460,0.000000,0.000000,0.482460,0.258284,0,0,1,1,36,10,34,113.000000,71.666700,49.333300,0.884956,1.395348,2.027028,-0.011486,-0.002134,0.000583,0.000000,8,0,8,fixed,8,8,0,0,3.000000,4.000000
1001,logistic,8,2,79,0,0,2,2.218587,113.000000,0.277323,36,0.482460,36,0,0,0,0.482460,0.482460,0.000000,0.000000,0.482460,0.258284,0,0,1,0,36,10,34,113.000000,71.666700,49.333300,0.277203,0.477878,0.269400,0.000583,0.013485,0.010716,0.013485,8,0,8,fixed,8,8,0,0,3.000000,4.000000
1001,logistic,8,2,80,0,0,2,2.218623,113.000000,0.277328,36,0.482460,36,0,0,0,0.482460,0.482460,0.000000,0.000000,0.482460,0.258284,0,0,1,0,36,10,34,113.000000,71.666700,49.333300,0.277203,0.477878,0.269404,0.000583,0.013485,0.010716,0.013485,8,0,8,fixed,8,8,0,0,3.000000,4.000000
