snapshot,cycle_id,function,call_count,total_wall_ms,mean_wall_ms,max_wall_ms
after_init,0,NetSim::Init,1,5.345400,5.345400,5.345400
after_init,0,NetSim::constructor,1,0.107171,0.107171,0.107171
run_start,0,FlowMonitorHelper::Install,1,0.354575,0.354575,0.354575
run_start,0,NetSim::BuildTerminalIpMap,1,0.000383,0.000383,0.000383
run_start,0,NetSim::Configure,1,0.010298,0.010298,0.010298
run_start,0,NetSim::ConfigureCycleParameters,1,0.001830,0.001830,0.001830
run_start,0,NetSim::ConfigureDataLinkLayer,1,7.192996,7.192996,7.192996
run_start,0,NetSim::ConfigureNetworkLayer,1,1.904349,1.904349,1.904349
run_start,0,NetSim::ConfigureNrForAp0,1,1.835255,1.835255,1.835255
run_start,0,NetSim::ConfigureNrIpAfterNetwork,1,0.239723,0.239723,0.239723
run_start,0,NetSim::ConfigureWifiForAP1,1,3.367127,3.367127,3.367127
run_start,0,NetSim::ConfigureWifiForAP2,1,1.577453,1.577453,1.577453
run_start,0,NetSim::CreateNetworkTopology,1,0.070199,0.070199,0.070199
run_start,0,NetSim::Init,1,5.345400,5.345400,5.345400
run_start,0,NetSim::SetAppLayer,1,2.561083,2.561083,2.561083
run_start,0,NetSim::constructor,1,0.107171,0.107171,0.107171
cycle_end,1,FlowMonitor::CheckForLostPackets,14,7.887469,0.563391,1.071929
cycle_end,1,FlowMonitor::ReportFirstTx,60477,11.245120,0.000186,0.096180
cycle_end,1,FlowMonitor::ReportLastRx,40586,47.806465,0.001178,0.378047
cycle_end,1,FlowMonitor::ResetAllStats,1,0.005230,0.005230,0.005230
cycle_end,1,FlowMonitorHelper::Install,1,0.354575,0.354575,0.354575
cycle_end,1,IdealWifiManager::DoGetDataTxVector,44349,48.521259,0.001094,0.361849
cycle_end,1,InterferenceHelper::CalculatePayloadSnrPer,979983,639.824530,0.000653,0.486252
cycle_end,1,InterferenceHelper::CalculatePhyHeaderSnrPer,1421487,1111.949066,0.000782,0.523610
cycle_end,1,NetSim::BuildTerminalIpMap,1,0.000383,0.000383,0.000383
cycle_end,1,NetSim::CollectTerminalThroughput,1,1.150168,1.150168,1.150168
cycle_end,1,NetSim::Configure,1,0.010298,0.010298,0.010298
cycle_end,1,NetSim::ConfigureCycleParameters,1,0.001830,0.001830,0.001830
cycle_end,1,NetSim::ConfigureDataLinkLayer,1,7.192996,7.192996,7.192996
cycle_end,1,NetSim::ConfigureNetworkLayer,1,1.904349,1.904349,1.904349
cycle_end,1,NetSim::ConfigureNrForAp0,1,1.835255,1.835255,1.835255
cycle_end,1,NetSim::ConfigureNrIpAfterNetwork,1,0.239723,0.239723,0.239723
cycle_end,1,NetSim::ConfigureWifiForAP1,1,3.367127,3.367127,3.367127
cycle_end,1,NetSim::ConfigureWifiForAP2,1,1.577453,1.577453,1.577453
cycle_end,1,NetSim::CreateNetworkTopology,1,0.070199,0.070199,0.070199
cycle_end,1,NetSim::Init,1,5.345400,5.345400,5.345400
cycle_end,1,NetSim::ResetTerminalFlowStats,1,0.005697,0.005697,0.005697
cycle_end,1,NetSim::SetAppLayer,1,2.561083,2.561083,2.561083
cycle_end,1,NetSim::constructor,1,0.107171,0.107171,0.107171
cycle_end,1,NrAmc::CalculateTbSize,57895,2.038493,0.000035,0.002768
cycle_end,1,NrMacSchedulerOfdma::AssignDLRBG,636,9.034143,0.014205,0.156509
cycle_end,1,NrMacSchedulerOfdma::AssignULRBG,629,2.227486,0.003541,0.021292
cycle_end,1,SpectrumWifiPhy::StartRx,968077,16978.125566,0.017538,1.899091
cycle_end,1,ThreeGppChannelModel::GenerateChannelParameters,66,2.933695,0.044450,0.277135
cycle_end,1,ThreeGppChannelModel::GetChannel,77880,67.918385,0.000872,0.924808
cycle_end,1,ThreeGppChannelModel::GetNewChannel,132,21.674585,0.164201,0.789713
cycle_end,1,ThreeGppSpectrumPropagationLossModel::CalcBeamformingGain,77880,756.445650,0.009713,0.977637
cycle_end,1,ThreeGppSpectrumPropagationLossModel::DoCalcRxPowerSpectralDensity,77880,877.258600,0.011264,1.117244
cycle_end,1,ThreeGppSpectrumPropagationLossModel::GenSpectrumChannelMatrix,77880,379.731186,0.004876,0.469779
cycle_end,1,ThreeGppSpectrumPropagationLossModel::GetLongTerm,77880,27.349110,0.000351,0.089859
cycle_end,2,FlowMonitor::CheckForLostPackets,24,16.193772,0.674740,1.276917
cycle_end,2,FlowMonitor::ReportFirstTx,107800,21.093959,0.000196,0.096180
cycle_end,2,FlowMonitor::ReportLastRx,84866,95.353047,0.001124,0.378047
cycle_end,2,FlowMonitor::ResetAllStats,3,0.010948,0.003649,0.005230
cycle_end,2,FlowMonitorHelper::Install,1,0.354575,0.354575,0.354575
cycle_end,2,IdealWifiManager::DoGetDataTxVector,71308,86.688674,0.001216,0.361849
cycle_end,2,InterferenceHelper::CalculatePayloadSnrPer,1599821,1116.892052,0.000698,0.622892
cycle_end,2,InterferenceHelper::CalculatePhyHeaderSnrPer,2317756,1896.573202,0.000818,0.523825
cycle_end,2,NetSim::ApplyHandoverBatch,1,1.521987,1.521987,1.521987
cycle_end,2,NetSim::BuildTerminalIpMap,2,0.000573,0.000286,0.000383
cycle_end,2,NetSim::CollectTerminalThroughput,2,1.668610,0.834305,1.150168
cycle_end,2,NetSim::Configure,1,0.010298,0.010298,0.010298
cycle_end,2,NetSim::ConfigureCycleParameters,1,0.001830,0.001830,0.001830
cycle_end,2,NetSim::ConfigureDataLinkLayer,1,7.192996,7.192996,7.192996
cycle_end,2,NetSim::ConfigureNetworkLayer,1,1.904349,1.904349,1.904349
cycle_end,2,NetSim::ConfigureNrForAp0,1,1.835255,1.835255,1.835255
cycle_end,2,NetSim::ConfigureNrIpAfterNetwork,1,0.239723,0.239723,0.239723
cycle_end,2,NetSim::ConfigureWifiForAP1,1,3.367127,3.367127,3.367127
cycle_end,2,NetSim::ConfigureWifiForAP2,1,1.577453,1.577453,1.577453
cycle_end,2,NetSim::CreateNetworkTopology,1,0.070199,0.070199,0.070199
cycle_end,2,NetSim::HandoverRequest,2,1.523082,0.761541,1.522915
cycle_end,2,NetSim::Init,1,5.345400,5.345400,5.345400
cycle_end,2,NetSim::NrToWifiHandover,1,0.019799,0.019799,0.019799
cycle_end,2,NetSim::RebindTerminalApps,8,1.498064,0.187258,0.373291
cycle_end,2,NetSim::ResetTerminalFlowStats,2,0.012116,0.006058,0.006419
cycle_end,2,NetSim::SetAppLayer,1,2.561083,2.561083,2.561083
cycle_end,2,NetSim::WifiToNrHandover,5,0.863332,0.172666,0.375167
cycle_end,2,NetSim::WifiToWifiHandover,2,0.634482,0.317241,0.317530
cycle_end,2,NetSim::constructor,1,0.107171,0.107171,0.107171
cycle_end,2,NrAmc::CalculateTbSize,565760,17.096713,0.000030,0.057977
cycle_end,2,NrMacSchedulerOfdma::AssignDLRBG,4758,81.183597,0.017063,0.510823
cycle_end,2,NrMacSchedulerOfdma::AssignULRBG,1729,7.019569,0.004060,0.053421
cycle_end,2,SpectrumWifiPhy::StartRx,1568666,29355.527134,0.018714,3.061882
cycle_end,2,ThreeGppChannelModel::GenerateChannelParameters,66,2.933695,0.044450,0.277135
cycle_end,2,ThreeGppChannelModel::GetChannel,316833,193.249838,0.000610,0.924808
cycle_end,2,ThreeGppChannelModel::GetNewChannel,132,21.674585,0.164201,0.789713
cycle_end,2,ThreeGppSpectrumPropagationLossModel::CalcBeamformingGain,316833,3098.812306,0.009781,0.977637
cycle_end,2,ThreeGppSpectrumPropagationLossModel::DoCalcRxPowerSpectralDensity,316833,3502.829582,0.011056,1.117244
cycle_end,2,ThreeGppSpectrumPropagationLossModel::GenSpectrumChannelMatrix,316833,1479.885407,0.004671,0.501320
cycle_end,2,ThreeGppSpectrumPropagationLossModel::GetLongTerm,316833,112.195468,0.000354,0.164876
cycle_end,3,FlowMonitor::CheckForLostPackets,35,19.580354,0.559439,1.276917
cycle_end,3,FlowMonitor::ReportFirstTx,154509,30.764019,0.000199,0.096180
cycle_end,3,FlowMonitor::ReportLastRx,129796,130.829847,0.001008,0.378047
cycle_end,3,FlowMonitor::ResetAllStats,5,0.019389,0.003878,0.005593
cycle_end,3,FlowMonitorHelper::Install,1,0.354575,0.354575,0.354575
cycle_end,3,IdealWifiManager::DoGetDataTxVector,83763,112.511332,0.001343,0.361849
cycle_end,3,InterferenceHelper::CalculatePayloadSnrPer,1872005,1333.103534,0.000712,0.622892
cycle_end,3,InterferenceHelper::CalculatePhyHeaderSnrPer,2704225,2277.616976,0.000842,0.523825
cycle_end,3,NetSim::ApplyHandoverBatch,2,2.868631,1.434315,1.521987
cycle_end,3,NetSim::BuildTerminalIpMap,3,0.000722,0.000241,0.000383
cycle_end,3,NetSim::CollectTerminalThroughput,3,2.032385,0.677462,1.150168
cycle_end,3,NetSim::Configure,1,0.010298,0.010298,0.010298
cycle_end,3,NetSim::ConfigureCycleParameters,1,0.001830,0.001830,0.001830
cycle_end,3,NetSim::ConfigureDataLinkLayer,1,7.192996,7.192996,7.192996
cycle_end,3,NetSim::ConfigureNetworkLayer,1,1.904349,1.904349,1.904349
cycle_end,3,NetSim::ConfigureNrForAp0,1,1.835255,1.835255,1.835255
cycle_end,3,NetSim::ConfigureNrIpAfterNetwork,1,0.239723,0.239723,0.239723
cycle_end,3,NetSim::ConfigureWifiForAP1,1,3.367127,3.367127,3.367127
cycle_end,3,NetSim::ConfigureWifiForAP2,1,1.577453,1.577453,1.577453
cycle_end,3,NetSim::CreateNetworkTopology,1,0.070199,0.070199,0.070199
cycle_end,3,NetSim::HandoverRequest,4,2.870745,0.717686,1.522915
cycle_end,3,NetSim::Init,1,5.345400,5.345400,5.345400
cycle_end,3,NetSim::NrToWifiHandover,4,0.277811,0.069453,0.177807
cycle_end,3,NetSim::RebindTerminalApps,16,2.818555,0.176160,0.422976
cycle_end,3,NetSim::ResetTerminalFlowStats,3,0.018803,0.006268,0.006687
cycle_end,3,NetSim::SetAppLayer,1,2.561083,2.561083,2.561083
cycle_end,3,NetSim::WifiToNrHandover,9,1.630387,0.181154,0.424267
cycle_end,3,NetSim::WifiToWifiHandover,3,0.949716,0.316572,0.317530
cycle_end,3,NetSim::constructor,1,0.107171,0.107171,0.107171
cycle_end,3,NrAmc::CalculateTbSize,1426738,40.277942,0.000028,0.087982
cycle_end,3,NrMacSchedulerOfdma::AssignDLRBG,12202,215.360143,0.017650,0.510823
cycle_end,3,NrMacSchedulerOfdma::AssignULRBG,2247,8.856733,0.003942,0.053421
cycle_end,3,SpectrumWifiPhy::StartRx,1837341,38172.423021,0.020776,3.061882
cycle_end,3,ThreeGppChannelModel::GenerateChannelParameters,66,2.933695,0.044450,0.277135
cycle_end,3,ThreeGppChannelModel::GetChannel,662728,343.932370,0.000519,0.924808
cycle_end,3,ThreeGppChannelModel::GetNewChannel,132,21.674585,0.164201,0.789713
cycle_end,3,ThreeGppSpectrumPropagationLossModel::CalcBeamformingGain,662728,6306.343391,0.009516,0.977637
cycle_end,3,ThreeGppSpectrumPropagationLossModel::DoCalcRxPowerSpectralDensity,662728,7055.216315,0.010646,1.117244
cycle_end,3,ThreeGppSpectrumPropagationLossModel::GenSpectrumChannelMatrix,662728,2936.446276,0.004431,0.501320
cycle_end,3,ThreeGppSpectrumPropagationLossModel::GetLongTerm,662728,213.175144,0.000322,0.164876
cycle_end,4,FlowMonitor::CheckForLostPackets,45,22.345939,0.496576,1.276917
cycle_end,4,FlowMonitor::ReportFirstTx,201583,40.688209,0.000202,0.096180
cycle_end,4,FlowMonitor::ReportLastRx,174194,177.428020,0.001019,0.378047
cycle_end,4,FlowMonitor::ResetAllStats,7,0.030129,0.004304,0.006064
cycle_end,4,FlowMonitorHelper::Install,1,0.354575,0.354575,0.354575
cycle_end,4,IdealWifiManager::DoGetDataTxVector,112477,152.222941,0.001353,0.361849
cycle_end,4,InterferenceHelper::CalculatePayloadSnrPer,2531901,1881.250660,0.000743,0.622892
cycle_end,4,InterferenceHelper::CalculatePhyHeaderSnrPer,3624725,3142.239139,0.000867,0.589097
cycle_end,4,NetSim::ApplyHandoverBatch,3,4.911243,1.637081,2.042612
cycle_end,4,NetSim::BuildTerminalIpMap,4,0.000947,0.000237,0.000383
cycle_end,4,NetSim::CollectTerminalThroughput,4,2.359725,0.589931,1.150168
cycle_end,4,NetSim::Configure,1,0.010298,0.010298,0.010298
cycle_end,4,NetSim::ConfigureCycleParameters,1,0.001830,0.001830,0.001830
cycle_end,4,NetSim::ConfigureDataLinkLayer,1,7.192996,7.192996,7.192996
cycle_end,4,NetSim::ConfigureNetworkLayer,1,1.904349,1.904349,1.904349
cycle_end,4,NetSim::ConfigureNrForAp0,1,1.835255,1.835255,1.835255
cycle_end,4,NetSim::ConfigureNrIpAfterNetwork,1,0.239723,0.239723,0.239723
cycle_end,4,NetSim::ConfigureWifiForAP1,1,3.367127,3.367127,3.367127
cycle_end,4,NetSim::ConfigureWifiForAP2,1,1.577453,1.577453,1.577453
cycle_end,4,NetSim::CreateNetworkTopology,1,0.070199,0.070199,0.070199
cycle_end,4,NetSim::HandoverRequest,6,4.915245,0.819207,2.044340
cycle_end,4,NetSim::Init,1,5.345400,5.345400,5.345400
cycle_end,4,NetSim::NrToWifiHandover,9,1.747643,0.194183,0.638064
cycle_end,4,NetSim::RebindTerminalApps,25,4.823339,0.192934,0.635705
cycle_end,4,NetSim::ResetTerminalFlowStats,4,0.026946,0.006736,0.008143
cycle_end,4,NetSim::SetAppLayer,1,2.561083,2.561083,2.561083
cycle_end,4,NetSim::WifiToNrHandover,10,2.030880,0.203088,0.424267
cycle_end,4,NetSim::WifiToWifiHandover,6,1.111602,0.185267,0.317530
cycle_end,4,NetSim::constructor,1,0.107171,0.107171,0.107171
cycle_end,4,NrAmc::CalculateTbSize,1765875,49.749979,0.000028,0.087982
cycle_end,4,NrMacSchedulerOfdma::AssignDLRBG,16000,277.616769,0.017351,0.510823
cycle_end,4,NrMacSchedulerOfdma::AssignULRBG,2287,9.057531,0.003960,0.053421
cycle_end,4,SpectrumWifiPhy::StartRx,2467619,57710.737133,0.023387,3.061882
cycle_end,4,ThreeGppChannelModel::GenerateChannelParameters,66,2.933695,0.044450,0.277135
cycle_end,4,ThreeGppChannelModel::GetChannel,808159,416.586348,0.000515,0.924808
cycle_end,4,ThreeGppChannelModel::GetNewChannel,132,21.674585,0.164201,0.789713
cycle_end,4,ThreeGppSpectrumPropagationLossModel::CalcBeamformingGain,808159,7630.485089,0.009442,0.977637
cycle_end,4,ThreeGppSpectrumPropagationLossModel::DoCalcRxPowerSpectralDensity,808159,8544.306448,0.010573,1.117244
cycle_end,4,ThreeGppSpectrumPropagationLossModel::GenSpectrumChannelMatrix,808159,3577.308687,0.004426,0.501320
cycle_end,4,ThreeGppSpectrumPropagationLossModel::GetLongTerm,808159,261.731753,0.000324,0.164876
cycle_end,5,FlowMonitor::CheckForLostPackets,56,25.656080,0.458144,1.276917
cycle_end,5,FlowMonitor::ReportFirstTx,247805,51.101274,0.000206,0.096180
cycle_end,5,FlowMonitor::ReportLastRx,218560,232.932070,0.001066,0.378047
cycle_end,5,FlowMonitor::ResetAllStats,9,0.047881,0.005320,0.012130
cycle_end,5,FlowMonitorHelper::Install,1,0.354575,0.354575,0.354575
cycle_end,5,IdealWifiManager::DoGetDataTxVector,147291,196.397199,0.001333,0.361849
cycle_end,5,InterferenceHelper::CalculatePayloadSnrPer,3330108,2508.714369,0.000753,0.622892
cycle_end,5,InterferenceHelper::CalculatePhyHeaderSnrPer,4760711,4153.799651,0.000873,0.666584
cycle_end,5,NetSim::ApplyHandoverBatch,4,6.369960,1.592490,2.042612
cycle_end,5,NetSim::BuildTerminalIpMap,5,0.001822,0.000364,0.000875
cycle_end,5,NetSim::CollectTerminalThroughput,5,2.834816,0.566963,1.150168
cycle_end,5,NetSim::Configure,1,0.010298,0.010298,0.010298
cycle_end,5,NetSim::ConfigureCycleParameters,1,0.001830,0.001830,0.001830
cycle_end,5,NetSim::ConfigureDataLinkLayer,1,7.192996,7.192996,7.192996
cycle_end,5,NetSim::ConfigureNetworkLayer,1,1.904349,1.904349,1.904349
cycle_end,5,NetSim::ConfigureNrForAp0,1,1.835255,1.835255,1.835255
cycle_end,5,NetSim::ConfigureNrIpAfterNetwork,1,0.239723,0.239723,0.239723
cycle_end,5,NetSim::ConfigureWifiForAP1,1,3.367127,3.367127,3.367127
cycle_end,5,NetSim::ConfigureWifiForAP2,1,1.577453,1.577453,1.577453
cycle_end,5,NetSim::CreateNetworkTopology,1,0.070199,0.070199,0.070199
cycle_end,5,NetSim::HandoverRequest,8,6.375142,0.796893,2.044340
cycle_end,5,NetSim::Init,1,5.345400,5.345400,5.345400
cycle_end,5,NetSim::NrToWifiHandover,11,2.416465,0.219679,0.638064
cycle_end,5,NetSim::RebindTerminalApps,32,6.239693,0.194990,0.635705
cycle_end,5,NetSim::ResetTerminalFlowStats,5,0.033844,0.006769,0.008143
cycle_end,5,NetSim::SetAppLayer,1,2.561083,2.561083,2.561083
cycle_end,5,NetSim::WifiToNrHandover,14,2.784012,0.198858,0.608767
cycle_end,5,NetSim::WifiToWifiHandover,7,1.129126,0.161304,0.317530
cycle_end,5,NetSim::constructor,1,0.107171,0.107171,0.107171
cycle_end,5,NrAmc::CalculateTbSize,2056873,58.303336,0.000028,0.087982
cycle_end,5,NrMacSchedulerOfdma::AssignDLRBG,18531,319.636152,0.017249,0.510823
cycle_end,5,NrMacSchedulerOfdma::AssignULRBG,3367,13.657979,0.004056,0.053421
cycle_end,5,SpectrumWifiPhy::StartRx,3234836,76696.335676,0.023709,3.061882
cycle_end,5,ThreeGppChannelModel::GenerateChannelParameters,66,2.933695,0.044450,0.277135
cycle_end,5,ThreeGppChannelModel::GetChannel,976591,502.587291,0.000515,0.924808
cycle_end,5,ThreeGppChannelModel::GetNewChannel,132,21.674585,0.164201,0.789713
cycle_end,5,ThreeGppSpectrumPropagationLossModel::CalcBeamformingGain,976591,9203.217114,0.009424,0.977637
cycle_end,5,ThreeGppSpectrumPropagationLossModel::DoCalcRxPowerSpectralDensity,976591,10312.069619,0.010559,1.117244
cycle_end,5,ThreeGppSpectrumPropagationLossModel::GenSpectrumChannelMatrix,976591,4331.118185,0.004435,0.501320
cycle_end,5,ThreeGppSpectrumPropagationLossModel::GetLongTerm,976591,320.099585,0.000328,0.164876
run_end,0,FlowMonitor::CheckForLostPackets,61,27.203224,0.445954,1.276917
run_end,0,FlowMonitor::ReportFirstTx,272792,57.183788,0.000210,0.096180
run_end,0,FlowMonitor::ReportLastRx,242291,261.776840,0.001080,0.378047
run_end,0,FlowMonitor::ResetAllStats,9,0.047881,0.005320,0.012130
run_end,0,FlowMonitorHelper::Install,1,0.354575,0.354575,0.354575
run_end,0,IdealWifiManager::DoGetDataTxVector,165998,218.990080,0.001319,0.361849
run_end,0,InterferenceHelper::CalculatePayloadSnrPer,3758548,2840.174775,0.000756,0.622892
run_end,0,InterferenceHelper::CalculatePhyHeaderSnrPer,5371108,4689.863211,0.000873,0.711686
run_end,0,NetSim::ApplyHandoverBatch,4,6.369960,1.592490,2.042612
run_end,0,NetSim::BuildTerminalIpMap,5,0.001822,0.000364,0.000875
run_end,0,NetSim::CollectTerminalThroughput,5,2.834816,0.566963,1.150168
run_end,0,NetSim::Configure,1,0.010298,0.010298,0.010298
run_end,0,NetSim::ConfigureCycleParameters,1,0.001830,0.001830,0.001830
run_end,0,NetSim::ConfigureDataLinkLayer,1,7.192996,7.192996,7.192996
run_end,0,NetSim::ConfigureNetworkLayer,1,1.904349,1.904349,1.904349
run_end,0,NetSim::ConfigureNrForAp0,1,1.835255,1.835255,1.835255
run_end,0,NetSim::ConfigureNrIpAfterNetwork,1,0.239723,0.239723,0.239723
run_end,0,NetSim::ConfigureWifiForAP1,1,3.367127,3.367127,3.367127
run_end,0,NetSim::ConfigureWifiForAP2,1,1.577453,1.577453,1.577453
run_end,0,NetSim::CreateNetworkTopology,1,0.070199,0.070199,0.070199
run_end,0,NetSim::HandoverRequest,8,6.375142,0.796893,2.044340
run_end,0,NetSim::Init,1,5.345400,5.345400,5.345400
run_end,0,NetSim::NrToWifiHandover,11,2.416465,0.219679,0.638064
run_end,0,NetSim::RebindTerminalApps,32,6.239693,0.194990,0.635705
run_end,0,NetSim::ResetTerminalFlowStats,5,0.033844,0.006769,0.008143
run_end,0,NetSim::SetAppLayer,1,2.561083,2.561083,2.561083
run_end,0,NetSim::WifiToNrHandover,14,2.784012,0.198858,0.608767
run_end,0,NetSim::WifiToWifiHandover,7,1.129126,0.161304,0.317530
run_end,0,NetSim::constructor,1,0.107171,0.107171,0.107171
run_end,0,NrAmc::CalculateTbSize,2210356,62.727114,0.000028,0.087982
run_end,0,NrMacSchedulerOfdma::AssignDLRBG,19864,340.213929,0.017127,0.510823
run_end,0,NrMacSchedulerOfdma::AssignULRBG,3936,16.042623,0.004076,0.161509
run_end,0,Simulator::Run,1,235002.246963,235002.246963,235002.246963
run_end,0,SpectrumWifiPhy::StartRx,3647303,86723.660565,0.023777,3.061882
run_end,0,ThreeGppChannelModel::GenerateChannelParameters,66,2.933695,0.044450,0.277135
run_end,0,ThreeGppChannelModel::GetChannel,1067022,545.585261,0.000511,0.924808
run_end,0,ThreeGppChannelModel::GetNewChannel,132,21.674585,0.164201,0.789713
run_end,0,ThreeGppSpectrumPropagationLossModel::CalcBeamformingGain,1067022,10028.906929,0.009399,0.977637
run_end,0,ThreeGppSpectrumPropagationLossModel::DoCalcRxPowerSpectralDensity,1067022,11236.010942,0.010530,1.117244
run_end,0,ThreeGppSpectrumPropagationLossModel::GenSpectrumChannelMatrix,1067022,4721.281699,0.004425,0.501320
run_end,0,ThreeGppSpectrumPropagationLossModel::GetLongTerm,1067022,348.832544,0.000327,0.164876
after_destroy,0,FlowMonitor::CheckForLostPackets,61,27.203224,0.445954,1.276917
after_destroy,0,FlowMonitor::ReportFirstTx,272792,57.183788,0.000210,0.096180
after_destroy,0,FlowMonitor::ReportLastRx,242291,261.776840,0.001080,0.378047
after_destroy,0,FlowMonitor::ResetAllStats,9,0.047881,0.005320,0.012130
after_destroy,0,FlowMonitorHelper::Install,1,0.354575,0.354575,0.354575
after_destroy,0,IdealWifiManager::DoGetDataTxVector,165998,218.990080,0.001319,0.361849
after_destroy,0,InterferenceHelper::CalculatePayloadSnrPer,3758548,2840.174775,0.000756,0.622892
after_destroy,0,InterferenceHelper::CalculatePhyHeaderSnrPer,5371108,4689.863211,0.000873,0.711686
after_destroy,0,NetSim::ApplyHandoverBatch,4,6.369960,1.592490,2.042612
after_destroy,0,NetSim::BuildTerminalIpMap,5,0.001822,0.000364,0.000875
after_destroy,0,NetSim::CollectTerminalThroughput,5,2.834816,0.566963,1.150168
after_destroy,0,NetSim::Configure,1,0.010298,0.010298,0.010298
after_destroy,0,NetSim::ConfigureCycleParameters,1,0.001830,0.001830,0.001830
after_destroy,0,NetSim::ConfigureDataLinkLayer,1,7.192996,7.192996,7.192996
after_destroy,0,NetSim::ConfigureNetworkLayer,1,1.904349,1.904349,1.904349
after_destroy,0,NetSim::ConfigureNrForAp0,1,1.835255,1.835255,1.835255
after_destroy,0,NetSim::ConfigureNrIpAfterNetwork,1,0.239723,0.239723,0.239723
after_destroy,0,NetSim::ConfigureWifiForAP1,1,3.367127,3.367127,3.367127
after_destroy,0,NetSim::ConfigureWifiForAP2,1,1.577453,1.577453,1.577453
after_destroy,0,NetSim::CreateNetworkTopology,1,0.070199,0.070199,0.070199
after_destroy,0,NetSim::HandoverRequest,8,6.375142,0.796893,2.044340
after_destroy,0,NetSim::Init,1,5.345400,5.345400,5.345400
after_destroy,0,NetSim::NrToWifiHandover,11,2.416465,0.219679,0.638064
after_destroy,0,NetSim::RebindTerminalApps,32,6.239693,0.194990,0.635705
after_destroy,0,NetSim::ResetTerminalFlowStats,5,0.033844,0.006769,0.008143
after_destroy,0,NetSim::SetAppLayer,1,2.561083,2.561083,2.561083
after_destroy,0,NetSim::WifiToNrHandover,14,2.784012,0.198858,0.608767
after_destroy,0,NetSim::WifiToWifiHandover,7,1.129126,0.161304,0.317530
after_destroy,0,NetSim::constructor,1,0.107171,0.107171,0.107171
after_destroy,0,NrAmc::CalculateTbSize,2210356,62.727114,0.000028,0.087982
after_destroy,0,NrMacSchedulerOfdma::AssignDLRBG,19864,340.213929,0.017127,0.510823
after_destroy,0,NrMacSchedulerOfdma::AssignULRBG,3936,16.042623,0.004076,0.161509
after_destroy,0,Simulator::Destroy,1,21.374095,21.374095,21.374095
after_destroy,0,Simulator::Run,1,235002.246963,235002.246963,235002.246963
after_destroy,0,SpectrumWifiPhy::StartRx,3647303,86723.660565,0.023777,3.061882
after_destroy,0,ThreeGppChannelModel::GenerateChannelParameters,66,2.933695,0.044450,0.277135
after_destroy,0,ThreeGppChannelModel::GetChannel,1067022,545.585261,0.000511,0.924808
after_destroy,0,ThreeGppChannelModel::GetNewChannel,132,21.674585,0.164201,0.789713
after_destroy,0,ThreeGppSpectrumPropagationLossModel::CalcBeamformingGain,1067022,10028.906929,0.009399,0.977637
after_destroy,0,ThreeGppSpectrumPropagationLossModel::DoCalcRxPowerSpectralDensity,1067022,11236.010942,0.010530,1.117244
after_destroy,0,ThreeGppSpectrumPropagationLossModel::GenSpectrumChannelMatrix,1067022,4721.281699,0.004425,0.501320
after_destroy,0,ThreeGppSpectrumPropagationLossModel::GetLongTerm,1067022,348.832544,0.000327,0.164876
final,0,FlowMonitor::CheckForLostPackets,61,27.203224,0.445954,1.276917
final,0,FlowMonitor::ReportFirstTx,272792,57.183788,0.000210,0.096180
final,0,FlowMonitor::ReportLastRx,242291,261.776840,0.001080,0.378047
final,0,FlowMonitor::ResetAllStats,9,0.047881,0.005320,0.012130
final,0,FlowMonitorHelper::Install,1,0.354575,0.354575,0.354575
final,0,IdealWifiManager::DoGetDataTxVector,165998,218.990080,0.001319,0.361849
final,0,InterferenceHelper::CalculatePayloadSnrPer,3758548,2840.174775,0.000756,0.622892
final,0,InterferenceHelper::CalculatePhyHeaderSnrPer,5371108,4689.863211,0.000873,0.711686
final,0,NetSim::ApplyHandoverBatch,4,6.369960,1.592490,2.042612
final,0,NetSim::BuildTerminalIpMap,5,0.001822,0.000364,0.000875
final,0,NetSim::CollectTerminalThroughput,5,2.834816,0.566963,1.150168
final,0,NetSim::Configure,1,0.010298,0.010298,0.010298
final,0,NetSim::ConfigureCycleParameters,1,0.001830,0.001830,0.001830
final,0,NetSim::ConfigureDataLinkLayer,1,7.192996,7.192996,7.192996
final,0,NetSim::ConfigureNetworkLayer,1,1.904349,1.904349,1.904349
final,0,NetSim::ConfigureNrForAp0,1,1.835255,1.835255,1.835255
final,0,NetSim::ConfigureNrIpAfterNetwork,1,0.239723,0.239723,0.239723
final,0,NetSim::ConfigureWifiForAP1,1,3.367127,3.367127,3.367127
final,0,NetSim::ConfigureWifiForAP2,1,1.577453,1.577453,1.577453
final,0,NetSim::CreateNetworkTopology,1,0.070199,0.070199,0.070199
final,0,NetSim::HandoverRequest,8,6.375142,0.796893,2.044340
final,0,NetSim::Init,1,5.345400,5.345400,5.345400
final,0,NetSim::NrToWifiHandover,11,2.416465,0.219679,0.638064
final,0,NetSim::RebindTerminalApps,32,6.239693,0.194990,0.635705
final,0,NetSim::ResetTerminalFlowStats,5,0.033844,0.006769,0.008143
final,0,NetSim::RunSim,1,235036.018602,235036.018602,235036.018602
final,0,NetSim::SetAppLayer,1,2.561083,2.561083,2.561083
final,0,NetSim::WifiToNrHandover,14,2.784012,0.198858,0.608767
final,0,NetSim::WifiToWifiHandover,7,1.129126,0.161304,0.317530
final,0,NetSim::constructor,1,0.107171,0.107171,0.107171
final,0,NetSim::destruction,1,12.360649,12.360649,12.360649
final,0,NrAmc::CalculateTbSize,2210356,62.727114,0.000028,0.087982
final,0,NrMacSchedulerOfdma::AssignDLRBG,19864,340.213929,0.017127,0.510823
final,0,NrMacSchedulerOfdma::AssignULRBG,3936,16.042623,0.004076,0.161509
final,0,Simulator::Destroy,1,21.374095,21.374095,21.374095
final,0,Simulator::Run,1,235002.246963,235002.246963,235002.246963
final,0,SpectrumWifiPhy::StartRx,3647303,86723.660565,0.023777,3.061882
final,0,ThreeGppChannelModel::GenerateChannelParameters,66,2.933695,0.044450,0.277135
final,0,ThreeGppChannelModel::GetChannel,1067022,545.585261,0.000511,0.924808
final,0,ThreeGppChannelModel::GetNewChannel,132,21.674585,0.164201,0.789713
final,0,ThreeGppSpectrumPropagationLossModel::CalcBeamformingGain,1067022,10028.906929,0.009399,0.977637
final,0,ThreeGppSpectrumPropagationLossModel::DoCalcRxPowerSpectralDensity,1067022,11236.010942,0.010530,1.117244
final,0,ThreeGppSpectrumPropagationLossModel::GenSpectrumChannelMatrix,1067022,4721.281699,0.004425,0.501320
final,0,ThreeGppSpectrumPropagationLossModel::GetLongTerm,1067022,348.832544,0.000327,0.164876
final,0,main::lifetime_before_report,1,235053.921571,235053.921571,235053.921571
