sim_time,cycle_id,direction,link_bps,queue_packets,queue_bytes,received_bytes_total,dropped_packets_total,qdisc_bytes,qdisc_dropped_packets_total
0,0,pgw_to_cer,80000000,0,0,0,0,0,0
0,0,cer_to_pgw,80000000,0,0,0,0,0,0
0.1,0,pgw_to_cer,80000000,0,0,0,0,0,0
0.1,0,cer_to_pgw,80000000,0,0,0,0,0,0
0.2,0,pgw_to_cer,80000000,0,0,0,0,0,0
0.2,0,cer_to_pgw,80000000,0,0,0,0,0,0
0.3,0,pgw_to_cer,80000000,0,0,0,0,0,0
0.3,0,cer_to_pgw,80000000,0,0,0,0,0,0
0.4,0,pgw_to_cer,80000000,0,0,0,0,0,0
0.4,0,cer_to_pgw,80000000,0,0,0,0,0,0
0.5,0,pgw_to_cer,80000000,0,0,0,0,0,0
0.5,0,cer_to_pgw,80000000,0,0,0,0,0,0
0.6,0,pgw_to_cer,80000000,0,0,0,0,0,0
0.6,0,cer_to_pgw,80000000,0,0,0,0,0,0
0.7,0,pgw_to_cer,80000000,0,0,0,0,0,0
0.7,0,cer_to_pgw,80000000,0,0,0,0,0,0
0.8,0,pgw_to_cer,80000000,0,0,0,0,0,0
0.8,0,cer_to_pgw,80000000,0,0,0,0,0,0
0.9,0,pgw_to_cer,80000000,0,0,0,0,0,0
0.9,0,cer_to_pgw,80000000,0,0,0,0,0,0
1,0,pgw_to_cer,80000000,0,0,0,0,0,0
1,0,cer_to_pgw,80000000,0,0,0,0,0,0
1.1,0,pgw_to_cer,80000000,0,0,3640,0,0,0
1.1,0,cer_to_pgw,80000000,137,141102,1066632,0,0,0
1.2,0,pgw_to_cer,80000000,0,0,8200,0,0,0
1.2,0,cer_to_pgw,80000000,325,335398,2260104,0,0,0
1.3,0,pgw_to_cer,80000000,0,0,12760,0,0,0
1.3,0,cer_to_pgw,80000000,457,467374,3392444,0,0,0
1.4,0,pgw_to_cer,80000000,0,0,17320,0,0,0
1.4,0,cer_to_pgw,80000000,564,580083,4505628,0,0,0
1.5,0,pgw_to_cer,80000000,0,0,21880,0,0,0
1.5,0,cer_to_pgw,80000000,0,0,4783086,0,0,0
1.6,0,pgw_to_cer,80000000,0,0,26440,0,0,0
1.6,0,cer_to_pgw,80000000,0,0,4787646,0,0,0
1.7,0,pgw_to_cer,80000000,0,0,31000,0,0,0
1.7,0,cer_to_pgw,80000000,120,123184,5836720,0,0,0
1.8,0,pgw_to_cer,80000000,0,0,36480,0,0,0
1.8,0,cer_to_pgw,80000000,313,322750,7036332,0,0,0
1.9,0,pgw_to_cer,80000000,0,0,41040,0,0,0
1.9,0,cer_to_pgw,80000000,0,0,7330654,0,0,0
2,0,pgw_to_cer,80000000,0,0,45600,0,0,0
2,0,cer_to_pgw,80000000,0,0,7335214,0,0,0
2.1,0,pgw_to_cer,80000000,0,0,50160,0,0,0
2.1,0,cer_to_pgw,80000000,108,113832,8374618,0,0,0
2.2,0,pgw_to_cer,80000000,0,0,54720,0,0,0
2.2,0,cer_to_pgw,80000000,274,281644,9542706,0,0,0
2.3,0,pgw_to_cer,80000000,0,0,59280,0,0,0
2.3,0,cer_to_pgw,80000000,0,0,9827542,0,0,0
2.4,0,pgw_to_cer,80000000,0,0,63840,0,0,0
2.4,0,cer_to_pgw,80000000,0,0,9832102,0,0,0
2.5,0,pgw_to_cer,80000000,0,0,68400,0,0,0
2.5,0,cer_to_pgw,80000000,0,0,9836662,0,0,0
2.6,0,pgw_to_cer,80000000,0,0,72960,0,0,0
2.6,0,cer_to_pgw,80000000,0,0,9841222,0,0,0
2.7,0,pgw_to_cer,80000000,0,0,77520,0,0,0
2.7,0,cer_to_pgw,80000000,108,113832,10880626,0,0,0
2.8,0,pgw_to_cer,80000000,0,0,82080,0,0,0
2.8,0,cer_to_pgw,80000000,274,281644,12048714,0,0,0
2.9,0,pgw_to_cer,80000000,0,0,86640,0,0,0
2.9,0,cer_to_pgw,80000000,0,0,12333550,0,0,0
3,0,pgw_to_cer,80000000,0,0,91200,0,0,0
3,0,cer_to_pgw,80000000,0,0,12338110,0,0,0
3.1,0,pgw_to_cer,80000000,0,0,95760,0,0,0
3.1,0,cer_to_pgw,80000000,0,0,12342670,0,0,0
3.2,0,pgw_to_cer,80000000,0,0,100320,0,0,0
3.2,0,cer_to_pgw,80000000,0,0,12347230,0,0,0
3.3,0,pgw_to_cer,80000000,0,0,104880,0,0,0
3.3,0,cer_to_pgw,80000000,108,113832,13386634,0,0,0
3.4,0,pgw_to_cer,80000000,0,0,109440,0,0,0
3.4,0,cer_to_pgw,80000000,271,281778,14554722,0,0,0
3.5,0,pgw_to_cer,80000000,0,0,114000,0,0,0
3.5,0,cer_to_pgw,80000000,0,0,14839558,0,0,0
3.6,0,pgw_to_cer,80000000,0,0,118560,0,0,0
3.6,0,cer_to_pgw,80000000,0,0,14844118,0,0,0
3.7,0,pgw_to_cer,80000000,0,0,123120,0,0,0
3.7,0,cer_to_pgw,80000000,0,0,14848678,0,0,0
3.8,0,pgw_to_cer,80000000,0,0,127680,0,0,0
3.8,0,cer_to_pgw,80000000,0,0,14853238,0,0,0
3.9,0,pgw_to_cer,80000000,0,0,132240,0,0,0
3.9,0,cer_to_pgw,80000000,116,122264,15902312,0,0,0
4,0,pgw_to_cer,80000000,0,0,136800,0,0,0
4,0,cer_to_pgw,80000000,309,321830,17101924,0,0,0
4.1,1,pgw_to_cer,80000000,0,0,141360,0,0,0
4.1,1,cer_to_pgw,80000000,0,0,17396246,0,0,0
4.2,1,pgw_to_cer,80000000,0,0,145920,0,0,0
4.2,1,cer_to_pgw,80000000,0,0,17400806,0,0,0
4.3,1,pgw_to_cer,80000000,0,0,150480,0,0,0
4.3,1,cer_to_pgw,80000000,133,140182,18467798,0,0,0
4.4,1,pgw_to_cer,80000000,0,0,155330,0,0,0
4.4,1,cer_to_pgw,80000000,325,335398,19663025,0,0,0
4.5,1,pgw_to_cer,80000000,0,0,160430,0,0,0
4.5,1,cer_to_pgw,80000000,458,468428,20795635,0,0,0
4.6,1,pgw_to_cer,80000000,0,0,164990,0,0,0
4.6,1,cer_to_pgw,80000000,565,581137,21908819,0,0,0
4.7,1,pgw_to_cer,80000000,0,0,169550,0,0,0
4.7,1,cer_to_pgw,80000000,0,0,22186277,0,0,0
4.8,1,pgw_to_cer,80000000,0,0,174110,0,0,0
4.8,1,cer_to_pgw,80000000,0,0,22190837,0,0,0
4.9,1,pgw_to_cer,80000000,0,0,178670,0,0,0
4.9,1,cer_to_pgw,80000000,120,123184,23239911,0,0,0
5,1,pgw_to_cer,80000000,0,0,183230,0,0,0
5,1,cer_to_pgw,80000000,313,322750,24439523,0,0,0
5.1,1,pgw_to_cer,80000000,0,0,188710,0,0,0
5.1,1,cer_to_pgw,80000000,0,0,24733845,0,0,0
5.2,1,pgw_to_cer,80000000,0,0,194500,0,0,0
5.2,1,cer_to_pgw,80000000,0,0,24739635,0,0,0
5.3,1,pgw_to_cer,80000000,0,0,200700,0,0,0
5.3,1,cer_to_pgw,80000000,139,143210,25809099,0,0,0
5.4,1,pgw_to_cer,80000000,0,0,208920,0,0,0
5.4,1,cer_to_pgw,80000000,506,472348,27137717,0,0,0
5.5,1,pgw_to_cer,80000000,0,0,218340,0,0,0
5.5,1,cer_to_pgw,80000000,0,0,27634953,0,0,0
5.6,1,pgw_to_cer,80000000,0,0,253776,0,0,0
5.6,1,cer_to_pgw,80000000,364,214216,28560009,0,0,0
5.7,1,pgw_to_cer,80000000,0,0,305532,0,0,0
5.7,1,cer_to_pgw,80000000,413,230486,29576309,0,0,0
5.8,1,pgw_to_cer,80000000,0,0,357438,0,0,0
5.8,1,cer_to_pgw,80000000,410,228812,30574863,0,0,0
5.9,1,pgw_to_cer,80000000,0,0,399366,0,0,0
5.9,1,cer_to_pgw,80000000,600,470624,31816597,0,679980,0
6,1,pgw_to_cer,80000000,0,0,423030,0,0,0
6,1,cer_to_pgw,80000000,600,490560,32837049,0,888876,13
6.1,1,pgw_to_cer,80000000,0,0,451434,0,0,0
6.1,1,cer_to_pgw,80000000,600,613312,33959499,0,48304,29
6.2,1,pgw_to_cer,80000000,0,0,457784,0,0,0
6.2,1,cer_to_pgw,80000000,0,0,34014245,0,0,29
6.3,1,pgw_to_cer,80000000,0,0,464936,0,0,0
6.3,1,cer_to_pgw,80000000,220,224728,35164107,0,0,29
6.4,1,pgw_to_cer,80000000,0,0,476774,0,0,0
6.4,1,cer_to_pgw,80000000,600,557824,36497355,0,73676,29
6.5,1,pgw_to_cer,80000000,0,0,488354,0,0,0
6.5,1,cer_to_pgw,80000000,600,578240,37518403,0,420228,29
6.6,1,pgw_to_cer,80000000,0,0,501866,0,0,0
6.6,1,cer_to_pgw,80000000,600,477901,38417394,0,979363,48
6.7,1,pgw_to_cer,80000000,0,0,529322,0,0,0
6.7,1,cer_to_pgw,80000000,600,477019,39416241,0,845608,69
6.8,1,pgw_to_cer,80000000,0,0,576816,0,0,0
6.8,1,cer_to_pgw,80000000,426,327427,40266639,0,0,87
6.9,1,pgw_to_cer,80000000,0,0,611842,0,0,0
6.9,1,cer_to_pgw,80000000,600,464488,41404027,0,418508,87
7,1,pgw_to_cer,80000000,0,0,633778,0,0,0
7,1,cer_to_pgw,80000000,600,477008,42416209,0,892908,98
7.1,1,pgw_to_cer,80000000,0,0,661333,0,0,0
7.1,1,cer_to_pgw,80000000,600,478480,43417881,0,531732,121
7.2,1,pgw_to_cer,80000000,0,0,706345,0,0,0
7.2,1,cer_to_pgw,80000000,373,222358,44161875,0,0,143
7.3,1,pgw_to_cer,80000000,0,0,760045,0,0,0
7.3,1,cer_to_pgw,80000000,600,447728,45387901,0,353868,143
7.4,1,pgw_to_cer,80000000,0,0,780699,0,0,0
7.4,1,cer_to_pgw,80000000,600,453672,46393273,0,825928,152
7.5,1,pgw_to_cer,80000000,0,0,805457,0,0,0
7.5,1,cer_to_pgw,80000000,600,447856,47387827,0,603632,169
7.6,1,pgw_to_cer,80000000,0,0,833569,0,0,0
7.6,1,cer_to_pgw,80000000,600,423608,48363209,0,77028,193
7.7,1,pgw_to_cer,80000000,0,0,869189,0,0,0
7.7,1,cer_to_pgw,80000000,562,327860,49267623,0,0,193
7.8,1,pgw_to_cer,80000000,0,0,920081,0,0,0
7.8,1,cer_to_pgw,80000000,459,256546,50196097,0,0,193
7.9,1,pgw_to_cer,80000000,0,0,962009,0,0,0
7.9,1,cer_to_pgw,80000000,600,463192,51403111,0,685264,193
8,1,pgw_to_cer,80000000,0,0,984551,0,0,0
8,1,cer_to_pgw,80000000,600,465888,52405425,0,1248000,214
8.1,1,pgw_to_cer,80000000,0,0,1027481,0,0,0
8.1,1,cer_to_pgw,80000000,600,465888,53405302,0,619628,248
8.2,1,pgw_to_cer,80000000,0,0,1080703,0,0,0
8.2,1,cer_to_pgw,80000000,159,120626,54060416,0,0,256
8.3,1,pgw_to_cer,80000000,0,0,1112751,0,0,0
8.3,1,cer_to_pgw,80000000,0,0,54729606,0,0,256
8.4,1,pgw_to_cer,80000000,1,54,1132973,0,0,0
8.4,1,cer_to_pgw,80000000,0,0,55053036,0,0,256
8.5,1,pgw_to_cer,80000000,0,0,1160159,0,0,0
8.5,1,cer_to_pgw,80000000,600,505344,56483538,0,489772,256
8.6,1,pgw_to_cer,80000000,0,0,1177517,0,0,0
8.6,1,cer_to_pgw,80000000,600,475779,57454133,0,1086089,268
8.7,1,pgw_to_cer,80000000,0,0,1209287,0,0,0
8.7,1,cer_to_pgw,80000000,600,464280,58442868,0,671920,289
8.8,1,pgw_to_cer,80000000,0,0,1257411,0,0,0
8.8,1,cer_to_pgw,80000000,192,125584,59103722,0,0,311
8.9,1,pgw_to_cer,80000000,0,0,1298599,0,0,0
8.9,1,cer_to_pgw,80000000,78,46020,59676792,0,0,311
9,1,pgw_to_cer,80000000,0,0,1347979,0,0,0
9,1,cer_to_pgw,80000000,54,31860,60663112,0,0,311
9.1,1,pgw_to_cer,80000000,0,0,1383427,0,0,0
9.1,1,cer_to_pgw,80000000,600,519616,62150676,0,184244,311
9.2,1,pgw_to_cer,80000000,0,0,1400515,0,0,0
9.2,1,cer_to_pgw,80000000,600,600088,63231114,0,356628,319
9.3,1,pgw_to_cer,80000000,0,0,1407343,0,0,0
9.3,1,cer_to_pgw,80000000,241,234766,63866040,0,0,335
9.4,1,pgw_to_cer,80000000,0,0,1411903,0,0,0
9.4,1,cer_to_pgw,80000000,0,0,63870600,0,0,335
9.5,1,pgw_to_cer,80000000,0,0,1416463,0,0,0
9.5,1,cer_to_pgw,80000000,134,141236,64937592,0,0,335
9.6,1,pgw_to_cer,80000000,0,0,1421023,0,0,0
9.6,1,cer_to_pgw,80000000,325,335398,66131064,0,0,335
9.7,1,pgw_to_cer,80000000,0,0,1425583,0,0,0
9.7,1,cer_to_pgw,80000000,454,467508,67263404,0,0,335
9.8,1,pgw_to_cer,80000000,0,0,1430143,0,0,0
9.8,1,cer_to_pgw,80000000,561,580217,68376588,0,0,335
9.9,1,pgw_to_cer,80000000,0,0,1434703,0,0,0
9.9,1,cer_to_pgw,80000000,0,0,68654046,0,0,335
10,1,pgw_to_cer,80000000,0,0,1439263,0,0,0
10,1,cer_to_pgw,80000000,0,0,68658606,0,0,335
10.1,1,pgw_to_cer,80000000,0,0,1443823,0,0,0
10.1,1,cer_to_pgw,80000000,117,123318,69707680,0,0,335
10.2,1,pgw_to_cer,80000000,0,0,1448383,0,0,0
10.2,1,cer_to_pgw,80000000,310,322884,70907292,0,0,335
10.3,1,pgw_to_cer,80000000,0,0,1452943,0,0,0
10.3,1,cer_to_pgw,80000000,0,0,71201614,0,0,335
10.4,1,pgw_to_cer,80000000,0,0,1457503,0,0,0
10.4,1,cer_to_pgw,80000000,0,0,71206174,0,0,335
10.5,1,pgw_to_cer,80000000,0,0,1462063,0,0,0
10.5,1,cer_to_pgw,80000000,107,112778,72245578,0,0,335
10.6,1,pgw_to_cer,80000000,0,0,1466623,0,0,0
10.6,1,cer_to_pgw,80000000,270,280724,73413666,0,0,335
10.7,1,pgw_to_cer,80000000,0,0,1471183,0,0,0
10.7,1,cer_to_pgw,80000000,0,0,73698502,0,0,335
10.8,1,pgw_to_cer,80000000,0,0,1475743,0,0,0
10.8,1,cer_to_pgw,80000000,0,0,73703062,0,0,335
10.9,1,pgw_to_cer,80000000,0,0,1480303,0,0,0
10.9,1,cer_to_pgw,80000000,0,0,73707622,0,0,335
11,1,pgw_to_cer,80000000,0,0,1484863,0,0,0
11,1,cer_to_pgw,80000000,0,0,73713102,0,0,335
11.1,1,pgw_to_cer,80000000,0,0,1489423,0,0,0
11.1,1,cer_to_pgw,80000000,120,123184,74762176,0,0,335
11.2,1,pgw_to_cer,80000000,0,0,1493983,0,0,0
11.2,1,cer_to_pgw,80000000,313,322750,75961788,0,0,335
11.3,1,pgw_to_cer,80000000,0,0,1498543,0,0,0
11.3,1,cer_to_pgw,80000000,0,0,76256110,0,0,335
11.4,1,pgw_to_cer,80000000,0,0,1503103,0,0,0
11.4,1,cer_to_pgw,80000000,0,0,76260670,0,0,335
11.5,1,pgw_to_cer,80000000,0,0,1507663,0,0,0
11.5,1,cer_to_pgw,80000000,137,141102,77327662,0,0,335
11.6,1,pgw_to_cer,80000000,0,0,1512223,0,0,0
11.6,1,cer_to_pgw,80000000,325,335398,78521134,0,0,335
11.7,1,pgw_to_cer,80000000,0,0,1517703,0,0,0
11.7,1,cer_to_pgw,80000000,457,467374,79653474,0,0,335
11.8,1,pgw_to_cer,80000000,0,0,1522263,0,0,0
11.8,1,cer_to_pgw,80000000,564,580083,80766658,0,0,335
11.9,1,pgw_to_cer,80000000,0,0,1526823,0,0,0
11.9,1,cer_to_pgw,80000000,0,0,81044116,0,0,335
12,1,pgw_to_cer,80000000,0,0,1531383,0,0,0
12,1,cer_to_pgw,80000000,0,0,81048676,0,0,335
12.1,1,pgw_to_cer,80000000,0,0,1535943,0,0,0
12.1,1,cer_to_pgw,80000000,117,123318,82097750,0,0,335
12.2,1,pgw_to_cer,80000000,0,0,1540503,0,0,0
12.2,1,cer_to_pgw,80000000,313,322750,83297362,0,0,335
12.3,1,pgw_to_cer,80000000,0,0,1545063,0,0,0
12.3,1,cer_to_pgw,80000000,0,0,83591684,0,0,335
12.4,1,pgw_to_cer,80000000,0,0,1549623,0,0,0
12.4,1,cer_to_pgw,80000000,0,0,83596244,0,0,335
12.5,1,pgw_to_cer,80000000,0,0,1554183,0,0,0
12.5,1,cer_to_pgw,80000000,108,113832,84635648,0,0,335
12.6,1,pgw_to_cer,80000000,0,0,1558743,0,0,0
12.6,1,cer_to_pgw,80000000,274,281644,85803736,0,0,335
12.7,1,pgw_to_cer,80000000,0,0,1563303,0,0,0
12.7,1,cer_to_pgw,80000000,0,0,86088572,0,0,335
12.8,1,pgw_to_cer,80000000,0,0,1567863,0,0,0
12.8,1,cer_to_pgw,80000000,0,0,86093132,0,0,335
12.9,1,pgw_to_cer,80000000,0,0,1572423,0,0,0
12.9,1,cer_to_pgw,80000000,0,0,86097692,0,0,335
13,1,pgw_to_cer,80000000,0,0,1576983,0,0,0
13,1,cer_to_pgw,80000000,0,0,86102252,0,0,335
13.1,1,pgw_to_cer,80000000,0,0,1581543,0,0,0
13.1,1,cer_to_pgw,80000000,108,113832,87141656,0,0,335
13.2,1,pgw_to_cer,80000000,0,0,1586103,0,0,0
13.2,1,cer_to_pgw,80000000,271,281778,88309744,0,0,335
13.3,1,pgw_to_cer,80000000,0,0,1590663,0,0,0
13.3,1,cer_to_pgw,80000000,0,0,88594580,0,0,335
13.4,1,pgw_to_cer,80000000,0,0,1595223,0,0,0
13.4,1,cer_to_pgw,80000000,0,0,88599140,0,0,335
13.5,2,pgw_to_cer,40000000,0,0,1599783,0,0,0
13.5,2,cer_to_pgw,40000000,0,0,88603700,0,0,335
13.6,2,pgw_to_cer,40000000,0,0,1604343,0,0,0
13.6,2,cer_to_pgw,40000000,0,0,88608260,0,0,335
13.7,2,pgw_to_cer,40000000,0,0,1608903,0,0,0
13.7,2,cer_to_pgw,40000000,555,573962,89647664,0,0,335
13.8,2,pgw_to_cer,40000000,0,0,1613463,0,0,0
13.8,2,cer_to_pgw,40000000,600,603144,90175974,0,638564,335
13.9,2,pgw_to_cer,40000000,0,0,1618023,0,0,0
13.9,2,cer_to_pgw,40000000,600,594374,90667772,0,423868,343
14,2,pgw_to_cer,40000000,0,0,1622873,0,0,0
14,2,cer_to_pgw,40000000,519,507775,91080687,0,0,359
14.1,2,pgw_to_cer,40000000,0,0,1627433,0,0,0
14.1,2,cer_to_pgw,40000000,52,11723,91085247,0,0,359
14.2,2,pgw_to_cer,40000000,0,0,1632533,0,0,0
14.2,2,cer_to_pgw,40000000,0,0,91090077,0,0,359
14.3,2,pgw_to_cer,40000000,0,0,1637093,0,0,0
14.3,2,cer_to_pgw,40000000,565,584502,92139151,0,0,359
14.4,2,pgw_to_cer,40000000,0,0,1641653,0,0,0
14.4,2,cer_to_pgw,40000000,600,599752,92654583,0,683800,359
14.5,2,pgw_to_cer,40000000,0,0,1646213,0,0,0
14.5,2,cer_to_pgw,40000000,600,595896,93151361,0,464896,375
14.6,2,pgw_to_cer,40000000,0,0,1650773,0,0,0
14.6,2,cer_to_pgw,40000000,553,550310,93604837,0,0,391
14.7,2,pgw_to_cer,40000000,0,0,1656563,0,0,0
14.7,2,cer_to_pgw,40000000,600,596168,94151329,0,520740,391
14.8,2,pgw_to_cer,40000000,0,0,1661123,0,0,0
14.8,2,cer_to_pgw,40000000,600,594956,94650505,0,1197176,407
14.9,2,pgw_to_cer,40000000,0,0,1667203,0,0,0
14.9,2,cer_to_pgw,40000000,600,571912,95126637,0,1866248,423
15,2,pgw_to_cer,40000000,0,0,1671993,0,0,0
15,2,cer_to_pgw,40000000,600,599936,95655035,0,2424676,447
15.1,2,pgw_to_cer,40000000,0,0,1679823,0,0,0
15.1,2,cer_to_pgw,40000000,600,558352,96113391,0,2273100,471
15.2,2,pgw_to_cer,40000000,0,0,1686273,0,0,0
15.2,2,cer_to_pgw,40000000,600,599936,96654437,0,1703968,503
15.3,2,pgw_to_cer,40000000,0,0,1692603,0,0,0
15.3,2,cer_to_pgw,40000000,600,512736,97067871,0,2411964,535
15.4,2,pgw_to_cer,40000000,0,0,1701861,0,0,0
15.4,2,cer_to_pgw,40000000,600,561357,97616580,0,3153199,571
15.5,2,pgw_to_cer,40000000,0,0,1707813,0,0,0
15.5,2,cer_to_pgw,40000000,600,464091,98019049,0,3079804,620
15.6,2,pgw_to_cer,40000000,0,0,1720203,0,0,0
15.6,2,cer_to_pgw,40000000,600,505417,98560576,0,2760695,660
15.7,2,pgw_to_cer,40000000,0,0,1738083,0,0,0
15.7,2,cer_to_pgw,40000000,600,458300,99012976,0,3473707,718
15.8,2,pgw_to_cer,40000000,0,0,1763943,0,0,0
15.8,2,cer_to_pgw,40000000,600,455000,99509562,0,4331968,779
15.9,2,pgw_to_cer,40000000,0,0,1791647,0,0,0
15.9,2,cer_to_pgw,40000000,600,464648,100019588,0,4089560,845
16,2,pgw_to_cer,40000000,0,0,1820887,0,0,0
16,2,cer_to_pgw,40000000,600,457216,100512120,0,3752444,904
16.1,2,pgw_to_cer,40000000,0,0,1849277,0,0,0
16.1,2,cer_to_pgw,40000000,600,436002,100990945,0,3533575,977
16.2,2,pgw_to_cer,40000000,0,0,1869889,0,0,0
16.2,2,cer_to_pgw,40000000,600,452971,101507670,0,3141828,1056
16.3,2,pgw_to_cer,40000000,0,0,1896951,0,0,0
16.3,2,cer_to_pgw,40000000,600,428160,101983568,0,3894380,1141
16.4,2,pgw_to_cer,40000000,0,0,1923497,0,0,0
16.4,2,cer_to_pgw,40000000,600,427513,102483047,0,4886339,1228
16.5,2,pgw_to_cer,40000000,0,0,1959853,0,0,0
16.5,2,cer_to_pgw,40000000,600,429021,102984034,0,4896242,1319
16.6,2,pgw_to_cer,40000000,0,0,1993767,0,0,0
16.6,2,cer_to_pgw,40000000,600,433068,103487815,0,4558087,1418
16.7,2,pgw_to_cer,40000000,0,0,2026284,0,0,0
16.7,2,cer_to_pgw,40000000,600,438491,103993464,0,5166500,1517
16.8,2,pgw_to_cer,40000000,0,0,2056506,0,0,0
16.8,2,cer_to_pgw,40000000,600,429506,104484780,0,5963991,1630
16.9,2,pgw_to_cer,40000000,0,0,2085876,0,0,0
16.9,2,cer_to_pgw,40000000,600,432656,104987592,0,6764535,1741
17,2,pgw_to_cer,40000000,0,0,2114586,0,0,0
17,2,cer_to_pgw,40000000,600,451685,105506649,0,7440068,1861
17.1,2,pgw_to_cer,40000000,0,0,2140828,0,0,0
17.1,2,cer_to_pgw,40000000,600,430341,105984900,0,7395267,1965
17.2,2,pgw_to_cer,40000000,0,0,2163288,0,0,0
17.2,2,cer_to_pgw,40000000,600,434064,106488868,0,7118143,2076
17.3,2,pgw_to_cer,40000000,0,0,2184758,0,0,0
17.3,2,cer_to_pgw,40000000,600,409936,106964910,0,7874380,2193
17.4,2,pgw_to_cer,40000000,0,0,2209216,0,0,0
17.4,2,cer_to_pgw,40000000,600,416432,107470968,0,8820672,2322
17.5,2,pgw_to_cer,40000000,0,0,2240166,0,0,0
17.5,2,cer_to_pgw,40000000,600,422464,107977198,0,8820872,2452
17.6,2,pgw_to_cer,40000000,0,0,2271794,0,0,0
17.6,2,cer_to_pgw,40000000,600,420098,108475076,0,8462467,2591
17.7,2,pgw_to_cer,40000000,3,234,2300762,0,0,0
17.7,2,cer_to_pgw,40000000,600,416384,108971432,0,9078036,2734
17.8,2,pgw_to_cer,40000000,0,0,2330072,0,0,0
17.8,2,cer_to_pgw,40000000,600,413240,109467856,0,9830052,2881
17.9,2,pgw_to_cer,40000000,0,0,2359430,0,0,0
17.9,2,cer_to_pgw,40000000,600,413081,109967913,0,9786395,3039
18,2,pgw_to_cer,40000000,0,0,2388296,0,0,0
18,2,cer_to_pgw,40000000,600,407071,110462086,0,9462464,3198
18.1,2,pgw_to_cer,40000000,0,0,2416340,0,0,0
18.1,2,cer_to_pgw,40000000,600,399392,110954188,0,9086900,3365
18.2,2,pgw_to_cer,40000000,0,0,2443682,0,0,0
18.2,2,cer_to_pgw,40000000,600,415456,111470282,0,8761872,3522
18.3,2,pgw_to_cer,40000000,0,0,2467174,0,0,0
18.3,2,cer_to_pgw,40000000,600,407104,111961790,0,9515396,3682
18.4,2,pgw_to_cer,40000000,0,0,2495656,0,0,0
18.4,2,cer_to_pgw,40000000,600,400608,112455824,0,10408408,3854
18.5,2,pgw_to_cer,40000000,0,0,2526182,0,0,0
18.5,2,cer_to_pgw,40000000,600,409888,112964660,0,10309720,4085
18.6,2,pgw_to_cer,40000000,0,0,2559814,0,0,0
18.6,2,cer_to_pgw,40000000,600,405736,113460786,0,9917812,4265
18.7,2,pgw_to_cer,40000000,0,0,2591698,0,0,0
18.7,2,cer_to_pgw,40000000,600,411624,113966386,0,9472400,4448
18.8,2,pgw_to_cer,40000000,0,0,2621608,0,0,0
18.8,2,cer_to_pgw,40000000,600,414920,114469972,0,8986388,4639
18.9,2,pgw_to_cer,40000000,0,0,2651244,0,0,0
18.9,2,cer_to_pgw,40000000,600,419168,114974220,0,9622283,4834
19,2,pgw_to_cer,40000000,0,0,2682028,0,0,0
19,2,cer_to_pgw,40000000,600,422512,115477556,0,10349826,5040
19.1,2,pgw_to_cer,40000000,0,0,2711222,0,0,0
19.1,2,cer_to_pgw,40000000,600,427452,115982550,0,10173099,5242
19.2,2,pgw_to_cer,40000000,0,0,2736132,0,0,0
19.2,2,cer_to_pgw,40000000,600,466896,116521672,0,9641506,5434
19.3,2,pgw_to_cer,40000000,0,0,2757246,0,0,0
19.3,2,cer_to_pgw,40000000,600,461306,117016132,0,9150120,5626
19.4,2,pgw_to_cer,40000000,0,0,2775932,0,0,0
19.4,2,cer_to_pgw,40000000,600,478787,117533641,0,8599359,5824
19.5,2,pgw_to_cer,40000000,0,0,2787818,0,0,0
19.5,2,cer_to_pgw,40000000,600,523545,118078918,0,8998430,6029
19.6,2,pgw_to_cer,40000000,0,0,2798210,0,0,0
19.6,2,cer_to_pgw,40000000,600,445427,118500275,0,9750991,6234
19.7,2,pgw_to_cer,40000000,0,0,2811788,0,0,0
19.7,2,cer_to_pgw,40000000,600,480777,119035498,0,9500381,6439
19.8,2,pgw_to_cer,40000000,0,0,2823508,0,0,0
19.8,2,cer_to_pgw,40000000,600,472494,119527404,0,8945058,6657
19.9,2,pgw_to_cer,40000000,0,0,2837638,0,0,0
19.9,2,cer_to_pgw,40000000,600,432568,119988068,0,9570515,6879
20,2,pgw_to_cer,40000000,0,0,2857384,0,0,0
20,2,cer_to_pgw,40000000,600,444736,120499970,0,10253986,7102
20.1,2,pgw_to_cer,40000000,0,0,2875114,0,0,0
20.1,2,cer_to_pgw,40000000,600,464677,121020133,0,10747259,7388
20.2,2,pgw_to_cer,40000000,0,0,2891754,0,0,0
20.2,2,cer_to_pgw,40000000,600,434898,121489915,0,10717220,8260
20.3,2,pgw_to_cer,40000000,0,0,2908072,0,0,0
20.3,2,cer_to_pgw,40000000,600,450293,122005452,0,10327268,8622
20.4,2,pgw_to_cer,40000000,0,0,2922786,0,0,0
20.4,2,cer_to_pgw,40000000,600,454944,122509644,0,9792572,8860
20.5,2,pgw_to_cer,40000000,0,0,2937822,0,0,0
20.5,2,cer_to_pgw,40000000,600,460740,123015509,0,10290780,9104
20.6,2,pgw_to_cer,40000000,0,0,2953452,0,0,0
20.6,2,cer_to_pgw,40000000,600,456048,123510987,0,10745713,9538
20.7,2,pgw_to_cer,40000000,0,0,2966544,0,0,0
20.7,2,cer_to_pgw,40000000,600,477669,124032932,0,10237915,9980
20.8,2,pgw_to_cer,40000000,0,0,2979096,0,0,0
20.8,2,cer_to_pgw,40000000,600,465119,124520279,0,9676035,10238
20.9,2,pgw_to_cer,40000000,0,0,2993970,0,0,0
20.9,2,cer_to_pgw,40000000,600,448448,125003351,0,10194584,10489
21,2,pgw_to_cer,40000000,0,0,3007548,0,0,0
21,2,cer_to_pgw,40000000,600,469257,125523838,0,10701854,10813
21.1,2,pgw_to_cer,40000000,0,0,3020856,0,0,0
21.1,2,cer_to_pgw,40000000,600,441858,125997080,0,10308957,11211
21.2,2,pgw_to_cer,40000000,0,0,3036972,0,0,0
21.2,2,cer_to_pgw,40000000,600,445593,126500447,0,9772578,11476
21.3,2,pgw_to_cer,40000000,0,0,3050658,0,0,0
21.3,2,cer_to_pgw,40000000,600,457669,127012419,0,9171257,11756
21.4,2,pgw_to_cer,40000000,0,0,3065478,0,0,0
21.4,2,cer_to_pgw,40000000,600,442832,127497805,0,8631964,12033
21.5,2,pgw_to_cer,40000000,0,0,3081216,0,0,0
21.5,2,cer_to_pgw,40000000,600,440048,127994613,0,9133368,12316
21.6,2,pgw_to_cer,40000000,0,0,3096212,0,0,0
21.6,2,cer_to_pgw,40000000,600,454432,128509259,0,9734060,12602
21.7,2,pgw_to_cer,40000000,0,0,3111938,0,0,0
21.7,2,cer_to_pgw,40000000,600,441440,128996919,0,9473540,12889
21.8,2,pgw_to_cer,40000000,0,0,3127352,0,0,0
21.8,2,cer_to_pgw,40000000,600,439584,129494907,0,8910008,13181
21.9,2,pgw_to_cer,40000000,0,0,3142820,0,0,0
21.9,2,cer_to_pgw,40000000,600,450586,130005203,0,9376182,13481
22,2,pgw_to_cer,40000000,0,0,3157910,0,0,0
22,2,cer_to_pgw,40000000,600,469638,130524937,0,9919503,13785
22.1,2,pgw_to_cer,40000000,0,0,3171488,0,0,0
22.1,2,cer_to_pgw,40000000,600,499498,131055020,0,10341896,14091
22.2,2,pgw_to_cer,40000000,0,0,3183284,0,0,0
22.2,2,cer_to_pgw,40000000,600,529312,131584332,0,10689336,14401
22.3,2,pgw_to_cer,40000000,0,0,3192218,0,0,0
22.3,2,cer_to_pgw,40000000,600,523580,132078234,0,10166588,14779
22.4,2,pgw_to_cer,40000000,0,0,3200396,0,0,0
22.4,2,cer_to_pgw,40000000,600,540491,132595497,0,9396647,15095
22.5,2,pgw_to_cer,40000000,0,0,3209060,0,0,0
22.5,2,cer_to_pgw,40000000,600,527520,133082633,0,9708188,15420
22.6,2,pgw_to_cer,40000000,0,0,3217832,0,0,0
22.6,2,cer_to_pgw,40000000,600,530793,133585392,0,10157193,15740
22.7,2,pgw_to_cer,40000000,0,0,3225794,0,0,0
22.7,2,cer_to_pgw,40000000,600,534993,134089865,0,9663897,16078
22.8,2,pgw_to_cer,40000000,0,0,3234728,0,0,0
22.8,2,cer_to_pgw,40000000,600,578125,134632956,0,8803372,16411
22.9,2,pgw_to_cer,40000000,0,0,3241178,0,0,0
22.9,2,cer_to_pgw,40000000,600,586292,135140874,0,8994813,16748
23,3,pgw_to_cer,40000000,0,0,3246440,0,0,0
23,3,cer_to_pgw,40000000,600,583605,135638601,0,9321997,17091
23.1,3,pgw_to_cer,40000000,0,0,3251972,0,0,0
23.1,3,cer_to_pgw,40000000,600,590229,136145564,0,8754892,17435
23.2,3,pgw_to_cer,40000000,0,0,3257072,0,0,0
23.2,3,cer_to_pgw,40000000,600,590240,136644908,0,7909084,17783
23.3,3,pgw_to_cer,40000000,0,0,3262658,0,0,0
23.3,3,cer_to_pgw,40000000,600,583280,137138472,0,7072280,18138
23.4,3,pgw_to_cer,40000000,0,0,3267920,0,0,0
23.4,3,cer_to_pgw,40000000,600,584727,137639429,0,6207040,18501
23.5,3,pgw_to_cer,40000000,0,0,3273472,0,0,0
23.5,3,cer_to_pgw,40000000,600,575444,138130118,0,6396308,18859
23.6,3,pgw_to_cer,40000000,0,0,3279004,0,0,0
23.6,3,cer_to_pgw,40000000,600,590152,138645436,0,6674036,19230
23.7,3,pgw_to_cer,40000000,0,0,3284806,0,0,0
23.7,3,cer_to_pgw,40000000,600,584243,139138909,0,6095440,19598
23.8,3,pgw_to_cer,40000000,0,0,3290176,0,0,0
23.8,3,cer_to_pgw,40000000,600,598640,139654100,0,5198220,19969
23.9,3,pgw_to_cer,40000000,0,0,3295168,0,0,0
23.9,3,cer_to_pgw,40000000,600,602075,140157143,0,4299948,20350
24,3,pgw_to_cer,40000000,0,0,3299728,0,0,0
24,3,cer_to_pgw,40000000,600,599274,140653819,0,3409040,20730
24.1,3,pgw_to_cer,40000000,0,0,3304288,0,0,0
24.1,3,cer_to_pgw,40000000,600,603188,141157931,0,3537288,21116
24.2,3,pgw_to_cer,40000000,0,0,3310078,0,0,0
24.2,3,cer_to_pgw,40000000,600,599449,141654782,0,3800428,21504
24.3,3,pgw_to_cer,40000000,0,0,3314638,0,0,0
24.3,3,cer_to_pgw,40000000,600,593947,142148532,0,3175540,21901
24.4,3,pgw_to_cer,40000000,0,0,3320718,0,0,0
24.4,3,cer_to_pgw,40000000,600,571890,142626761,0,2315048,22299
24.5,3,pgw_to_cer,40000000,0,0,3325278,0,0,0
24.5,3,cer_to_pgw,40000000,600,598872,143153969,0,1368476,22703
24.6,3,pgw_to_cer,40000000,0,0,3332418,0,0,0
24.6,3,cer_to_pgw,40000000,600,558286,143613313,0,546952,23104
24.7,3,pgw_to_cer,40000000,0,0,3338922,0,0,0
24.7,3,cer_to_pgw,40000000,600,599870,144155347,0,618576,23517
24.8,3,pgw_to_cer,40000000,0,0,3345198,0,0,0
24.8,3,cer_to_pgw,40000000,600,512714,144567727,0,1080220,23927
24.9,3,pgw_to_cer,40000000,0,0,3354632,0,0,0
24.9,3,cer_to_pgw,40000000,600,562135,145117214,0,522072,24343
25,3,pgw_to_cer,40000000,0,0,3361328,0,0,0
25,3,cer_to_pgw,40000000,547,404962,145459730,0,0,24596
25.1,3,pgw_to_cer,40000000,0,0,3375334,0,0,0
25.1,3,cer_to_pgw,40000000,600,505368,146060318,0,766768,24596
25.2,3,pgw_to_cer,40000000,0,0,3390300,0,0,0
25.2,3,cer_to_pgw,40000000,600,460876,146516010,0,1400028,24841
25.3,3,pgw_to_cer,40000000,0,0,3415794,0,0,0
25.3,3,cer_to_pgw,40000000,600,453608,147008254,0,1849616,25282
25.4,3,pgw_to_cer,40000000,0,0,3443986,0,0,0
25.4,3,cer_to_pgw,40000000,600,465176,147520200,0,2039820,25713
25.5,3,pgw_to_cer,40000000,0,0,3473472,0,0,0
25.5,3,cer_to_pgw,40000000,600,464640,148019696,0,1522036,26161
25.6,3,pgw_to_cer,40000000,0,0,3502182,0,0,0
25.6,3,cer_to_pgw,40000000,600,453579,148508371,0,867915,26589
25.7,3,pgw_to_cer,40000000,0,0,3524532,0,0,0
25.7,3,cer_to_pgw,40000000,600,465999,149020928,0,1117359,27041
25.8,3,pgw_to_cer,40000000,0,0,3546392,0,0,0
25.8,3,cer_to_pgw,40000000,600,431839,149486597,0,1607408,27501
25.9,3,pgw_to_cer,40000000,0,0,3570830,0,0,0
25.9,3,cer_to_pgw,40000000,600,427961,149982528,0,1305779,27946
26,3,pgw_to_cer,40000000,0,0,3604216,0,0,0
26,3,cer_to_pgw,40000000,600,436048,150490888,0,613640,28415
26.1,3,pgw_to_cer,40000000,0,0,3638002,0,0,0
26.1,3,cer_to_pgw,40000000,600,433891,150988619,0,935138,28882
26.2,3,pgw_to_cer,40000000,0,0,3668339,0,0,0
26.2,3,cer_to_pgw,40000000,600,447328,151502523,0,1185688,29359
26.3,3,pgw_to_cer,40000000,0,0,3697813,0,0,0
26.3,3,cer_to_pgw,40000000,600,420900,151976305,0,727780,29828
26.4,3,pgw_to_cer,40000000,0,0,3727237,0,0,0
26.4,3,cer_to_pgw,40000000,600,424729,152479244,0,143979,30196
26.5,3,pgw_to_cer,40000000,0,0,3758575,0,0,0
26.5,3,cer_to_pgw,40000000,414,238915,152794249,0,0,30260
26.6,3,pgw_to_cer,40000000,0,0,3806115,0,0,0
26.6,3,cer_to_pgw,40000000,253,145830,153200599,0,0,30260
26.7,3,pgw_to_cer,40000000,0,0,3833783,0,0,0
26.7,3,cer_to_pgw,40000000,600,420288,153975631,0,864500,30260
26.8,3,pgw_to_cer,40000000,0,0,3850223,0,0,0
26.8,3,cer_to_pgw,40000000,600,424320,154479249,0,1771896,30401
26.9,3,pgw_to_cer,40000000,0,0,3870121,0,0,0
26.9,3,cer_to_pgw,40000000,600,412720,154967475,0,1781396,30621
27,3,pgw_to_cer,40000000,0,0,3899377,0,0,0
27,3,cer_to_pgw,40000000,600,410795,155465410,0,1415124,30852
27.1,3,pgw_to_cer,40000000,0,0,3927691,0,0,0
27.1,3,cer_to_pgw,40000000,600,426176,155980874,0,1913592,31082
27.2,3,pgw_to_cer,40000000,0,0,3956557,0,0,0
27.2,3,cer_to_pgw,40000000,600,419784,156474494,0,2517072,31328
27.3,3,pgw_to_cer,40000000,0,0,3985581,0,0,0
27.3,3,cer_to_pgw,40000000,600,398669,156953957,0,3169176,31568
27.4,3,pgw_to_cer,40000000,0,0,4014567,0,0,0
27.4,3,cer_to_pgw,40000000,600,412600,157467249,0,3829140,31818
27.5,3,pgw_to_cer,40000000,0,0,4042331,0,0,0
27.5,3,cer_to_pgw,40000000,600,415328,157969923,0,3696016,32064
27.6,3,pgw_to_cer,40000000,0,0,4070707,0,0,0
27.6,3,cer_to_pgw,40000000,600,397456,158451963,0,3262592,32320
27.7,3,pgw_to_cer,40000000,0,0,4099645,0,0,0
27.7,3,cer_to_pgw,40000000,600,400472,158955473,0,3873740,32562
27.8,3,pgw_to_cer,40000000,0,0,4126323,0,0,0
27.8,3,cer_to_pgw,40000000,600,406720,159461411,0,4611968,32839
27.9,3,pgw_to_cer,40000000,0,0,4152985,0,0,0
27.9,3,cer_to_pgw,40000000,600,409784,159964661,0,4546036,33096
28,3,pgw_to_cer,40000000,0,0,4181733,0,0,0
28,3,cer_to_pgw,40000000,600,414064,160468967,0,4101312,33361
28.1,3,pgw_to_cer,40000000,0,0,4210881,0,0,0
28.1,3,cer_to_pgw,40000000,600,415897,160970660,0,4625783,33643
28.2,3,pgw_to_cer,40000000,0,0,4240005,0,0,0
28.2,3,cer_to_pgw,40000000,600,412058,161467082,0,5271880,33923
28.3,3,pgw_to_cer,40000000,0,0,4269791,0,0,0
28.3,3,cer_to_pgw,40000000,600,412175,161967139,0,4988707,34208
28.4,3,pgw_to_cer,40000000,0,0,4298411,0,0,0
28.4,3,cer_to_pgw,40000000,600,409413,162464456,0,4514412,34503
28.5,3,pgw_to_cer,40000000,0,0,4327447,0,0,0
28.5,3,cer_to_pgw,40000000,600,416600,162971618,0,4017776,34799
28.6,3,pgw_to_cer,40000000,0,0,4356007,0,0,0
28.6,3,cer_to_pgw,40000000,600,427257,163481933,0,3422447,35112
28.7,3,pgw_to_cer,40000000,0,0,4385113,0,0,0
28.7,3,cer_to_pgw,40000000,600,488546,164043507,0,3764012,35404
28.8,3,pgw_to_cer,40000000,0,0,4405601,0,0,0
28.8,3,cer_to_pgw,40000000,600,452938,164507691,0,4371117,35693
28.9,3,pgw_to_cer,40000000,0,0,4422077,0,0,0
28.9,3,cer_to_pgw,40000000,600,485984,165040531,0,3981532,35986
29,3,pgw_to_cer,40000000,0,0,4434305,0,0,0
29,3,cer_to_pgw,40000000,600,484429,165539864,0,3326191,36290
29.1,3,pgw_to_cer,40000000,0,0,4446641,0,0,0
29.1,3,cer_to_pgw,40000000,600,468330,166023854,0,2729804,36589
29.2,3,pgw_to_cer,40000000,0,0,4458761,0,0,0
29.2,3,cer_to_pgw,40000000,600,491820,166546554,0,2034479,36899
29.3,3,pgw_to_cer,40000000,0,0,4471745,0,0,0
29.3,3,cer_to_pgw,40000000,600,435210,166990682,0,2525556,37210
29.4,3,pgw_to_cer,40000000,0,0,4485949,0,0,0
29.4,3,cer_to_pgw,40000000,600,480836,167536120,0,3015172,37524
29.5,3,pgw_to_cer,40000000,0,0,4499923,0,0,0
29.5,3,cer_to_pgw,40000000,600,456216,168011284,0,2679184,37843
29.6,3,pgw_to_cer,40000000,0,0,4516463,0,0,0
29.6,3,cer_to_pgw,40000000,600,431072,168486532,0,2177843,38165
29.7,3,pgw_to_cer,40000000,0,0,4533513,0,0,0
29.7,3,cer_to_pgw,40000000,600,448704,169003284,0,1522912,38502
29.8,3,pgw_to_cer,40000000,0,0,4554463,0,0,0
29.8,3,cer_to_pgw,40000000,600,444594,169499170,0,929055,38839
29.9,3,pgw_to_cer,40000000,0,0,4578009,0,0,0
29.9,3,cer_to_pgw,40000000,600,447984,170002672,0,1346668,39178
30,3,pgw_to_cer,40000000,0,0,4602279,0,0,0
30,3,cer_to_pgw,40000000,600,446095,170500799,0,1904500,39522
30.1,3,pgw_to_cer,40000000,0,0,4626703,0,0,0
30.1,3,cer_to_pgw,40000000,600,453656,171008531,0,1530296,39863
30.2,3,pgw_to_cer,40000000,0,0,4650017,0,0,0
30.2,3,cer_to_pgw,40000000,600,457659,171512826,0,896275,40211
30.3,3,pgw_to_cer,40000000,0,0,4668357,0,0,0
30.3,3,cer_to_pgw,40000000,600,453552,172008271,0,1296596,40562
30.4,3,pgw_to_cer,40000000,0,0,4685035,0,0,0
30.4,3,cer_to_pgw,40000000,600,448022,172502871,0,1848800,40914
30.5,3,pgw_to_cer,40000000,0,0,4699369,0,0,0
30.5,3,cer_to_pgw,40000000,600,466544,173021235,0,2271300,41283
30.6,3,pgw_to_cer,40000000,0,0,4713865,0,0,0
30.6,3,cer_to_pgw,40000000,600,449464,173504223,0,2738884,41646
30.7,3,pgw_to_cer,40000000,0,0,4729063,0,0,0
30.7,3,cer_to_pgw,40000000,600,456264,174011425,0,2343864,42009
30.8,3,pgw_to_cer,40000000,0,0,4742263,0,0,0
30.8,3,cer_to_pgw,40000000,600,472112,174526885,0,1632804,42381
30.9,3,pgw_to_cer,40000000,0,0,4756273,0,0,0
30.9,3,cer_to_pgw,40000000,600,440362,174995209,0,2048223,42753
31,3,pgw_to_cer,40000000,0,0,4771525,0,0,0
31,3,cer_to_pgw,40000000,600,460928,175515785,0,2547903,43130
31.1,3,pgw_to_cer,40000000,0,0,4784833,0,0,0
31.1,3,cer_to_pgw,40000000,600,465568,176020270,0,2113875,43519
31.2,3,pgw_to_cer,40000000,0,0,4798843,0,0,0
31.2,3,cer_to_pgw,40000000,600,439120,176493713,0,1466588,43910
31.3,3,pgw_to_cer,40000000,0,0,4814419,0,0,0
31.3,3,cer_to_pgw,40000000,600,456242,177010977,0,1806967,44289
31.4,3,pgw_to_cer,40000000,0,0,4827565,0,0,0
31.4,3,cer_to_pgw,40000000,600,465972,177521313,0,2224799,44698
31.5,3,pgw_to_cer,40000000,0,0,4842331,0,0,0
31.5,3,cer_to_pgw,40000000,600,463422,178018817,0,1783947,45100
31.6,3,pgw_to_cer,40000000,0,0,4857369,0,0,0
31.6,3,cer_to_pgw,40000000,600,534392,178589035,0,898411,45498
31.7,3,pgw_to_cer,40000000,0,0,4866573,0,0,0
31.7,3,cer_to_pgw,40000000,600,558200,179113679,0,71503,45829
31.8,3,pgw_to_cer,40000000,0,0,4873671,0,0,0
31.8,3,cer_to_pgw,40000000,223,162497,179217962,0,0,45845
31.9,3,pgw_to_cer,40000000,0,0,4881363,0,0,0
31.9,3,cer_to_pgw,40000000,600,576192,180131172,0,207432,45845
32,3,pgw_to_cer,40000000,0,0,4886625,0,0,0
32,3,cer_to_pgw,40000000,600,567456,180622416,0,872976,45899
32.1,3,pgw_to_cer,40000000,0,0,4893669,0,0,0
32.1,3,cer_to_pgw,40000000,600,554767,181109735,0,367060,46250
32.2,3,pgw_to_cer,40000000,0,0,4900173,0,0,0
32.2,3,cer_to_pgw,40000000,330,295828,181350967,0,0,46399
32.3,3,pgw_to_cer,40000000,0,0,4907433,0,0,0
32.3,3,cer_to_pgw,40000000,600,591968,182147229,0,320860,46399
32.4,3,pgw_to_cer,40000000,0,0,4913343,0,0,0
32.4,3,cer_to_pgw,40000000,600,562456,182617491,0,1033064,46447
32.5,4,pgw_to_cer,80000000,0,0,4920225,0,0,0
32.5,4,cer_to_pgw,80000000,600,586992,183142171,0,1593440,46511
32.6,4,pgw_to_cer,80000000,0,0,4926027,0,0,0
32.6,4,cer_to_pgw,80000000,600,602176,184156213,0,1628312,46591
32.7,4,pgw_to_cer,80000000,0,0,4931775,0,0,0
32.7,4,cer_to_pgw,80000000,600,609021,185163384,0,842155,46665
32.8,4,pgw_to_cer,80000000,0,0,4937415,0,0,0
32.8,4,cer_to_pgw,80000000,414,419180,185973037,0,0,46723
32.9,4,pgw_to_cer,80000000,0,0,4943777,0,0,0
32.9,4,cer_to_pgw,80000000,515,508815,187063656,0,0,46723
33,4,pgw_to_cer,80000000,0,0,4950119,0,0,0
33,4,cer_to_pgw,80000000,600,604688,188159422,0,125188,46723
33.1,4,pgw_to_cer,80000000,0,0,4955273,0,0,0
33.1,4,cer_to_pgw,80000000,42,25020,188579224,0,0,46723
33.2,4,pgw_to_cer,80000000,0,0,4959833,0,0,0
33.2,4,cer_to_pgw,80000000,0,0,188583784,0,0,46723
33.3,4,pgw_to_cer,80000000,0,0,4964393,0,0,0
33.3,4,cer_to_pgw,80000000,108,113832,189623188,0,0,46723
33.4,4,pgw_to_cer,80000000,0,0,4968953,0,0,0
33.4,4,cer_to_pgw,80000000,271,281778,190791276,0,0,46723
33.5,4,pgw_to_cer,80000000,0,0,4973513,0,0,0
33.5,4,cer_to_pgw,80000000,0,0,191076112,0,0,46723
33.6,4,pgw_to_cer,80000000,0,0,4978073,0,0,0
33.6,4,cer_to_pgw,80000000,0,0,191080672,0,0,46723
33.7,4,pgw_to_cer,80000000,0,0,4983863,0,0,0
33.7,4,cer_to_pgw,80000000,0,0,191086462,0,0,46723
33.8,4,pgw_to_cer,80000000,0,0,4990063,0,0,0
33.8,4,cer_to_pgw,80000000,5,2950,191169462,0,0,46723
33.9,4,pgw_to_cer,80000000,0,0,5003143,0,0,0
33.9,4,cer_to_pgw,80000000,285,263126,192363496,0,0,46723
34,4,pgw_to_cer,80000000,0,0,5017423,0,0,0
34,4,cer_to_pgw,80000000,600,516064,193616202,0,435788,46723
34.1,4,pgw_to_cer,80000000,0,0,5033473,0,0,0
34.1,4,cer_to_pgw,80000000,600,437560,194538292,0,92904,46729
34.2,4,pgw_to_cer,80000000,0,0,5082795,0,0,0
34.2,4,cer_to_pgw,80000000,140,79624,195180080,0,0,46729
34.3,4,pgw_to_cer,80000000,0,0,5136689,0,0,0
34.3,4,cer_to_pgw,80000000,44,24280,195916180,0,0,46729
34.4,4,pgw_to_cer,80000000,0,0,5179373,0,0,0
34.4,4,cer_to_pgw,80000000,66,38940,196711636,0,0,46729
34.5,4,pgw_to_cer,80000000,0,0,5204279,0,0,0
34.5,4,cer_to_pgw,80000000,581,528614,198201314,0,0,46729
34.6,4,pgw_to_cer,80000000,0,0,5220611,0,0,0
34.6,4,cer_to_pgw,80000000,600,498760,199171514,0,499580,46729
34.7,4,pgw_to_cer,80000000,0,0,5240785,0,0,0
34.7,4,cer_to_pgw,80000000,600,490136,200163480,0,110440,46737
34.8,4,pgw_to_cer,80000000,0,0,5261167,0,0,0
34.8,4,cer_to_pgw,80000000,16,9440,200391924,0,0,46737
34.9,4,pgw_to_cer,80000000,0,0,5275167,0,0,0
34.9,4,cer_to_pgw,80000000,106,62540,200666970,0,0,46737
35,4,pgw_to_cer,80000000,0,0,5304621,0,0,0
35,4,cer_to_pgw,80000000,181,106790,201407850,0,0,46737
35.1,4,pgw_to_cer,80000000,0,0,5344431,0,0,0
35.1,4,cer_to_pgw,80000000,600,462872,202764472,0,710080,46737
35.2,4,pgw_to_cer,80000000,0,0,5366703,0,0,0
35.2,4,cer_to_pgw,80000000,600,466864,203767846,0,1286776,46750
35.3,4,pgw_to_cer,80000000,0,0,5409001,0,0,0
35.3,4,cer_to_pgw,80000000,600,464912,204766358,0,725196,46774
35.4,4,pgw_to_cer,80000000,0,0,5459763,0,0,0
35.4,4,cer_to_pgw,80000000,198,191788,205492628,0,0,46784
35.5,4,pgw_to_cer,80000000,0,0,5484343,0,0,0
35.5,4,cer_to_pgw,80000000,600,516016,206817038,0,359932,46784
35.6,4,pgw_to_cer,80000000,0,0,5502203,0,0,0
35.6,4,cer_to_pgw,80000000,600,476112,207776914,0,955124,46795
35.7,4,pgw_to_cer,80000000,0,0,5532413,0,0,0
35.7,4,cer_to_pgw,80000000,600,471160,208772196,0,1470880,46820
35.8,4,pgw_to_cer,80000000,0,0,5581215,0,0,0
35.8,4,cer_to_pgw,80000000,600,517200,209818060,0,1730460,46850
35.9,4,pgw_to_cer,80000000,0,0,5617771,0,0,0
35.9,4,cer_to_pgw,80000000,600,585597,210886713,0,1042659,46874
36,4,pgw_to_cer,80000000,0,0,5632783,0,0,0
36,4,cer_to_pgw,80000000,600,616602,211918267,0,67295,46901
36.1,4,pgw_to_cer,80000000,0,0,5643013,0,0,0
36.1,4,cer_to_pgw,80000000,600,582416,212884084,0,345056,46913
36.2,4,pgw_to_cer,80000000,0,0,5655673,0,0,0
36.2,4,cer_to_pgw,80000000,600,475696,213776914,0,1046672,46940
36.3,4,pgw_to_cer,80000000,0,0,5679559,0,0,0
36.3,4,cer_to_pgw,80000000,600,475232,214776448,0,917400,46980
36.4,4,pgw_to_cer,80000000,0,0,5725699,0,0,0
36.4,4,cer_to_pgw,80000000,546,405036,215706686,0,0,47025
36.5,4,pgw_to_cer,80000000,0,0,5767239,0,0,0
36.5,4,cer_to_pgw,80000000,600,519608,216821166,0,433380,47025
36.6,4,pgw_to_cer,80000000,0,0,5781681,0,0,0
36.6,4,cer_to_pgw,80000000,600,485016,217786578,0,770252,47029
36.7,4,pgw_to_cer,80000000,0,0,5807809,0,0,0
36.7,4,cer_to_pgw,80000000,600,469768,218770834,0,429628,47072
36.8,4,pgw_to_cer,80000000,0,0,5852495,0,0,0
36.8,4,cer_to_pgw,80000000,264,149008,219449852,0,0,47088
36.9,4,pgw_to_cer,80000000,0,0,5912227,0,0,0
36.9,4,cer_to_pgw,80000000,66,38940,220157154,0,0,47088
37,4,pgw_to_cer,80000000,0,0,5961283,0,0,0
37,4,cer_to_pgw,80000000,526,310340,221389504,0,0,47088
37.1,4,pgw_to_cer,80000000,0,0,6001483,0,0,0
37.1,4,cer_to_pgw,80000000,600,451512,222530944,0,967916,47088
37.2,4,pgw_to_cer,80000000,0,0,6027497,0,0,0
37.2,4,cer_to_pgw,80000000,600,473216,223552876,0,1369536,47112
37.3,4,pgw_to_cer,80000000,0,0,6070037,0,0,0
37.3,4,cer_to_pgw,80000000,600,466600,224546458,0,767368,47145
37.4,4,pgw_to_cer,80000000,0,0,6121761,0,0,0
37.4,4,cer_to_pgw,80000000,233,231582,225310860,0,0,47160
37.5,4,pgw_to_cer,80000000,0,0,6140635,0,0,0
37.5,4,cer_to_pgw,80000000,600,507816,226587286,0,481868,47160
37.6,4,pgw_to_cer,80000000,0,0,6159559,0,0,0
37.6,4,cer_to_pgw,80000000,600,475648,227555038,0,995468,47181
37.7,4,pgw_to_cer,80000000,0,0,6194293,0,0,0
37.7,4,cer_to_pgw,80000000,600,474720,228554418,0,1464664,47209
37.8,4,pgw_to_cer,80000000,0,0,6244095,0,0,0
37.8,4,cer_to_pgw,80000000,600,524112,229603544,0,1702520,47246
37.9,4,pgw_to_cer,80000000,0,0,6275781,0,0,0
37.9,4,cer_to_pgw,80000000,600,486464,230565930,0,1307220,47275
38,4,pgw_to_cer,80000000,0,0,6301761,0,0,0
38,4,cer_to_pgw,80000000,600,496987,231576696,0,565116,47307
38.1,4,pgw_to_cer,80000000,5,270,6321995,0,0,0
38.1,4,cer_to_pgw,80000000,600,592399,232672158,0,600476,47347
38.2,4,pgw_to_cer,80000000,0,0,6331889,0,0,0
38.2,4,cer_to_pgw,80000000,600,617981,233697469,0,773151,47392
38.3,4,pgw_to_cer,80000000,0,0,6337745,0,0,0
38.3,4,cer_to_pgw,80000000,600,613185,234692773,0,28371,47435
38.4,4,pgw_to_cer,80000000,0,0,6342305,0,0,0
38.4,4,cer_to_pgw,80000000,0,0,234725758,0,0,47435
38.5,4,pgw_to_cer,80000000,0,0,6346865,0,0,0
38.5,4,cer_to_pgw,80000000,110,114292,235765162,0,0,47435
38.6,4,pgw_to_cer,80000000,0,0,6351425,0,0,0
38.6,4,cer_to_pgw,80000000,274,281644,236933250,0,0,47435
38.7,4,pgw_to_cer,80000000,0,0,6355985,0,0,0
38.7,4,cer_to_pgw,80000000,0,0,237218086,0,0,47435
38.8,4,pgw_to_cer,80000000,0,0,6360545,0,0,0
38.8,4,cer_to_pgw,80000000,0,0,237222646,0,0,47435
38.9,4,pgw_to_cer,80000000,0,0,6365105,0,0,0
38.9,4,cer_to_pgw,80000000,0,0,237227206,0,0,47435
39,4,pgw_to_cer,80000000,0,0,6369665,0,0,0
39,4,cer_to_pgw,80000000,0,0,237231766,0,0,47435
39.1,4,pgw_to_cer,80000000,0,0,6374225,0,0,0
39.1,4,cer_to_pgw,80000000,108,113832,238271170,0,0,47435
39.2,4,pgw_to_cer,80000000,0,0,6378785,0,0,0
39.2,4,cer_to_pgw,80000000,274,281644,239439258,0,0,47435
39.3,4,pgw_to_cer,80000000,0,0,6383345,0,0,0
39.3,4,cer_to_pgw,80000000,0,0,239724094,0,0,47435
39.4,4,pgw_to_cer,80000000,0,0,6387905,0,0,0
39.4,4,cer_to_pgw,80000000,0,0,239728654,0,0,47435
39.5,4,pgw_to_cer,80000000,0,0,6392465,0,0,0
39.5,4,cer_to_pgw,80000000,0,0,239733214,0,0,47435
39.6,4,pgw_to_cer,80000000,0,0,6397025,0,0,0
39.6,4,cer_to_pgw,80000000,0,0,239737774,0,0,47435
39.7,4,pgw_to_cer,80000000,0,0,6401585,0,0,0
39.7,4,cer_to_pgw,80000000,108,113832,240777178,0,0,47435
39.8,4,pgw_to_cer,80000000,0,0,6406145,0,0,0
39.8,4,cer_to_pgw,80000000,271,281778,241945266,0,0,47435
39.9,4,pgw_to_cer,80000000,0,0,6410705,0,0,0
39.9,4,cer_to_pgw,80000000,0,0,242230102,0,0,47435
40,4,pgw_to_cer,80000000,0,0,6415265,0,0,0
40,4,cer_to_pgw,80000000,0,0,242234662,0,0,47435
40.1,4,pgw_to_cer,80000000,0,0,6419825,0,0,0
40.1,4,cer_to_pgw,80000000,0,0,242239222,0,0,47435
40.2,4,pgw_to_cer,80000000,0,0,6424385,0,0,0
40.2,4,cer_to_pgw,80000000,0,0,242243782,0,0,47435
40.3,4,pgw_to_cer,80000000,0,0,6428945,0,0,0
40.3,4,cer_to_pgw,80000000,116,122264,243292856,0,0,47435
40.4,4,pgw_to_cer,80000000,0,0,6433505,0,0,0
40.4,4,cer_to_pgw,80000000,309,321830,244492468,0,0,47435
40.5,4,pgw_to_cer,80000000,0,0,6438065,0,0,0
40.5,4,cer_to_pgw,80000000,0,0,244786790,0,0,47435
40.6,4,pgw_to_cer,80000000,0,0,6442625,0,0,0
40.6,4,cer_to_pgw,80000000,0,0,244791350,0,0,47435
40.7,4,pgw_to_cer,80000000,0,0,6447185,0,0,0
40.7,4,cer_to_pgw,80000000,133,140182,245858342,0,0,47435
40.8,4,pgw_to_cer,80000000,0,0,6451745,0,0,0
40.8,4,cer_to_pgw,80000000,321,334478,247051814,0,0,47435
40.9,4,pgw_to_cer,80000000,0,0,6456305,0,0,0
40.9,4,cer_to_pgw,80000000,457,467374,248185074,0,0,47435
41,4,pgw_to_cer,80000000,0,0,6460865,0,0,0
41,4,cer_to_pgw,80000000,564,580083,249298258,0,0,47435
41.1,4,pgw_to_cer,80000000,0,0,6465425,0,0,0
41.1,4,cer_to_pgw,80000000,0,0,249575716,0,0,47435
41.2,4,pgw_to_cer,80000000,0,0,6469985,0,0,0
41.2,4,cer_to_pgw,80000000,0,0,249580276,0,0,47435
41.3,4,pgw_to_cer,80000000,0,0,6474545,0,0,0
41.3,4,cer_to_pgw,80000000,120,123184,250629350,0,0,47435
41.4,4,pgw_to_cer,80000000,0,0,6479105,0,0,0
41.4,4,cer_to_pgw,80000000,313,322750,251828962,0,0,47435
41.5,4,pgw_to_cer,80000000,0,0,6483895,0,0,0
41.5,4,cer_to_pgw,80000000,0,0,252123284,0,0,47435
41.6,4,pgw_to_cer,80000000,0,0,6489145,0,0,0
41.6,4,cer_to_pgw,80000000,0,0,252127844,0,0,47435
41.7,4,pgw_to_cer,80000000,0,0,6493705,0,0,0
41.7,4,cer_to_pgw,80000000,111,113698,253167248,0,0,47435
41.8,4,pgw_to_cer,80000000,0,0,6498265,0,0,0
41.8,4,cer_to_pgw,80000000,274,281644,254335336,0,0,47435
41.9,4,pgw_to_cer,80000000,0,0,6502825,0,0,0
41.9,4,cer_to_pgw,80000000,0,0,254620172,0,0,47435
42,5,pgw_to_cer,80000000,0,0,6507385,0,0,0
42,5,cer_to_pgw,80000000,0,0,254624732,0,0,47435
42.1,5,pgw_to_cer,80000000,0,0,6511945,0,0,0
42.1,5,cer_to_pgw,80000000,0,0,254629292,0,0,47435
42.2,5,pgw_to_cer,80000000,0,0,6516505,0,0,0
42.2,5,cer_to_pgw,80000000,0,0,254633852,0,0,47435
42.3,5,pgw_to_cer,80000000,0,0,6521065,0,0,0
42.3,5,cer_to_pgw,80000000,117,123318,255682926,0,0,47435
42.4,5,pgw_to_cer,80000000,0,0,6525915,0,0,0
42.4,5,cer_to_pgw,80000000,314,323804,256883373,0,0,47435
42.5,5,pgw_to_cer,80000000,0,0,6531015,0,0,0
42.5,5,cer_to_pgw,80000000,0,0,257177965,0,0,47435
42.6,5,pgw_to_cer,80000000,0,0,6535575,0,0,0
42.6,5,cer_to_pgw,80000000,0,0,257182525,0,0,47435
42.7,5,pgw_to_cer,80000000,0,0,6540135,0,0,0
42.7,5,cer_to_pgw,80000000,134,141236,258249517,0,0,47435
42.8,5,pgw_to_cer,80000000,0,0,6544695,0,0,0
42.8,5,cer_to_pgw,80000000,325,335398,259442989,0,0,47435
42.9,5,pgw_to_cer,80000000,0,0,6549255,0,0,0
42.9,5,cer_to_pgw,80000000,454,467508,260575329,0,0,47435
43,5,pgw_to_cer,80000000,0,0,6553815,0,0,0
43,5,cer_to_pgw,80000000,561,580217,261688513,0,0,47435
43.1,5,pgw_to_cer,80000000,0,0,6558375,0,0,0
43.1,5,cer_to_pgw,80000000,0,0,261965971,0,0,47435
43.2,5,pgw_to_cer,80000000,0,0,6564165,0,0,0
43.2,5,cer_to_pgw,80000000,0,0,261971761,0,0,47435
43.3,5,pgw_to_cer,80000000,0,0,6570365,0,0,0
43.3,5,cer_to_pgw,80000000,146,153884,263050895,0,0,47435
43.4,5,pgw_to_cer,80000000,0,0,6578585,0,0,0
43.4,5,cer_to_pgw,80000000,553,513534,264411037,0,0,47435
43.5,5,pgw_to_cer,80000000,0,0,6588005,0,0,0
43.5,5,cer_to_pgw,80000000,41,20750,264917759,0,0,47435
43.6,5,pgw_to_cer,80000000,0,0,6622955,0,0,0
43.6,5,cer_to_pgw,80000000,328,192376,265770235,0,0,47435
43.7,5,pgw_to_cer,80000000,0,0,6661157,0,0,0
43.7,5,cer_to_pgw,80000000,600,474368,267052509,0,690108,47435
43.8,5,pgw_to_cer,80000000,0,0,6684281,0,0,0
43.8,5,cer_to_pgw,80000000,600,468672,268046533,0,1231132,47448
43.9,5,pgw_to_cer,80000000,0,0,6725349,0,0,0
43.9,5,cer_to_pgw,80000000,600,466256,269044109,0,659936,47472
44,5,pgw_to_cer,80000000,0,0,6778325,0,0,0
44,5,cer_to_pgw,80000000,139,127970,269706235,0,0,47482
44.1,5,pgw_to_cer,80000000,0,0,6814803,0,0,0
44.1,5,cer_to_pgw,80000000,61,35990,270582613,0,0,47482
44.2,5,pgw_to_cer,80000000,0,0,6864839,0,0,0
44.2,5,cer_to_pgw,80000000,0,0,271263907,0,0,47482
44.3,5,pgw_to_cer,80000000,0,0,6876365,0,0,0
44.3,5,cer_to_pgw,80000000,236,241592,272465405,0,0,47482
44.4,5,pgw_to_cer,80000000,0,0,6892253,0,0,0
44.4,5,cer_to_pgw,80000000,600,558704,273782461,0,250460,47482
44.5,5,pgw_to_cer,80000000,0,0,6904643,0,0,0
44.5,5,cer_to_pgw,80000000,600,410136,274634049,0,66444,47482
44.6,5,pgw_to_cer,80000000,0,0,6941267,0,0,0
44.6,5,cer_to_pgw,80000000,444,248064,275471625,0,0,47482
44.7,5,pgw_to_cer,80000000,0,0,6992969,0,0,0
44.7,5,cer_to_pgw,80000000,422,235604,276459327,0,0,47482
44.8,5,pgw_to_cer,80000000,0,0,7046941,0,0,0
44.8,5,cer_to_pgw,80000000,405,225958,277449957,0,0,47482
44.9,5,pgw_to_cer,80000000,0,0,7088803,0,0,0
44.9,5,cer_to_pgw,80000000,600,505648,278729859,0,294896,47482
45,5,pgw_to_cer,80000000,0,0,7107499,0,0,0
45,5,cer_to_pgw,80000000,600,615008,279838591,0,339796,47497
45.1,5,pgw_to_cer,80000000,0,0,7112117,0,0,0
45.1,5,cer_to_pgw,80000000,236,230496,280454549,0,0,47506
45.2,5,pgw_to_cer,80000000,0,0,7118012,0,0,0
45.2,5,cer_to_pgw,80000000,0,0,280489277,0,0,47506
45.3,5,pgw_to_cer,80000000,0,0,7128188,0,0,0
45.3,5,cer_to_pgw,80000000,0,0,280653137,0,0,47506
45.4,5,pgw_to_cer,80000000,0,0,7149434,0,0,0
45.4,5,cer_to_pgw,80000000,57,32190,281294897,0,0,47506
45.5,5,pgw_to_cer,80000000,0,0,7186772,0,0,0
45.5,5,cer_to_pgw,80000000,600,471320,282691411,0,630112,47506
45.6,5,pgw_to_cer,80000000,0,0,7208450,0,0,0
45.6,5,cer_to_pgw,80000000,600,465792,283686241,0,1257700,47519
45.7,5,pgw_to_cer,80000000,0,0,7248662,0,0,0
45.7,5,cer_to_pgw,80000000,600,467552,284687769,0,699096,47544
45.8,5,pgw_to_cer,80000000,0,0,7301154,0,0,0
45.8,5,cer_to_pgw,80000000,173,161678,285381765,0,0,47561
45.9,5,pgw_to_cer,80000000,0,0,7325808,0,0,0
45.9,5,cer_to_pgw,80000000,600,523488,286743893,0,362364,47561
46,5,pgw_to_cer,80000000,0,0,7343220,0,0,0
46,5,cer_to_pgw,80000000,600,478016,287698111,0,950112,47576
46.1,5,pgw_to_cer,80000000,0,0,7371874,0,0,0
46.1,5,cer_to_pgw,80000000,600,476160,288696437,0,1450560,47604
46.2,5,pgw_to_cer,80000000,0,0,7421378,0,0,0
46.2,5,cer_to_pgw,80000000,600,508616,289729029,0,1715204,47636
46.3,5,pgw_to_cer,80000000,0,0,7456474,0,0,0
46.3,5,cer_to_pgw,80000000,600,506829,290727254,0,1224207,47660
46.4,5,pgw_to_cer,80000000,0,0,7482680,0,0,0
46.4,5,cer_to_pgw,80000000,600,584236,291804714,0,234075,47692
46.5,5,pgw_to_cer,80000000,0,0,7494530,0,0,0
46.5,5,cer_to_pgw,80000000,600,620359,292841023,0,285092,47707
46.6,5,pgw_to_cer,80000000,0,0,7502384,0,0,0
46.6,5,cer_to_pgw,80000000,600,569309,293789344,0,717395,47736
46.7,5,pgw_to_cer,80000000,0,0,7515854,0,0,0
46.7,5,cer_to_pgw,80000000,600,477552,294697411,0,485496,47777
46.8,5,pgw_to_cer,80000000,0,0,7538426,0,0,0
46.8,5,cer_to_pgw,80000000,600,383327,295603713,0,178132,47799
46.9,5,pgw_to_cer,80000000,0,0,7608784,0,0,0
46.9,5,cer_to_pgw,80000000,600,621208,296841865,0,48392,47804
47,5,pgw_to_cer,80000000,0,0,7623772,0,0,0
47,5,cer_to_pgw,80000000,600,481448,297702073,0,861624,47804
47.1,5,pgw_to_cer,80000000,0,0,7640752,0,0,0
47.1,5,cer_to_pgw,80000000,600,477088,298697237,0,304092,47845
47.2,5,pgw_to_cer,80000000,0,0,7679292,0,0,0
47.2,5,cer_to_pgw,80000000,285,164238,299384563,0,0,47856
47.3,5,pgw_to_cer,80000000,0,0,7743284,0,0,0
47.3,5,cer_to_pgw,80000000,12,7080,299822773,0,0,47856
47.4,5,pgw_to_cer,80000000,0,0,7780244,0,0,0
47.4,5,cer_to_pgw,80000000,36,21240,300575453,0,0,47856
47.5,5,pgw_to_cer,80000000,0,0,7807646,0,0,0
47.5,5,cer_to_pgw,80000000,549,532230,302083891,0,0,47856
47.6,5,pgw_to_cer,80000000,0,0,7819280,0,0,0
47.6,5,cer_to_pgw,80000000,600,611240,303162563,0,120980,47856
47.7,5,pgw_to_cer,80000000,0,0,7823840,0,0,0
47.7,5,cer_to_pgw,80000000,42,26020,303578095,0,0,47856
47.8,5,pgw_to_cer,80000000,0,0,7828400,0,0,0
47.8,5,cer_to_pgw,80000000,0,0,303582655,0,0,47856
47.9,5,pgw_to_cer,80000000,0,0,7832960,0,0,0
47.9,5,cer_to_pgw,80000000,137,141102,304649647,0,0,47856
48,5,pgw_to_cer,80000000,0,0,7837520,0,0,0
48,5,cer_to_pgw,80000000,325,335398,305843119,0,0,47856
48.1,5,pgw_to_cer,80000000,0,0,7842310,0,0,0
48.1,5,cer_to_pgw,80000000,457,467374,306975459,0,0,47856
48.2,5,pgw_to_cer,80000000,0,0,7847560,0,0,0
48.2,5,cer_to_pgw,80000000,564,580083,308088643,0,0,47856
48.3,5,pgw_to_cer,80000000,0,0,7852120,0,0,0
48.3,5,cer_to_pgw,80000000,0,0,308366101,0,0,47856
48.4,5,pgw_to_cer,80000000,0,0,7856680,0,0,0
48.4,5,cer_to_pgw,80000000,0,0,308370661,0,0,47856
48.5,5,pgw_to_cer,80000000,0,0,7861240,0,0,0
48.5,5,cer_to_pgw,80000000,120,123184,309419735,0,0,47856
48.6,5,pgw_to_cer,80000000,0,0,7865800,0,0,0
48.6,5,cer_to_pgw,80000000,313,322750,310619347,0,0,47856
48.7,5,pgw_to_cer,80000000,0,0,7870360,0,0,0
48.7,5,cer_to_pgw,80000000,0,0,310913669,0,0,47856
48.8,5,pgw_to_cer,80000000,0,0,7874920,0,0,0
48.8,5,cer_to_pgw,80000000,0,0,310918229,0,0,47856
48.9,5,pgw_to_cer,80000000,0,0,7879480,0,0,0
48.9,5,cer_to_pgw,80000000,108,113832,311957633,0,0,47856
49,5,pgw_to_cer,80000000,0,0,7884040,0,0,0
49,5,cer_to_pgw,80000000,274,281644,313125721,0,0,47856
49.1,5,pgw_to_cer,80000000,0,0,7888600,0,0,0
49.1,5,cer_to_pgw,80000000,0,0,313410557,0,0,47856
49.2,5,pgw_to_cer,80000000,0,0,7893160,0,0,0
49.2,5,cer_to_pgw,80000000,0,0,313415117,0,0,47856
49.3,5,pgw_to_cer,80000000,0,0,7897720,0,0,0
49.3,5,cer_to_pgw,80000000,0,0,313419677,0,0,47856
49.4,5,pgw_to_cer,80000000,0,0,7902280,0,0,0
49.4,5,cer_to_pgw,80000000,0,0,313424237,0,0,47856
49.5,5,pgw_to_cer,80000000,0,0,7906840,0,0,0
49.5,5,cer_to_pgw,80000000,108,113832,314463641,0,0,47856
49.6,5,pgw_to_cer,80000000,0,0,7911400,0,0,0
49.6,5,cer_to_pgw,80000000,271,281778,315631729,0,0,47856
49.7,5,pgw_to_cer,80000000,0,0,7915960,0,0,0
49.7,5,cer_to_pgw,80000000,0,0,315916565,0,0,47856
49.8,5,pgw_to_cer,80000000,0,0,7920520,0,0,0
49.8,5,cer_to_pgw,80000000,0,0,315921125,0,0,47856
49.9,5,pgw_to_cer,80000000,0,0,7925080,0,0,0
49.9,5,cer_to_pgw,80000000,0,0,315925685,0,0,47856
50,5,pgw_to_cer,80000000,0,0,7929640,0,0,0
50,5,cer_to_pgw,80000000,0,0,315930245,0,0,47856
50.1,5,pgw_to_cer,80000000,0,0,7934200,0,0,0
50.1,5,cer_to_pgw,80000000,107,112778,316969649,0,0,47856
50.2,5,pgw_to_cer,80000000,0,0,7938760,0,0,0
50.2,5,cer_to_pgw,80000000,270,280724,318137737,0,0,47856
50.3,5,pgw_to_cer,80000000,0,0,7943320,0,0,0
50.3,5,cer_to_pgw,80000000,0,0,318422573,0,0,47856
50.4,5,pgw_to_cer,80000000,0,0,7947880,0,0,0
50.4,5,cer_to_pgw,80000000,0,0,318427133,0,0,47856
50.5,5,pgw_to_cer,80000000,0,0,7952440,0,0,0
50.5,5,cer_to_pgw,80000000,0,0,318431693,0,0,47856
50.6,5,pgw_to_cer,80000000,0,0,7957000,0,0,0
50.6,5,cer_to_pgw,80000000,0,0,318436253,0,0,47856
50.7,5,pgw_to_cer,80000000,0,0,7961560,0,0,0
50.7,5,cer_to_pgw,80000000,116,122264,319485327,0,0,47856
50.8,5,pgw_to_cer,80000000,0,0,7966120,0,0,0
50.8,5,cer_to_pgw,80000000,313,322750,320685859,0,0,47856
50.9,5,pgw_to_cer,80000000,0,0,7970680,0,0,0
50.9,5,cer_to_pgw,80000000,0,0,320980181,0,0,47856
51,5,pgw_to_cer,80000000,0,0,7975240,0,0,0
51,5,cer_to_pgw,80000000,0,0,320984741,0,0,47856
51.1,5,pgw_to_cer,80000000,0,0,7979800,0,0,0
51.1,5,cer_to_pgw,80000000,137,141102,322051733,0,0,47856
51.2,5,pgw_to_cer,80000000,0,0,7984360,0,0,0
51.2,5,cer_to_pgw,80000000,325,335398,323245205,0,0,47856
51.3,5,pgw_to_cer,80000000,0,0,7988920,0,0,0
51.3,5,cer_to_pgw,80000000,457,467374,324377545,0,0,47856
51.4,5,pgw_to_cer,80000000,0,0,7993710,0,0,0
51.4,5,cer_to_pgw,80000000,564,580083,325490729,0,0,47856
51.5,0,pgw_to_cer,80000000,0,0,7998960,0,0,0
51.5,0,cer_to_pgw,80000000,0,0,325768187,0,0,47856
51.6,0,pgw_to_cer,80000000,0,0,8003520,0,0,0
51.6,0,cer_to_pgw,80000000,0,0,325772747,0,0,47856
51.7,0,pgw_to_cer,80000000,0,0,8008080,0,0,0
51.7,0,cer_to_pgw,80000000,120,123184,326821821,0,0,47856
51.8,0,pgw_to_cer,80000000,0,0,8012640,0,0,0
51.8,0,cer_to_pgw,80000000,313,322750,328021433,0,0,47856
51.9,0,pgw_to_cer,80000000,0,0,8017200,0,0,0
51.9,0,cer_to_pgw,80000000,0,0,328315755,0,0,47856
52,0,pgw_to_cer,80000000,0,0,8021760,0,0,0
52,0,cer_to_pgw,80000000,0,0,328320315,0,0,47856
52.1,0,pgw_to_cer,80000000,0,0,8026320,0,0,0
52.1,0,cer_to_pgw,80000000,108,113832,329359719,0,0,47856
52.2,0,pgw_to_cer,80000000,0,0,8030880,0,0,0
52.2,0,cer_to_pgw,80000000,274,281644,330527807,0,0,47856
52.3,0,pgw_to_cer,80000000,0,0,8035440,0,0,0
52.3,0,cer_to_pgw,80000000,0,0,330812643,0,0,47856
52.4,0,pgw_to_cer,80000000,0,0,8040000,0,0,0
52.4,0,cer_to_pgw,80000000,0,0,330817203,0,0,47856
52.5,0,pgw_to_cer,80000000,0,0,8044560,0,0,0
52.5,0,cer_to_pgw,80000000,0,0,330821763,0,0,47856
52.6,0,pgw_to_cer,80000000,0,0,8049120,0,0,0
52.6,0,cer_to_pgw,80000000,0,0,330826323,0,0,47856
52.7,0,pgw_to_cer,80000000,0,0,8053680,0,0,0
52.7,0,cer_to_pgw,80000000,117,123318,331875397,0,0,47856
52.8,0,pgw_to_cer,80000000,0,0,8058240,0,0,0
52.8,0,cer_to_pgw,80000000,313,322750,333075009,0,0,47856
52.9,0,pgw_to_cer,80000000,0,0,8062800,0,0,0
52.9,0,cer_to_pgw,80000000,0,0,333369331,0,0,47856
53,0,pgw_to_cer,80000000,0,0,8067360,0,0,0
53,0,cer_to_pgw,80000000,0,0,333373891,0,0,47856
53.1,0,pgw_to_cer,80000000,0,0,8071920,0,0,0
53.1,0,cer_to_pgw,80000000,134,141236,334440883,0,0,47856
53.2,0,pgw_to_cer,80000000,0,0,8076480,0,0,0
53.2,0,cer_to_pgw,80000000,325,335398,335634355,0,0,47856
53.3,0,pgw_to_cer,80000000,0,0,8081040,0,0,0
53.3,0,cer_to_pgw,80000000,454,467508,336766695,0,0,47856
53.4,0,pgw_to_cer,80000000,0,0,8085600,0,0,0
53.4,0,cer_to_pgw,80000000,561,580217,337879879,0,0,47856
53.5,0,pgw_to_cer,80000000,0,0,8090160,0,0,0
53.5,0,cer_to_pgw,80000000,0,0,338157337,0,0,47856
53.6,0,pgw_to_cer,80000000,0,0,8094720,0,0,0
53.6,0,cer_to_pgw,80000000,0,0,338161897,0,0,47856
53.7,0,pgw_to_cer,80000000,0,0,8099280,0,0,0
53.7,0,cer_to_pgw,80000000,116,122264,339210971,0,0,47856
53.8,0,pgw_to_cer,80000000,0,0,8103840,0,0,0
53.8,0,cer_to_pgw,80000000,309,321830,340410583,0,0,47856
53.9,0,pgw_to_cer,80000000,0,0,8108400,0,0,0
53.9,0,cer_to_pgw,80000000,0,0,340704905,0,0,47856
54,0,pgw_to_cer,80000000,0,0,8112960,0,0,0
54,0,cer_to_pgw,80000000,0,0,340709465,0,0,47856
54.1,0,pgw_to_cer,80000000,0,0,8117520,0,0,0
54.1,0,cer_to_pgw,80000000,111,113698,341749789,0,0,47856
54.2,0,pgw_to_cer,80000000,0,0,8122080,0,0,0
54.2,0,cer_to_pgw,80000000,274,281644,342917877,0,0,47856
54.3,0,pgw_to_cer,80000000,0,0,8126640,0,0,0
54.3,0,cer_to_pgw,80000000,0,0,343202713,0,0,47856
54.4,0,pgw_to_cer,80000000,0,0,8131200,0,0,0
54.4,0,cer_to_pgw,80000000,0,0,343207273,0,0,47856
54.5,0,pgw_to_cer,80000000,0,0,8135760,0,0,0
54.5,0,cer_to_pgw,80000000,0,0,343211833,0,0,47856
54.6,0,pgw_to_cer,80000000,0,0,8140320,0,0,0
54.6,0,cer_to_pgw,80000000,0,0,343216393,0,0,47856
54.7,0,pgw_to_cer,80000000,0,0,8144880,0,0,0
54.7,0,cer_to_pgw,80000000,111,113698,344255797,0,0,47856
54.8,0,pgw_to_cer,80000000,0,0,8150360,0,0,0
54.8,0,cer_to_pgw,80000000,274,281644,345423885,0,0,47856
54.9,0,pgw_to_cer,80000000,0,0,8154920,0,0,0
54.9,0,cer_to_pgw,80000000,0,0,345708721,0,0,47856
55,0,pgw_to_cer,80000000,0,0,8159480,0,0,0
55,0,cer_to_pgw,80000000,0,0,345713281,0,0,47856
55.1,0,pgw_to_cer,80000000,0,0,8164040,0,0,0
55.1,0,cer_to_pgw,80000000,0,0,345717841,0,0,47856
55.2,0,pgw_to_cer,80000000,0,0,8168600,0,0,0
55.2,0,cer_to_pgw,80000000,0,0,345722401,0,0,47856
55.3,0,pgw_to_cer,80000000,0,0,8173160,0,0,0
55.3,0,cer_to_pgw,80000000,108,113832,346761805,0,0,47856
55.4,0,pgw_to_cer,80000000,0,0,8177720,0,0,0
55.4,0,cer_to_pgw,80000000,274,281644,347929893,0,0,47856
55.5,0,pgw_to_cer,80000000,0,0,8182280,0,0,0
55.5,0,cer_to_pgw,80000000,0,0,348214729,0,0,47856
55.6,0,pgw_to_cer,80000000,0,0,8186840,0,0,0
55.6,0,cer_to_pgw,80000000,0,0,348219289,0,0,47856
55.7,0,pgw_to_cer,80000000,0,0,8191400,0,0,0
55.7,0,cer_to_pgw,80000000,0,0,348223849,0,0,47856
55.8,0,pgw_to_cer,80000000,0,0,8195960,0,0,0
55.8,0,cer_to_pgw,80000000,0,0,348228409,0,0,47856
55.9,0,pgw_to_cer,80000000,0,0,8200520,0,0,0
55.9,0,cer_to_pgw,80000000,117,123318,349277483,0,0,47856
56,0,pgw_to_cer,80000000,0,0,8205080,0,0,0
56,0,cer_to_pgw,80000000,313,322750,350477095,0,0,47856
56.1,0,pgw_to_cer,80000000,0,0,8209640,0,0,0
56.1,0,cer_to_pgw,80000000,0,0,350771417,0,0,47856
56.2,0,pgw_to_cer,80000000,0,0,8214200,0,0,0
56.2,0,cer_to_pgw,80000000,0,0,350775977,0,0,47856
56.3,0,pgw_to_cer,80000000,0,0,8218760,0,0,0
56.3,0,cer_to_pgw,80000000,134,141236,351842969,0,0,47856
56.4,0,pgw_to_cer,80000000,0,0,8223320,0,0,0
56.4,0,cer_to_pgw,80000000,325,335398,353036441,0,0,47856
56.5,0,pgw_to_cer,80000000,0,0,8227880,0,0,0
56.5,0,cer_to_pgw,80000000,454,467508,354168781,0,0,47856
