sim_time,cycle_id,ap_id,direction,old_bps,new_bps
0,0,0,pgw_to_cer,80000000,80000000
0,0,0,cer_to_pgw,80000000,80000000
0,0,1,ap_to_router,40000000,40000000
0,0,1,router_to_ap,40000000,40000000
0,0,2,ap_to_router,20000000,20000000
0,0,2,router_to_ap,20000000,20000000
13.5,2,0,pgw_to_cer,80000000,40000000
13.5,2,0,cer_to_pgw,80000000,40000000
13.5,2,1,ap_to_router,40000000,60000000
13.5,2,1,router_to_ap,40000000,60000000
13.5,2,2,ap_to_router,20000000,10000000
13.5,2,2,router_to_ap,20000000,10000000
32.5,4,0,pgw_to_cer,40000000,80000000
32.5,4,0,cer_to_pgw,40000000,80000000
32.5,4,1,ap_to_router,60000000,40000000
32.5,4,1,router_to_ap,60000000,40000000
32.5,4,2,ap_to_router,10000000,40000000
32.5,4,2,router_to_ap,10000000,40000000
