run_index,source_file,source_condition,seed,method,max_switches,num_cycles,num_ues,best_cycle,best_harmonic_mean,early_rows_before_sampling,samples_after_sampling,switch_like_samples,noop_samples_kept
0,/home/sota/ns-3.44/OUTPUT/80/multi_greedy_K1/master_log_10_20260819_115347.csv,multi_greedy_K1,10,multi_greedy,1,5,80,1,0.30604,160,40,1,39
1,/home/sota/ns-3.44/OUTPUT/80/multi_greedy_K1/master_log_1_20260818_015228.csv,multi_greedy_K1,1,multi_greedy,1,5,80,5,0.415871,160,45,7,38
2,/home/sota/ns-3.44/OUTPUT/80/multi_greedy_K1/master_log_2_20260818_072353.csv,multi_greedy_K1,2,multi_greedy,1,5,80,1,0.314149,160,40,1,39
3,/home/sota/ns-3.44/OUTPUT/80/multi_greedy_K1/master_log_3_20260818_125514.csv,multi_greedy_K1,3,multi_greedy,1,5,80,1,0.33162,160,40,1,39
4,/home/sota/ns-3.44/OUTPUT/80/multi_greedy_K1/master_log_4_20260818_182505.csv,multi_greedy_K1,4,multi_greedy,1,5,80,5,0.370629,160,45,7,38
5,/home/sota/ns-3.44/OUTPUT/80/multi_greedy_K1/master_log_5_20260819_001757.csv,multi_greedy_K1,5,multi_greedy,1,5,80,1,0.298538,160,40,1,39
6,/home/sota/ns-3.44/OUTPUT/80/multi_greedy_K1/master_log_6_20260819_055640.csv,multi_greedy_K1,6,multi_greedy,1,5,80,5,0.620652,160,45,7,38
7,/home/sota/ns-3.44/OUTPUT/80/multi_greedy_K1/master_log_7_20260818_220651.csv,multi_greedy_K1,7,multi_greedy,1,5,80,1,0.337456,160,40,1,39
8,/home/sota/ns-3.44/OUTPUT/80/multi_greedy_K1/master_log_8_20260819_032459.csv,multi_greedy_K1,8,multi_greedy,1,5,80,5,0.394023,160,45,7,38
9,/home/sota/ns-3.44/OUTPUT/80/multi_greedy_K1/master_log_9_20260819_083748.csv,multi_greedy_K1,9,multi_greedy,1,5,80,5,0.360556,160,45,7,38
10,/home/sota/ns-3.44/OUTPUT/80/multi_greedy_K10/master_log_10_20260819_115450.csv,multi_greedy_K10,10,multi_greedy,10,5,80,3,0.456225,160,62,30,32
11,/home/sota/ns-3.44/OUTPUT/80/multi_greedy_K10/master_log_1_20260818_015444.csv,multi_greedy_K10,1,multi_greedy,10,5,80,4,0.676633,160,77,50,27
12,/home/sota/ns-3.44/OUTPUT/80/multi_greedy_K10/master_log_2_20260818_073542.csv,multi_greedy_K10,2,multi_greedy,10,5,80,4,0.621014,160,68,38,30
13,/home/sota/ns-3.44/OUTPUT/80/multi_greedy_K10/master_log_3_20260818_130344.csv,multi_greedy_K10,3,multi_greedy,10,5,80,4,0.60764,160,77,50,27
14,/home/sota/ns-3.44/OUTPUT/80/multi_greedy_K10/master_log_4_20260818_182426.csv,multi_greedy_K10,4,multi_greedy,10,5,80,3,0.446406,160,62,30,32
15,/home/sota/ns-3.44/OUTPUT/80/multi_greedy_K10/master_log_5_20260819_001948.csv,multi_greedy_K10,5,multi_greedy,10,5,80,3,0.494497,160,62,30,32
16,/home/sota/ns-3.44/OUTPUT/80/multi_greedy_K10/master_log_6_20260819_055925.csv,multi_greedy_K10,6,multi_greedy,10,5,80,3,0.709582,160,62,30,32
17,/home/sota/ns-3.44/OUTPUT/80/multi_greedy_K10/master_log_7_20260818_220739.csv,multi_greedy_K10,7,multi_greedy,10,5,80,4,0.534212,160,77,50,27
18,/home/sota/ns-3.44/OUTPUT/80/multi_greedy_K10/master_log_8_20260819_033618.csv,multi_greedy_K10,8,multi_greedy,10,5,80,4,0.59584,160,77,50,27
19,/home/sota/ns-3.44/OUTPUT/80/multi_greedy_K10/master_log_9_20260819_084440.csv,multi_greedy_K10,9,multi_greedy,10,5,80,5,0.541595,160,82,56,26
20,/home/sota/ns-3.44/OUTPUT/80/multi_greedy_K3/master_log_10_20260819_115404.csv,multi_greedy_K3,10,multi_greedy,3,5,80,5,0.42053,160,55,21,34
21,/home/sota/ns-3.44/OUTPUT/80/multi_greedy_K3/master_log_1_20260818_015520.csv,multi_greedy_K3,1,multi_greedy,3,5,80,5,0.56506,160,55,21,34
22,/home/sota/ns-3.44/OUTPUT/80/multi_greedy_K3/master_log_2_20260818_073808.csv,multi_greedy_K3,2,multi_greedy,3,5,80,5,0.492482,160,55,21,34
23,/home/sota/ns-3.44/OUTPUT/80/multi_greedy_K3/master_log_3_20260818_131458.csv,multi_greedy_K3,3,multi_greedy,3,5,80,5,0.537989,160,55,21,34
24,/home/sota/ns-3.44/OUTPUT/80/multi_greedy_K3/master_log_4_20260818_184626.csv,multi_greedy_K3,4,multi_greedy,3,5,80,5,0.425522,160,55,21,34
25,/home/sota/ns-3.44/OUTPUT/80/multi_greedy_K3/master_log_5_20260819_003851.csv,multi_greedy_K3,5,multi_greedy,3,5,80,5,0.476207,160,55,21,34
26,/home/sota/ns-3.44/OUTPUT/80/multi_greedy_K3/master_log_6_20260819_062326.csv,multi_greedy_K3,6,multi_greedy,3,5,80,3,0.662676,160,46,9,37
27,/home/sota/ns-3.44/OUTPUT/80/multi_greedy_K3/master_log_7_20260818_220700.csv,multi_greedy_K3,7,multi_greedy,3,5,80,5,0.517913,160,55,21,34
28,/home/sota/ns-3.44/OUTPUT/80/multi_greedy_K3/master_log_8_20260819_032341.csv,multi_greedy_K3,8,multi_greedy,3,5,80,5,0.556062,160,55,21,34
29,/home/sota/ns-3.44/OUTPUT/80/multi_greedy_K3/master_log_9_20260819_082758.csv,multi_greedy_K3,9,multi_greedy,3,5,80,5,0.465542,160,55,21,34
30,/home/sota/ns-3.44/OUTPUT/80/multi_greedy_K4/master_log_10_20260819_115417.csv,multi_greedy_K4,10,multi_greedy,4,5,80,4,0.45084,160,55,20,35
31,/home/sota/ns-3.44/OUTPUT/80/multi_greedy_K4/master_log_1_20260818_015303.csv,multi_greedy_K4,1,multi_greedy,4,5,80,5,0.606825,160,61,28,33
32,/home/sota/ns-3.44/OUTPUT/80/multi_greedy_K4/master_log_2_20260818_073340.csv,multi_greedy_K4,2,multi_greedy,4,5,80,5,0.393153,160,61,28,33
33,/home/sota/ns-3.44/OUTPUT/80/multi_greedy_K4/master_log_3_20260818_131509.csv,multi_greedy_K4,3,multi_greedy,4,5,80,5,0.54884,160,61,28,33
34,/home/sota/ns-3.44/OUTPUT/80/multi_greedy_K4/master_log_4_20260818_185023.csv,multi_greedy_K4,4,multi_greedy,4,5,80,5,0.446785,160,61,28,33
35,/home/sota/ns-3.44/OUTPUT/80/multi_greedy_K4/master_log_5_20260819_004304.csv,multi_greedy_K4,5,multi_greedy,4,5,80,4,0.477328,160,55,20,35
36,/home/sota/ns-3.44/OUTPUT/80/multi_greedy_K4/master_log_6_20260819_062735.csv,multi_greedy_K4,6,multi_greedy,4,5,80,3,0.66769,160,49,12,37
37,/home/sota/ns-3.44/OUTPUT/80/multi_greedy_K4/master_log_7_20260818_220713.csv,multi_greedy_K4,7,multi_greedy,4,5,80,4,0.51164,160,55,20,35
38,/home/sota/ns-3.44/OUTPUT/80/multi_greedy_K4/master_log_8_20260819_033653.csv,multi_greedy_K4,8,multi_greedy,4,5,80,5,0.574845,160,61,28,33
39,/home/sota/ns-3.44/OUTPUT/80/multi_greedy_K4/master_log_9_20260819_084759.csv,multi_greedy_K4,9,multi_greedy,4,5,80,5,0.499172,160,61,28,33
40,/home/sota/ns-3.44/OUTPUT/80/multi_greedy_K6/master_log_10_20260819_115426.csv,multi_greedy_K6,10,multi_greedy,6,5,80,4,0.427373,160,62,30,32
41,/home/sota/ns-3.44/OUTPUT/80/multi_greedy_K6/master_log_1_20260818_015558.csv,multi_greedy_K6,1,multi_greedy,6,5,80,5,0.668232,160,71,42,29
42,/home/sota/ns-3.44/OUTPUT/80/multi_greedy_K6/master_log_2_20260818_073718.csv,multi_greedy_K6,2,multi_greedy,6,5,80,5,0.618287,160,71,42,29
43,/home/sota/ns-3.44/OUTPUT/80/multi_greedy_K6/master_log_3_20260818_131347.csv,multi_greedy_K6,3,multi_greedy,6,5,80,5,0.579671,160,71,42,29
44,/home/sota/ns-3.44/OUTPUT/80/multi_greedy_K6/master_log_4_20260818_183818.csv,multi_greedy_K6,4,multi_greedy,6,5,80,5,0.454275,160,71,42,29
45,/home/sota/ns-3.44/OUTPUT/80/multi_greedy_K6/master_log_5_20260819_003227.csv,multi_greedy_K6,5,multi_greedy,6,5,80,3,0.474204,160,53,18,35
46,/home/sota/ns-3.44/OUTPUT/80/multi_greedy_K6/master_log_6_20260819_061602.csv,multi_greedy_K6,6,multi_greedy,6,5,80,3,0.692557,160,53,18,35
47,/home/sota/ns-3.44/OUTPUT/80/multi_greedy_K6/master_log_7_20260818_220722.csv,multi_greedy_K6,7,multi_greedy,6,5,80,5,0.509411,160,71,42,29
48,/home/sota/ns-3.44/OUTPUT/80/multi_greedy_K6/master_log_8_20260819_032458.csv,multi_greedy_K6,8,multi_greedy,6,5,80,5,0.591548,160,71,42,29
49,/home/sota/ns-3.44/OUTPUT/80/multi_greedy_K6/master_log_9_20260819_083544.csv,multi_greedy_K6,9,multi_greedy,6,5,80,5,0.504731,160,71,42,29
50,/home/sota/ns-3.44/OUTPUT/80/multi_greedy_K8/master_log_10_20260819_115433.csv,multi_greedy_K8,10,multi_greedy,8,5,80,5,0.473143,160,82,56,26
51,/home/sota/ns-3.44/OUTPUT/80/multi_greedy_K8/master_log_1_20260818_015424.csv,multi_greedy_K8,1,multi_greedy,8,5,80,5,0.709931,160,80,54,26
52,/home/sota/ns-3.44/OUTPUT/80/multi_greedy_K8/master_log_2_20260818_073023.csv,multi_greedy_K8,2,multi_greedy,8,5,80,4,0.63112,160,70,40,30
53,/home/sota/ns-3.44/OUTPUT/80/multi_greedy_K8/master_log_3_20260818_125853.csv,multi_greedy_K8,3,multi_greedy,8,5,80,5,0.606651,160,82,56,26
54,/home/sota/ns-3.44/OUTPUT/80/multi_greedy_K8/master_log_4_20260818_181930.csv,multi_greedy_K8,4,multi_greedy,8,5,80,4,0.455706,160,70,40,30
55,/home/sota/ns-3.44/OUTPUT/80/multi_greedy_K8/master_log_5_20260819_001229.csv,multi_greedy_K8,5,multi_greedy,8,5,80,3,0.484904,160,58,24,34
56,/home/sota/ns-3.44/OUTPUT/80/multi_greedy_K8/master_log_6_20260819_054858.csv,multi_greedy_K8,6,multi_greedy,8,5,80,3,0.699619,160,58,24,34
57,/home/sota/ns-3.44/OUTPUT/80/multi_greedy_K8/master_log_7_20260818_220731.csv,multi_greedy_K8,7,multi_greedy,8,5,80,4,0.525211,160,70,40,30
58,/home/sota/ns-3.44/OUTPUT/80/multi_greedy_K8/master_log_8_20260819_033626.csv,multi_greedy_K8,8,multi_greedy,8,5,80,4,0.595816,160,70,40,30
59,/home/sota/ns-3.44/OUTPUT/80/multi_greedy_K8/master_log_9_20260819_083818.csv,multi_greedy_K8,9,multi_greedy,8,5,80,5,0.526466,160,79,52,27
