case,terminals,seed,rate_mbps,ap0_rtt_ms,harmonic_mean,unsatisfied,video_tp_mbps,incoming_mbps,handed_to_device_mbps,qdisc_drop_packets,qdisc_drop_fraction,device_full_fraction,device_mean_bytes,qdisc_mean_bytes,rlc_max_hol_ms,monitor_rlc_max_hol_ms
logistic_n100_seed1001_120Mbps,100,1001,120,91.125,0.588309,40,2.994031575,251.32343224489802,119.77164326530615,75855.5,0.5185305505690819,1,632342.3826530612,8812778.214285715,0.49910575,0.0
logistic_n100_seed1001_160Mbps,100,1001,160,80.166675,0.6992754999999999,12.5,3.978586,251.851432244898,159.68541061224494,53171,0.3546148953197834,1,604346.1785714286,8138722.454081632,0.4992825,0.0
logistic_n100_seed1001_80Mbps,100,1001,80,113.0,0.4397555,40.25,1.995891575,251.32343224489802,79.84798571428573,98996.75,0.6766855201153741,1,632280.0510204082,9209914.739795918,0.498685,0.0
logistic_n100_seed1002_120Mbps,100,1002,120,91.208325,0.6294365,40,2.99400705,246.21057020408168,119.77233959183675,72854.5,0.5083193805100424,1,632338.6887755103,8803570.255102042,0.49961875,0.0
logistic_n100_seed1002_160Mbps,100,1002,160,81.0,0.7502465,15.5,3.9921115375,246.21057020408168,159.69584326530617,50076,0.3495225746741436,1,632300.2040816327,7999796.693877552,0.499645,0.0
logistic_n100_seed1002_80Mbps,100,1002,80,113.0,0.47014225,40,1.99594185625,246.21059142857146,79.84774571428574,95864,0.6688635270602834,1,632286.5408163266,9058548.607142858,0.497995,0.0
logistic_n80_seed1001_120Mbps,80,1001,120,91.45835,0.7595737499999999,32,3.7424779375,234.08279877551024,119.77153387755104,65871,0.483402743170836,1,632344.5408163265,8345837.948979592,0.4984335,0.0
logistic_n80_seed1001_160Mbps,80,1001,160,80.29165,0.8495232500000001,2,4.9766427734375,234.50519877551028,159.68766530612248,43292,0.311030903561272,1,610122.6224489796,7577363.989795919,0.49887,0.0
logistic_n80_seed1001_80Mbps,80,1001,80,113.0,0.56589,32,2.4948663515625,234.08279877551024,79.84803224489798,88193.75,0.6471879642629488,1,632275.3826530612,8415006.010204082,0.49766,0.0
logistic_n80_seed1002_120Mbps,80,1002,120,91.5,0.7737864999999999,32,3.7427687499999998,228.9148510204082,119.77145755102043,63428.5,0.47606026271257795,1,632345.2091836735,8314052.683673469,0.498912,0.0
logistic_n80_seed1002_160Mbps,80,1002,160,81.0,0.923378,0,4.9551329375,228.9148510204082,158.6778273469388,41210.75,0.30939294539408113,0.9897959183673469,625844.4081632653,7095316.632653061,0.49922,0.0
logistic_n80_seed1002_80Mbps,80,1002,80,113.0,0.58001825,32,2.4951393125,228.9148510204082,79.84867183673471,85388.75,0.6407761205416448,1,632272.0459183673,8440043.25,0.49682,0.0
