case,terminals,seed,rate_mbps,cycle_id,window_start,window_end,ap0_users,ap0_video,ap0_voice,ap0_rtt_ms,harmonic_mean,unsatisfied,switches,video_tp_mbps,incoming_mbps,handed_to_device_mbps,qdisc_drop_packets,qdisc_drop_fraction,device_full_fraction,device_mean_bytes,qdisc_mean_bytes,rlc_max_hol_ms,monitor_rlc_max_hol_ms
logistic_n100_seed1001_120Mbps,100,1001,120,1,5.1,10.0,29,13,1,75.0,0.238578,40,59,2.33652365,87.44437877551019,87.22656326530611,139,0.002202992265753772,0.22448979591836735,210207.6326530612,125747.14285714286,8.234565,0.0
logistic_n100_seed1001_120Mbps,100,1001,120,2,14.6,19.5,40,40,0,91.3333,0.523991,40,0,2.994029975,250.29240979591833,119.77220081632653,75488,0.5179599426379674,1,632350.8979591837,9104503.142857144,0.499293,0.0
logistic_n100_seed1001_120Mbps,100,1001,120,3,24.1,29.0,40,40,0,91.0,0.606376,40,0,2.993988075,246.05639836734701,119.7713273469388,77355,0.5399057756063514,1,632343.306122449,8803658.265306123,0.499278,0.0
logistic_n100_seed1001_120Mbps,100,1001,120,4,33.6,38.5,40,40,0,91.0,0.609567,40,0,2.994000075,258.5528538775511,119.7714204081633,76347,0.5071171895238159,1,632337.7346938775,8651770.959183674,0.499033,0.0
logistic_n100_seed1001_120Mbps,100,1001,120,5,43.1,48.0,40,40,0,91.1667,0.613302,40,0,2.994108175,250.39206693877557,119.77162448979595,74232,0.5091392945081928,1,632337.5918367347,8691180.489795918,0.498819,0.0
logistic_n100_seed1001_160Mbps,100,1001,160,1,5.1,10.0,29,13,1,55.3333,0.240267,40,69,2.303804275,87.35200979591836,87.33070040816327,17,0.0002694221686899743,0.08163265306122448,71364.24489795919,21464.48979591837,5.300232,0.0
logistic_n100_seed1001_160Mbps,100,1001,160,2,14.6,19.5,55,40,15,80.5,0.646357,9,0,3.97855255,250.82040979591835,159.68568163265306,52487,0.3512809873105959,1,604371.4897959183,8195915.632653061,0.49982,0.0
logistic_n100_seed1001_160Mbps,100,1001,160,3,24.1,29.0,55,40,15,80.1667,0.703115,11,0,3.9785951,246.584398367347,159.6862808163266,55836,0.3799659748213678,1,604340,8263949.897959184,0.49947,0.0
logistic_n100_seed1001_160Mbps,100,1001,160,4,33.6,38.5,55,40,15,80.0,0.722351,15,0,3.978632725,259.08085387755114,159.68480816326536,53245,0.34524010218769857,1,604343.3673469388,8069096.408163265,0.49947,0.0
logistic_n100_seed1001_160Mbps,100,1001,160,5,43.1,48.0,55,40,15,80.0,0.725279,15,0,3.978563625,250.92006693877556,159.68487183673474,51116,0.34197251695947123,1,604329.8571428572,8025927.87755102,0.49837,0.0
logistic_n100_seed1001_80Mbps,100,1001,80,1,5.1,10.0,29,13,1,101.167,0.232523,51,59,2.1785113,87.4369469387755,78.49385795918366,4916,0.07828524109815913,0.9183673469387755,488650.5306122449,1772322.0204081633,2.726963,0.0
logistic_n100_seed1001_80Mbps,100,1001,80,2,14.6,19.5,40,40,0,113.0,0.398121,40,0,1.9959283,250.29240979591833,79.84769306122449,98890,0.6785324651264916,1,632273.6734693878,9704345.204081632,0.49681,0.0
logistic_n100_seed1001_80Mbps,100,1001,80,3,24.1,29.0,40,40,0,113.0,0.440195,40,0,1.995809875,246.05639836734701,79.84813061224492,99800,0.6965625545280055,1,632281.5510204082,9050878,0.49971,0.0
logistic_n100_seed1001_80Mbps,100,1001,80,4,33.6,38.5,40,40,0,113.0,0.458318,41,0,1.995902475,258.5528538775511,79.84802122448983,99613,0.6616561829546134,1,632279.8979591837,8962487.285714285,0.49871,0.0
logistic_n100_seed1001_80Mbps,100,1001,80,5,43.1,48.0,40,40,0,113.0,0.462388,40,0,1.99592565,250.39206693877557,79.84809795918369,97684,0.6699908778523859,1,632285.081632653,9121948.469387755,0.49951,0.0
logistic_n100_seed1002_120Mbps,100,1002,120,1,5.1,10.0,35,10,6,75.5,0.278847,39,73,2.16394105,98.93468081632653,98.59635591836734,252,0.0030081291108113592,0.42857142857142855,250480.8775510204,254480.97959183675,11.710873,0.0
logistic_n100_seed1002_120Mbps,100,1002,120,2,14.6,19.5,40,40,0,91.3333,0.552697,40,0,2.9939673,245.64285387755098,119.77296979591836,73353,0.5128361088971853,1,632349.8571428572,9037971.42857143,0.499997,0.0
logistic_n100_seed1002_120Mbps,100,1002,120,3,24.1,29.0,40,40,0,91.0,0.660032,40,0,2.994028725,239.77703673469395,119.7729191836735,72633,0.5202228922997586,1,632332.0204081633,8786569.24489796,0.499994,0.0
logistic_n100_seed1002_120Mbps,100,1002,120,4,33.6,38.5,40,40,0,91.3333,0.653758,40,0,2.994136025,253.79669551020416,119.7717110204082,73821,0.4995263293229216,1,632343.0204081633,8699020.142857144,0.498779,0.0
logistic_n100_seed1002_120Mbps,100,1002,120,5,43.1,48.0,40,40,0,91.1667,0.651259,40,0,2.99389615,245.62569469387762,119.77175836734698,71611,0.5006921915203043,1,632329.8571428572,8690720.204081632,0.499705,0.0
logistic_n100_seed1002_160Mbps,100,1002,160,1,5.1,10.0,35,10,6,60.5,0.284089,40,73,2.16402445,98.80573387755102,98.70268081632653,78,0.0009288810555899585,0.1836734693877551,107005.77551020408,80790.44897959183,27.592823,0.0
logistic_n100_seed1002_160Mbps,100,1002,160,2,14.6,19.5,40,40,0,81.0,0.642228,17,0,3.992114075,245.64285387755098,159.6960783673469,50068,0.35004264720276296,1,632300.8367346938,8128277.795918368,0.49907,0.0
logistic_n100_seed1002_160Mbps,100,1002,160,3,24.1,29.0,40,40,0,81.0,0.795902,25,0,3.9920771,239.77703673469395,159.6942677551021,52149,0.37350933612187454,1,632295.6326530612,8039322.265306123,0.49992,0.0
logistic_n100_seed1002_160Mbps,100,1002,160,4,33.6,38.5,40,40,0,81.0,0.791563,10,0,3.992096875,253.79669551020416,159.69651102040822,50063,0.3387625015225129,1,632324.7346938775,8033375.306122449,0.49982,0.0
logistic_n100_seed1002_160Mbps,100,1002,160,5,43.1,48.0,40,40,0,81.0,0.771293,10,0,3.9921581,245.62569469387762,159.6965159183674,48024,0.3357758138494239,1,632279.612244898,7798211.408163265,0.49977,0.0
logistic_n100_seed1002_80Mbps,100,1002,80,1,5.1,10.0,35,10,6,91.6667,0.273371,51,73,1.991473675,90.50191020408163,78.67682938775509,5067,0.06804721808146327,0.9183673469387755,416214.20408163266,2791259.3469387754,7.095481,0.0
logistic_n100_seed1002_80Mbps,100,1002,80,2,14.6,19.5,40,40,0,113.0,0.426952,40,0,1.9959464,245.64285387755098,79.84689959183673,96640,0.6756435532810381,1,632273.306122449,9651873,0.49757,0.0
logistic_n100_seed1002_80Mbps,100,1002,80,3,24.1,29.0,40,40,0,113.0,0.487204,40,0,1.995977925,239.77703673469395,79.84863183673471,95190,0.6817839978799447,1,632278.2653061225,9000477.326530613,0.49657,0.0
logistic_n100_seed1002_80Mbps,100,1002,80,4,33.6,38.5,40,40,0,113.0,0.480266,40,0,1.99592635,253.79678040816333,79.84827591836738,96780,0.6548791132944926,1,632318.1224489796,8690536,0.49957,0.0
logistic_n100_seed1002_80Mbps,100,1002,80,5,43.1,48.0,40,40,0,113.0,0.486147,40,0,1.9959167500000001,245.62569469387762,79.84717551020411,94846,0.6631474437856584,1,632276.4693877551,8891308.102040816,0.49827,0.0
logistic_n80_seed1001_120Mbps,80,1001,120,1,5.1,10.0,21,10,1,68.1667,0.289326,26,47,2.95787825,80.68944326530611,80.58416,66,0.001177856301531213,0.16326530612244897,171449.1224489796,63232.4693877551,1.975846,0.0
logistic_n80_seed1001_120Mbps,80,1001,120,2,14.6,19.5,32,32,0,91.5,0.677514,32,0,3.7424350625,232.0969093877551,119.77182040816325,65556,0.485075399937845,1,632348.8571428572,9198250.734693877,0.496705,0.0
logistic_n80_seed1001_120Mbps,80,1001,120,3,24.1,29.0,32,32,0,91.5,0.787435,32,0,3.7424649375,230.3898514285715,119.77093551020413,67275,0.5014833919732841,1,632350.3469387755,8279462.285714285,0.49956,0.0
logistic_n80_seed1001_120Mbps,80,1001,120,4,33.6,38.5,32,32,0,91.1667,0.788192,32,0,3.74251621875,240.22557714285722,119.77059428571431,66307,0.4740311269025372,1,632343.5510204082,7780620.244897959,0.498154,0.0
logistic_n80_seed1001_120Mbps,80,1001,120,5,43.1,48.0,32,32,0,91.6667,0.785154,32,0,3.74249553125,233.61885714285722,119.77278530612249,64346,0.47302105386967774,1,632335.4081632653,8125018.530612245,0.499315,0.0
logistic_n80_seed1001_160Mbps,80,1001,160,1,5.1,10.0,21,10,1,53.8333,0.292494,26,54,2.9564406874999998,80.6904751020408,80.6904751020408,0,0.0,0.04081632653061224,58777.551020408166,3422.612244897959,4.495008,0.0
logistic_n80_seed1001_160Mbps,80,1001,160,2,14.6,19.5,44,32,12,80.3333,0.763559,2,0,4.97645071875,232.5193093877551,159.6878351020408,43203,0.31287024028503974,1,610117.918367347,8019260.6122448975,0.49737,0.0
logistic_n80_seed1001_160Mbps,80,1001,160,3,24.1,29.0,44,32,12,80.1667,0.874354,2,0,4.97656884375,230.8122514285715,159.68769795918374,44808,0.326846205467861,1,610144.8571428572,7409876.755102041,0.49907,0.0
logistic_n80_seed1001_160Mbps,80,1001,160,4,33.6,38.5,44,32,12,80.3333,0.879708,2,0,4.9766654375,240.64797714285723,159.6880816326531,43114,0.3018786015866236,1,610113.1428571428,7449106.9387755105,0.49937,0.0
logistic_n80_seed1001_160Mbps,80,1001,160,5,43.1,48.0,44,32,12,80.3333,0.880472,2,0,4.97688609375,234.04125714285723,159.6870465306123,42043,0.30252856690556373,1,610114.5714285715,7431211.653061224,0.49967,0.0
logistic_n80_seed1001_80Mbps,80,1001,80,1,5.1,10.0,21,10,1,103.5,0.28404,33,47,2.91826109375,80.73923918367346,77.3228669387755,2371,0.042450718851270296,0.8163265306122449,475983.10204081633,1098614.530612245,2.462881,0.309857
logistic_n80_seed1001_80Mbps,80,1001,80,2,14.6,19.5,32,32,0,113.0,0.513615,32,0,2.49480284375,232.0969093877551,79.84893224489795,88692,0.6562680360499016,1,632279.7142857143,9744983.265306123,0.49551,0.0
logistic_n80_seed1001_80Mbps,80,1001,80,3,24.1,29.0,32,32,0,113.0,0.579439,32,0,2.494885875,230.3898514285715,79.848506122449,88242,0.6577762538016578,1,632268.387755102,8084349.326530612,0.49961,0.0
logistic_n80_seed1001_80Mbps,80,1001,80,4,33.6,38.5,32,32,0,113.0,0.583473,32,0,2.4948363749999998,240.22557714285722,79.84716408163267,88719,0.6342553206700077,1,632282.1836734693,7949439.653061224,0.49941,0.0
logistic_n80_seed1001_80Mbps,80,1001,80,5,43.1,48.0,32,32,0,113.0,0.587033,32,0,2.4949403125,233.61885714285722,79.84752653061227,87122,0.6404522465302281,1,632271.2448979592,7881251.795918368,0.49611,0.0
logistic_n80_seed1002_120Mbps,80,1002,120,1,5.1,10.0,30,7,6,67.8333,0.35057,30,59,2.58714590625,85.44313795918366,85.30773224489795,98,0.001335149863760218,0.2857142857142857,164154.306122449,138839.95918367346,19.167638,0.0
logistic_n80_seed1002_120Mbps,80,1002,120,2,14.6,19.5,32,32,0,91.5,0.686914,32,0,3.74373671875,227.24661714285713,119.77189714285713,63318,0.47851453273076283,1,632349.387755102,9062057.632653061,0.496873,0.0
logistic_n80_seed1002_120Mbps,80,1002,120,3,24.1,29.0,32,32,0,91.6667,0.806397,32,0,3.742479125,224.05987591836742,119.7712016326531,65237,0.5000268267071367,1,632353.1632653062,8206571.448979592,0.499893,0.0
logistic_n80_seed1002_120Mbps,80,1002,120,4,33.6,38.5,32,32,0,91.3333,0.80573,32,0,3.74238721875,235.49013877551027,119.77137632653066,63870,0.46578958883330174,1,632337.3265306122,7962663.530612245,0.499254,0.0
logistic_n80_seed1002_120Mbps,80,1002,120,5,43.1,48.0,32,32,0,91.5,0.796105,32,0,3.7424719375,228.86277224489803,119.77135510204086,61289,0.45991010257911047,1,632340.9591836735,8024918.12244898,0.499628,0.0
logistic_n80_seed1002_160Mbps,80,1002,160,1,5.1,10.0,30,7,6,53.5,0.357943,30,59,2.60136803125,85.42590367346938,85.37991510204081,38,0.0005172390324907781,0.10204081632653061,81771.89795918367,47556.32653061225,24.567957,0.0
logistic_n80_seed1002_160Mbps,80,1002,160,2,14.6,19.5,32,32,0,81.0,0.806948,0,0,4.93921559375,227.24661714285713,159.69568,40537,0.3063511736521516,1,632295.6734693878,7840543.142857143,0.49877,0.0
logistic_n80_seed1002_160Mbps,80,1002,160,3,24.1,29.0,32,32,0,81.0,0.958422,0,0,4.94585175,224.05987591836742,157.8719902040817,43163,0.33083461718288915,0.9795918367346939,619379.5714285715,6877731.489795919,0.49957,0.0
logistic_n80_seed1002_160Mbps,80,1002,160,4,33.6,38.5,32,32,0,81.0,0.974127,0,0,4.97937778125,235.49013877551027,159.15787591836738,40286,0.2937967649246656,1,632291.9387755102,6873839.755102041,0.49912,0.0
logistic_n80_seed1002_160Mbps,80,1002,160,5,43.1,48.0,32,32,0,81.0,0.954015,0,0,4.956086625,228.86277224489803,157.98576326530616,40857,0.3065892258166183,0.9795918367346939,619410.4489795918,6789152.142857143,0.49942,0.0
logistic_n80_seed1002_80Mbps,80,1002,80,1,5.1,10.0,30,7,6,96.3333,0.338485,39,59,2.5101927812500002,84.65232,78.60314448979591,2464,0.03427172582619339,0.8979591836734694,384972.85714285716,1290746.836734694,4.528581,0.0
logistic_n80_seed1002_80Mbps,80,1002,80,2,14.6,19.5,32,32,0,113.0,0.530523,32,0,2.495756625,227.24661714285713,79.84896326530611,86430,0.6531793654872206,1,632283.387755102,9690413.897959184,0.49727,0.0
logistic_n80_seed1002_80Mbps,80,1002,80,3,24.1,29.0,32,32,0,113.0,0.593224,32,0,2.4948754375,224.05987591836742,79.84816163265309,84800,0.64997279005419,1,632268.9591836735,7873558.081632653,0.49477,0.0
logistic_n80_seed1002_80Mbps,80,1002,80,4,33.6,38.5,32,32,0,113.0,0.598539,32,0,2.49495190625,235.49013877551027,79.84819591836737,85989,0.6270984962296349,1,632272.5306122449,8039453.428571428,0.49717,0.0
logistic_n80_seed1002_80Mbps,80,1002,80,5,43.1,48.0,32,32,0,113.0,0.597787,32,0,2.49497328125,228.86277224489803,79.84936653061227,84336,0.6328538303955337,1,632263.306122449,8156747.591836735,0.49807,0.0
