low_rate_mbps,cycle_id,bs_id,app_type,n,tp_mbps,rtt_ms,satisfaction
40,1,0,1,5,3.5089856,95.1667,1.1696618
40,1,0,2,8,5.709722375,95.1667,0.7137156250000001
40,1,0,3,4,0.0,95.1667,1.050788
40,1,0,4,4,0.0,95.1667,0.420315
40,1,1,2,8,4.7128496250000005,90.8333,0.589106375
40,1,1,3,6,0.0,90.8333,1.100918
40,1,1,4,8,0.0,90.8333,0.440367
40,1,2,1,5,1.5427498,68.0,0.51425
40,1,2,2,20,0.55779975,68.0,0.07472505
40,1,2,3,8,0.0,68.0,1.470588
40,1,2,4,4,0.0,68.0,0.588235
40,2,0,2,36,1.1085980833333333,176.833,0.13857475
40,2,1,1,10,4.2053301,71.6667,1.4017767
40,2,2,3,18,0.0,49.3333,2.027028
40,2,2,4,16,0.0,49.3333,0.810811
40,3,0,2,36,1.1086464166666667,176.5,0.13858083333333332
40,3,1,1,10,3.5062375,70.6667,1.1687458
40,3,2,3,18,0.0,21.3333,4.687507
40,3,2,4,16,0.0,21.3333,1.875003
40,4,0,2,36,2.2175624444444444,113.0,0.27719525
40,4,1,1,10,3.5072449,70.8333,1.1690814999999999
40,4,2,3,18,0.0,20.3333,4.918041
40,4,2,4,16,0.0,20.3333,1.967216
40,5,0,2,36,2.2175440277777776,113.0,0.2771931111111111
40,5,1,1,10,3.5069828000000003,71.6667,1.1689943999999999
40,5,2,3,18,0.0,20.6667,4.838702
40,5,2,4,16,0.0,20.6667,1.935481
20,1,0,1,5,3.5089856,95.1667,1.1696618
20,1,0,2,8,5.709722375,95.1667,0.7137156250000001
20,1,0,3,4,0.0,95.1667,1.050788
20,1,0,4,4,0.0,95.1667,0.420315
20,1,1,2,8,4.7128496250000005,90.8333,0.589106375
20,1,1,3,6,0.0,90.8333,1.100918
20,1,1,4,8,0.0,90.8333,0.440367
20,1,2,1,5,1.5427498,68.0,0.51425
20,1,2,2,20,0.55779975,68.0,0.07472505
20,1,2,3,8,0.0,68.0,1.470588
20,1,2,4,4,0.0,68.0,0.588235
20,2,0,2,36,0.5541609444444444,303.833,0.06927005555555556
20,2,1,1,10,4.2053301,71.6667,1.4017767
20,2,2,3,18,0.0,49.3333,2.027028
20,2,2,4,16,0.0,49.3333,0.810811
20,3,0,2,36,0.5541286666666667,304.0,0.06926616666666667
20,3,1,1,10,3.5062375,70.6667,1.1687458
20,3,2,3,18,0.0,21.3333,4.687507
20,3,2,4,16,0.0,21.3333,1.875003
20,4,0,2,36,2.2175299444444443,113.0,0.2771912222222222
20,4,1,1,10,3.5072449,70.8333,1.1690814999999999
20,4,2,3,18,0.0,20.3333,4.918041
20,4,2,4,16,0.0,20.3333,1.967216
20,5,0,2,36,2.2176206666666665,113.0,0.2772025833333333
20,5,1,1,10,3.5069828000000003,71.6667,1.1689943999999999
20,5,2,3,18,0.0,20.6667,4.838702
20,5,2,4,16,0.0,20.6667,1.935481
