seed,method,max_switches,cycle_id,ue_id,previous_bs_id,current_bs_id,app_type,tp_mbps,rtt_ms,satisfaction,num_users_on_current_bs,harmonic_mean,num_unsatisfied_users,target_ue_flag,action_selected_bs_id,switch_flag,h_before,h_after_estimated,reward,estimated_reward,h_after_measured,measured_reward,switch_count,num_degraded_users,measurement_valid,candidate_type,num_users_ap0,num_users_ap1,num_users_ap2,monitor_rtt_ap0,monitor_rtt_ap1,monitor_rtt_ap2,estimated_satisfaction_if_ap0,estimated_satisfaction_if_ap1,estimated_satisfaction_if_ap2,estimated_h_delta_if_ap0,estimated_h_delta_if_ap1,estimated_h_delta_if_ap2,best_estimated_h_delta
1004,online_dqn,1,1,1,2,2,2,0.597864,96.000000,0.074733,23,0.278939,44,0,2,0,0.278939,0.300670,0.021731,0.021731,0.278939,0.000000,1,0,1,0,22,35,23,91.500000,88.333300,96.000000,0.574421,0.155943,0.101873,0.029957,0.021745,0.017463,0.029957
1004,online_dqn,1,1,2,0,0,2,0.890697,91.500000,0.111337,22,0.278939,44,0,0,0,0.278939,0.300670,0.021731,0.021731,0.278939,0.000000,1,0,1,0,22,35,23,91.500000,88.333300,96.000000,0.682063,0.155943,0.094377,0.017463,0.009538,0.004378,0.009538
1004,online_dqn,1,1,3,1,1,4,0.000000,88.333300,0.452830,35,0.278939,44,0,1,0,0.278939,0.300670,0.021731,0.021731,0.278939,0.000000,1,0,1,0,22,35,23,91.500000,88.333300,96.000000,0.437158,0.452830,0.416667,0.020035,0.017463,0.016304,0.020035
1004,online_dqn,1,1,4,0,0,2,5.757158,91.500000,0.719645,22,0.278939,44,0,0,0,0.278939,0.300670,0.021731,0.021731,0.278939,0.000000,1,0,1,-1,22,35,23,91.500000,88.333300,96.000000,0.580679,0.155943,0.094377,0.017463,0.009792,0.004623,0.009792
1004,online_dqn,1,1,5,1,1,1,2.880715,88.333300,0.960238,35,0.278939,44,0,1,0,0.278939,0.300670,0.021731,0.021731,0.278939,0.000000,1,0,1,-1,22,35,23,91.500000,88.333300,96.000000,1.119001,0.957514,0.541261,0.020259,0.017463,0.015607,0.020259
1004,online_dqn,1,1,6,2,2,2,0.722400,96.000000,0.090300,23,0.278939,44,0,2,0,0.278939,0.300670,0.021731,0.021731,0.278939,0.000000,1,0,1,0,22,35,23,91.500000,88.333300,96.000000,0.574421,0.155943,0.099649,0.030207,0.021982,0.017463,0.030207
1004,online_dqn,1,1,7,0,0,1,3.508858,91.500000,1.169619,22,0.278939,44,0,0,0,0.278939,0.300670,0.021731,0.021731,0.278939,0.000000,1,0,1,-1,22,35,23,91.500000,88.333300,96.000000,1.169906,0.931358,0.541261,0.017463,0.014571,0.012814,0.014571
1004,online_dqn,1,1,8,0,0,1,3.509386,91.500000,1.169795,22,0.278939,44,0,0,0,0.278939,0.300670,0.021731,0.021731,0.278939,0.000000,1,0,1,-1,22,35,23,91.500000,88.333300,96.000000,1.169877,0.931358,0.541261,0.017463,0.014571,0.012814,0.014571
1004,online_dqn,1,1,9,2,2,1,1.943426,96.000000,0.647809,23,0.278939,44,0,2,0,0.278939,0.300670,0.021731,0.021731,0.278939,0.000000,1,0,1,-1,22,35,23,91.500000,88.333300,96.000000,1.119001,0.931358,0.550958,0.022047,0.019152,0.017463,0.022047
1004,online_dqn,1,1,10,1,1,2,1.306014,88.333300,0.163252,35,0.278939,44,0,1,0,0.278939,0.300670,0.021731,0.021731,0.278939,0.000000,1,0,1,0,22,35,23,91.500000,88.333300,96.000000,0.574421,0.160221,0.094377,0.025035,0.017463,0.011649,0.025035
1004,online_dqn,1,1,11,0,0,2,5.756065,91.500000,0.719508,22,0.278939,44,0,0,0,0.278939,0.300670,0.021731,0.021731,0.278939,0.000000,1,0,1,-1,22,35,23,91.500000,88.333300,96.000000,0.580701,0.155943,0.094377,0.017463,0.009792,0.004623,0.009792
1004,online_dqn,1,1,12,1,1,2,1.306014,88.333300,0.163252,35,0.278939,44,0,1,0,0.278939,0.300670,0.021731,0.021731,0.278939,0.000000,1,0,1,0,22,35,23,91.500000,88.333300,96.000000,0.574421,0.160221,0.094377,0.025035,0.017463,0.011649,0.025035
1004,online_dqn,1,1,13,1,1,3,0.000000,88.333300,1.132076,35,0.278939,44,0,1,0,0.278939,0.300670,0.021731,0.021731,0.278939,0.000000,1,0,1,1,22,35,23,91.500000,88.333300,96.000000,1.092896,1.132076,1.041667,0.020088,0.017463,0.016430,0.020088
1004,online_dqn,1,1,14,2,2,3,0.000000,96.000000,1.041667,23,0.278939,44,0,2,0,0.278939,0.300670,0.021731,0.021731,0.278939,0.000000,1,0,1,-1,22,35,23,91.500000,88.333300,96.000000,1.092896,1.132076,1.041667,0.021147,0.018503,0.017463,0.021147
1004,online_dqn,1,1,15,2,2,2,0.971572,96.000000,0.121446,23,0.278939,44,0,2,0,0.278939,0.300670,0.021731,0.021731,0.278939,0.000000,1,0,1,0,22,35,23,91.500000,88.333300,96.000000,0.574421,0.155943,0.095199,0.030744,0.022491,0.017463,0.030744
1004,online_dqn,1,1,16,0,0,1,3.507042,91.500000,1.169014,22,0.278939,44,0,0,0,0.278939,0.300670,0.021731,0.021731,0.278939,0.000000,1,0,1,-1,22,35,23,91.500000,88.333300,96.000000,1.170007,0.931358,0.541261,0.017463,0.014571,0.012814,0.014571
1004,online_dqn,1,1,17,2,2,4,0.000000,96.000000,0.416667,23,0.278939,44,0,2,0,0.278939,0.300670,0.021731,0.021731,0.278939,0.000000,1,0,1,0,22,35,23,91.500000,88.333300,96.000000,0.437158,0.452830,0.416667,0.021223,0.018630,0.017463,0.021223
1004,online_dqn,1,1,18,2,2,1,1.525499,96.000000,0.508500,23,0.278939,44,0,2,0,0.278939,0.300670,0.021731,0.021731,0.278939,0.000000,1,0,1,-1,22,35,23,91.500000,88.333300,96.000000,1.119001,0.931358,0.574176,0.021968,0.019074,0.017463,0.021968
1004,online_dqn,1,1,19,2,2,1,1.364830,96.000000,0.454943,23,0.278939,44,0,2,0,0.278939,0.300670,0.021731,0.021731,0.278939,0.000000,1,0,1,0,22,35,23,91.500000,88.333300,96.000000,1.119001,0.931358,0.583102,0.021939,0.019046,0.017463,0.021939
1004,online_dqn,1,1,20,1,1,1,2.861818,88.333300,0.953939,35,0.278939,44,0,1,0,0.278939,0.300670,0.021731,0.021731,0.278939,0.000000,1,0,1,-1,22,35,23,91.500000,88.333300,96.000000,1.119001,0.958774,0.541261,0.020257,0.017463,0.015606,0.020257
1004,online_dqn,1,1,21,1,1,1,2.884455,88.333300,0.961485,35,0.278939,44,0,1,0,0.278939,0.300670,0.021731,0.021731,0.278939,0.000000,1,0,1,-1,22,35,23,91.500000,88.333300,96.000000,1.119001,0.957265,0.541261,0.020259,0.017463,0.015607,0.020259
1004,online_dqn,1,1,22,0,0,4,0.000000,91.500000,0.437158,22,0.278939,44,0,0,0,0.278939,0.300670,0.021731,0.021731,0.278939,0.000000,1,0,1,0,22,35,23,91.500000,88.333300,96.000000,0.437158,0.452830,0.416667,0.017463,0.014934,0.013795,0.014934
1004,online_dqn,1,1,23,2,2,4,0.000000,96.000000,0.416667,23,0.278939,44,0,2,0,0.278939,0.300670,0.021731,0.021731,0.278939,0.000000,1,0,1,0,22,35,23,91.500000,88.333300,96.000000,0.437158,0.452830,0.416667,0.021223,0.018630,0.017463,0.021223
1004,online_dqn,1,1,24,1,1,4,0.000000,88.333300,0.452830,35,0.278939,44,0,1,0,0.278939,0.300670,0.021731,0.021731,0.278939,0.000000,1,0,1,0,22,35,23,91.500000,88.333300,96.000000,0.437158,0.452830,0.416667,0.020035,0.017463,0.016304,0.020035
1004,online_dqn,1,1,25,1,1,2,1.304932,88.333300,0.163116,35,0.278939,44,0,1,0,0.278939,0.300670,0.021731,0.021731,0.278939,0.000000,1,0,1,0,22,35,23,91.500000,88.333300,96.000000,0.574421,0.160229,0.094377,0.025035,0.017463,0.011648,0.025035
1004,online_dqn,1,1,26,2,2,1,1.975739,96.000000,0.658580,23,0.278939,44,0,2,0,0.278939,0.300670,0.021731,0.021731,0.278939,0.000000,1,0,1,-1,22,35,23,91.500000,88.333300,96.000000,1.119001,0.931358,0.549163,0.022054,0.019158,0.017463,0.022054
1004,online_dqn,1,1,27,1,1,2,1.304897,88.333300,0.163112,35,0.278939,44,0,1,0,0.278939,0.300670,0.021731,0.021731,0.278939,0.000000,1,0,1,0,22,35,23,91.500000,88.333300,96.000000,0.574421,0.160229,0.094377,0.025035,0.017463,0.011648,0.025035
1004,online_dqn,1,1,28,0,0,1,3.506880,91.500000,1.168960,22,0.278939,44,0,0,0,0.278939,0.300670,0.021731,0.021731,0.278939,0.000000,1,0,1,-1,22,35,23,91.500000,88.333300,96.000000,1.170016,0.931358,0.541261,0.017463,0.014571,0.012814,0.014571
1004,online_dqn,1,1,29,2,2,3,0.000000,96.000000,1.041667,23,0.278939,44,0,2,0,0.278939,0.300670,0.021731,0.021731,0.278939,0.000000,1,0,1,-1,22,35,23,91.500000,88.333300,96.000000,1.092896,1.132076,1.041667,0.021147,0.018503,0.017463,0.021147
1004,online_dqn,1,1,30,1,1,2,1.303775,88.333300,0.162972,35,0.278939,44,0,1,0,0.278939,0.300670,0.021731,0.021731,0.278939,0.000000,1,0,1,0,22,35,23,91.500000,88.333300,96.000000,0.574421,0.160238,0.094377,0.025034,0.017463,0.011648,0.025034
1004,online_dqn,1,1,31,2,2,3,0.000000,96.000000,1.041667,23,0.278939,44,0,2,0,0.278939,0.300670,0.021731,0.021731,0.278939,0.000000,1,0,1,-1,22,35,23,91.500000,88.333300,96.000000,1.092896,1.132076,1.041667,0.021147,0.018503,0.017463,0.021147
1004,online_dqn,1,1,32,0,0,4,0.000000,91.500000,0.437158,22,0.278939,44,0,0,0,0.278939,0.300670,0.021731,0.021731,0.278939,0.000000,1,0,1,0,22,35,23,91.500000,88.333300,96.000000,0.437158,0.452830,0.416667,0.017463,0.014934,0.013795,0.014934
1004,online_dqn,1,1,33,2,2,3,0.000000,96.000000,1.041667,23,0.278939,44,0,2,0,0.278939,0.300670,0.021731,0.021731,0.278939,0.000000,1,0,1,-1,22,35,23,91.500000,88.333300,96.000000,1.092896,1.132076,1.041667,0.021147,0.018503,0.017463,0.021147
1004,online_dqn,1,1,34,0,0,4,0.000000,91.500000,0.437158,22,0.278939,44,0,0,0,0.278939,0.300670,0.021731,0.021731,0.278939,0.000000,1,0,1,0,22,35,23,91.500000,88.333300,96.000000,0.437158,0.452830,0.416667,0.017463,0.014934,0.013795,0.014934
1004,online_dqn,1,1,35,0,0,3,0.000000,91.500000,1.092896,22,0.278939,44,0,0,0,0.278939,0.300670,0.021731,0.021731,0.278939,0.000000,1,0,1,-1,22,35,23,91.500000,88.333300,96.000000,1.092896,1.132076,1.041667,0.017463,0.014883,0.013868,0.014883
1004,online_dqn,1,1,36,2,2,2,0.884138,96.000000,0.110517,23,0.278939,44,0,2,0,0.278939,0.300670,0.021731,0.021731,0.278939,0.000000,1,0,1,0,22,35,23,91.500000,88.333300,96.000000,0.574421,0.155943,0.096761,0.030550,0.022307,0.017463,0.030550
1004,online_dqn,1,1,37,1,1,2,1.298350,88.333300,0.162294,35,0.278939,44,0,1,0,0.278939,0.300670,0.021731,0.021731,0.278939,0.000000,1,0,1,0,22,35,23,91.500000,88.333300,96.000000,0.574421,0.160280,0.094377,0.025032,0.017463,0.011646,0.025032
1004,online_dqn,1,1,38,0,0,2,0.891790,91.500000,0.111474,22,0.278939,44,0,0,0,0.278939,0.300670,0.021731,0.021731,0.278939,0.000000,1,0,1,0,22,35,23,91.500000,88.333300,96.000000,0.682041,0.155943,0.094377,0.017463,0.009538,0.004378,0.009538
1004,online_dqn,1,1,39,1,1,2,1.304968,88.333300,0.163121,35,0.278939,44,0,1,0,0.278939,0.300670,0.021731,0.021731,0.278939,0.000000,1,0,1,0,22,35,23,91.500000,88.333300,96.000000,0.574421,0.160229,0.094377,0.025035,0.017463,0.011648,0.025035
1004,online_dqn,1,1,40,2,2,1,1.596976,96.000000,0.532325,23,0.278939,44,0,2,0,0.278939,0.300670,0.021731,0.021731,0.278939,0.000000,1,0,1,-1,22,35,23,91.500000,88.333300,96.000000,1.119001,0.931358,0.570205,0.021981,0.019087,0.017463,0.021981
1004,online_dqn,1,1,41,1,1,2,1.268887,88.333300,0.158611,35,0.278939,44,0,1,0,0.278939,0.300670,0.021731,0.021731,0.278939,0.000000,1,0,1,0,22,35,23,91.500000,88.333300,96.000000,0.574421,0.160511,0.094377,0.025022,0.017463,0.011637,0.025022
1004,online_dqn,1,1,42,2,2,4,0.000000,96.000000,0.416667,23,0.278939,44,0,2,0,0.278939,0.300670,0.021731,0.021731,0.278939,0.000000,1,0,1,0,22,35,23,91.500000,88.333300,96.000000,0.437158,0.452830,0.416667,0.021223,0.018630,0.017463,0.021223
1004,online_dqn,1,1,43,1,1,1,2.877743,88.333300,0.959248,35,0.278939,44,0,1,0,0.278939,0.300670,0.021731,0.021731,0.278939,0.000000,1,0,1,-1,22,35,23,91.500000,88.333300,96.000000,1.119001,0.957712,0.541261,0.020258,0.017463,0.015607,0.020258
1004,online_dqn,1,1,44,1,1,4,0.000000,88.333300,0.452830,35,0.278939,44,0,1,0,0.278939,0.300670,0.021731,0.021731,0.278939,0.000000,1,0,1,0,22,35,23,91.500000,88.333300,96.000000,0.437158,0.452830,0.416667,0.020035,0.017463,0.016304,0.020035
1004,online_dqn,1,1,45,0,0,1,3.509764,91.500000,1.169921,22,0.278939,44,0,0,0,0.278939,0.300670,0.021731,0.021731,0.278939,0.000000,1,0,1,-1,22,35,23,91.500000,88.333300,96.000000,1.169856,0.931358,0.541261,0.017463,0.014571,0.012814,0.014571
1004,online_dqn,1,1,46,0,0,2,6.778008,91.500000,0.847251,22,0.278939,44,0,0,0,0.278939,0.300670,0.021731,0.021731,0.278939,0.000000,1,0,1,-1,22,35,23,91.500000,88.333300,96.000000,0.559411,0.155943,0.094377,0.017463,0.009857,0.004686,0.009857
1004,online_dqn,1,1,47,1,1,2,1.253556,88.333300,0.156695,35,0.278939,44,0,1,0,0.278939,0.300670,0.021731,0.021731,0.278939,0.000000,1,0,1,0,22,35,23,91.500000,88.333300,96.000000,0.574421,0.160630,0.094377,0.025017,0.017463,0.011632,0.025017
1004,online_dqn,1,1,48,1,1,3,0.000000,88.333300,1.132076,35,0.278939,44,0,1,0,0.278939,0.300670,0.021731,0.021731,0.278939,0.000000,1,0,1,1,22,35,23,91.500000,88.333300,96.000000,1.092896,1.132076,1.041667,0.020088,0.017463,0.016430,0.020088
1004,online_dqn,1,1,49,1,1,3,0.000000,88.333300,1.132076,35,0.278939,44,0,1,0,0.278939,0.300670,0.021731,0.021731,0.278939,0.000000,1,0,1,1,22,35,23,91.500000,88.333300,96.000000,1.092896,1.132076,1.041667,0.020088,0.017463,0.016430,0.020088
1004,online_dqn,1,1,50,1,1,2,1.304932,88.333300,0.163116,35,0.278939,44,0,1,0,0.278939,0.300670,0.021731,0.021731,0.278939,0.000000,1,0,1,0,22,35,23,91.500000,88.333300,96.000000,0.574421,0.160229,0.094377,0.025035,0.017463,0.011648,0.025035
1004,online_dqn,1,1,51,2,2,4,0.000000,96.000000,0.416667,23,0.278939,44,0,2,0,0.278939,0.300670,0.021731,0.021731,0.278939,0.000000,1,0,1,0,22,35,23,91.500000,88.333300,96.000000,0.437158,0.452830,0.416667,0.021223,0.018630,0.017463,0.021223
1004,online_dqn,1,1,52,0,0,1,3.518649,91.500000,1.172883,22,0.278939,44,0,0,0,0.278939,0.300670,0.021731,0.021731,0.278939,0.000000,1,0,1,-1,22,35,23,91.500000,88.333300,96.000000,1.169362,0.931358,0.541261,0.017463,0.014571,0.012814,0.014571
1004,online_dqn,1,1,53,0,0,1,3.506589,91.500000,1.168863,22,0.278939,44,0,0,0,0.278939,0.300670,0.021731,0.021731,0.278939,0.000000,1,0,1,-1,22,35,23,91.500000,88.333300,96.000000,1.170032,0.931358,0.541261,0.017463,0.014571,0.012814,0.014571
1004,online_dqn,1,1,54,1,1,4,0.000000,88.333300,0.452830,35,0.278939,44,0,1,0,0.278939,0.300670,0.021731,0.021731,0.278939,0.000000,1,0,1,0,22,35,23,91.500000,88.333300,96.000000,0.437158,0.452830,0.416667,0.020035,0.017463,0.016304,0.020035
1004,online_dqn,1,1,55,1,1,3,0.000000,88.333300,1.132076,35,0.278939,44,0,1,0,0.278939,0.300670,0.021731,0.021731,0.278939,0.000000,1,0,1,1,22,35,23,91.500000,88.333300,96.000000,1.092896,1.132076,1.041667,0.020088,0.017463,0.016430,0.020088
1004,online_dqn,1,1,56,0,0,4,0.000000,91.500000,0.437158,22,0.278939,44,0,0,0,0.278939,0.300670,0.021731,0.021731,0.278939,0.000000,1,0,1,0,22,35,23,91.500000,88.333300,96.000000,0.437158,0.452830,0.416667,0.017463,0.014934,0.013795,0.014934
1004,online_dqn,1,1,57,0,0,4,0.000000,91.500000,0.437158,22,0.278939,44,0,0,0,0.278939,0.300670,0.021731,0.021731,0.278939,0.000000,1,0,1,0,22,35,23,91.500000,88.333300,96.000000,0.437158,0.452830,0.416667,0.017463,0.014934,0.013795,0.014934
1004,online_dqn,1,1,58,2,2,2,0.969426,96.000000,0.121178,23,0.278939,44,0,2,0,0.278939,0.300670,0.021731,0.021731,0.278939,0.000000,1,0,1,0,22,35,23,91.500000,88.333300,96.000000,0.574421,0.155943,0.095238,0.030739,0.022486,0.017463,0.030739
1004,online_dqn,1,1,59,1,1,2,1.304921,88.333300,0.163115,35,0.278939,44,0,1,0,0.278939,0.300670,0.021731,0.021731,0.278939,0.000000,1,0,1,0,22,35,23,91.500000,88.333300,96.000000,0.574421,0.160229,0.094377,0.025035,0.017463,0.011648,0.025035
1004,online_dqn,1,1,60,2,2,2,0.592351,96.000000,0.074044,23,0.278939,44,0,2,0,0.278939,0.300670,0.021731,0.021731,0.278939,0.000000,1,0,1,0,22,35,23,91.500000,88.333300,96.000000,0.574421,0.155943,0.101971,0.029946,0.021735,0.017463,0.029946
1004,online_dqn,1,1,61,1,1,2,1.304921,88.333300,0.163115,35,0.278939,44,0,1,0,0.278939,0.300670,0.021731,0.021731,0.278939,0.000000,1,0,1,0,22,35,23,91.500000,88.333300,96.000000,0.574421,0.160229,0.094377,0.025035,0.017463,0.011648,0.025035
1004,online_dqn,1,1,62,0,0,2,6.778008,91.500000,0.847251,22,0.278939,44,0,0,0,0.278939,0.300670,0.021731,0.021731,0.278939,0.000000,1,0,1,-1,22,35,23,91.500000,88.333300,96.000000,0.559411,0.155943,0.094377,0.017463,0.009857,0.004686,0.009857
1004,online_dqn,1,1,63,1,1,2,1.101612,88.333300,0.137702,35,0.278939,44,0,1,0,0.278939,0.300670,0.021731,0.021731,0.278939,0.000000,1,0,1,0,22,35,23,91.500000,88.333300,96.000000,0.574421,0.161817,0.094377,0.024966,0.017463,0.011586,0.024966
1004,online_dqn,1,1,64,1,1,2,1.267770,88.333300,0.158471,35,0.278939,44,0,1,0,0.278939,0.300670,0.021731,0.021731,0.278939,0.000000,1,0,1,0,22,35,23,91.500000,88.333300,96.000000,0.574421,0.160519,0.094377,0.025022,0.017463,0.011637,0.025022
1004,online_dqn,1,1,65,1,1,2,1.267758,88.333300,0.158470,35,0.278939,44,0,1,0,0.278939,0.300670,0.021731,0.021731,0.278939,0.000000,1,0,1,0,22,35,23,91.500000,88.333300,96.000000,0.574421,0.160519,0.094377,0.025022,0.017463,0.011637,0.025022
1004,online_dqn,1,1,66,0,0,2,6.778008,91.500000,0.847251,22,0.278939,44,0,0,0,0.278939,0.300670,0.021731,0.021731,0.278939,0.000000,1,0,1,-1,22,35,23,91.500000,88.333300,96.000000,0.559411,0.155943,0.094377,0.017463,0.009857,0.004686,0.009857
1004,online_dqn,1,1,67,1,1,4,0.000000,88.333300,0.452830,35,0.278939,44,0,1,0,0.278939,0.300670,0.021731,0.021731,0.278939,0.000000,1,0,1,0,22,35,23,91.500000,88.333300,96.000000,0.437158,0.452830,0.416667,0.020035,0.017463,0.016304,0.020035
1004,online_dqn,1,1,68,1,1,3,0.000000,88.333300,1.132076,35,0.278939,44,0,1,0,0.278939,0.300670,0.021731,0.021731,0.278939,0.000000,1,0,1,1,22,35,23,91.500000,88.333300,96.000000,1.092896,1.132076,1.041667,0.020088,0.017463,0.016430,0.020088
1004,online_dqn,1,1,69,1,1,1,2.887584,88.333300,0.962528,35,0.278939,44,0,1,0,0.278939,0.300670,0.021731,0.021731,0.278939,0.000000,1,0,1,-1,22,35,23,91.500000,88.333300,96.000000,1.119001,0.957056,0.541261,0.020259,0.017463,0.015608,0.020259
1004,online_dqn,1,1,70,1,1,1,2.851109,88.333300,0.950370,35,0.278939,44,0,1,0,0.278939,0.300670,0.021731,0.021731,0.278939,0.000000,1,0,1,-1,22,35,23,91.500000,88.333300,96.000000,1.119001,0.959488,0.541261,0.020256,0.017463,0.015605,0.020256
1004,online_dqn,1,1,71,1,1,2,1.304908,88.333300,0.163114,35,0.278939,44,0,1,0,0.278939,0.300670,0.021731,0.021731,0.278939,0.000000,1,0,1,0,22,35,23,91.500000,88.333300,96.000000,0.574421,0.160229,0.094377,0.025035,0.017463,0.011648,0.025035
1004,online_dqn,1,1,72,0,0,3,0.000000,91.500000,1.092896,22,0.278939,44,0,0,0,0.278939,0.300670,0.021731,0.021731,0.278939,0.000000,1,0,1,-1,22,35,23,91.500000,88.333300,96.000000,1.092896,1.132076,1.041667,0.017463,0.014883,0.013868,0.014883
1004,online_dqn,1,1,73,1,1,3,0.000000,88.333300,1.132076,35,0.278939,44,0,1,0,0.278939,0.300670,0.021731,0.021731,0.278939,0.000000,1,0,1,1,22,35,23,91.500000,88.333300,96.000000,1.092896,1.132076,1.041667,0.020088,0.017463,0.016430,0.020088
1004,online_dqn,1,1,74,2,2,2,0.974844,96.000000,0.121855,23,0.278939,44,0,2,0,0.278939,0.300670,0.021731,0.021731,0.278939,0.000000,1,0,1,0,22,35,23,91.500000,88.333300,96.000000,0.574421,0.155943,0.095141,0.030751,0.022498,0.017463,0.030751
1004,online_dqn,1,1,75,1,1,2,1.306025,88.333300,0.163253,35,0.278939,44,0,1,0,0.278939,0.300670,0.021731,0.021731,0.278939,0.000000,1,0,1,0,22,35,23,91.500000,88.333300,96.000000,0.574421,0.160220,0.094377,0.025035,0.017463,0.011649,0.025035
1004,online_dqn,1,1,76,2,2,2,0.590142,96.000000,0.073768,23,0.278939,44,1,1,1,0.278939,0.300670,0.021731,0.021731,0.278939,0.000000,1,0,1,0,22,35,23,91.500000,88.333300,96.000000,0.574421,0.155943,0.102011,0.029942,0.021731,0.017463,0.029942
1004,online_dqn,1,1,77,0,0,4,0.000000,91.500000,0.437158,22,0.278939,44,0,0,0,0.278939,0.300670,0.021731,0.021731,0.278939,0.000000,1,0,1,0,22,35,23,91.500000,88.333300,96.000000,0.437158,0.452830,0.416667,0.017463,0.014934,0.013795,0.014934
1004,online_dqn,1,1,78,2,2,1,1.490677,96.000000,0.496892,23,0.278939,44,0,2,0,0.278939,0.300670,0.021731,0.021731,0.278939,0.000000,1,0,1,0,22,35,23,91.500000,88.333300,96.000000,1.119001,0.931358,0.576111,0.021961,0.019068,0.017463,0.021961
1004,online_dqn,1,1,79,2,2,1,1.963521,96.000000,0.654507,23,0.278939,44,0,2,0,0.278939,0.300670,0.021731,0.021731,0.278939,0.000000,1,0,1,-1,22,35,23,91.500000,88.333300,96.000000,1.119001,0.931358,0.549842,0.022051,0.019156,0.017463,0.022051
1004,online_dqn,1,1,80,1,1,3,0.000000,88.333300,1.132076,35,0.278939,44,0,1,0,0.278939,0.300670,0.021731,0.021731,0.278939,0.000000,1,0,1,1,22,35,23,91.500000,88.333300,96.000000,1.092896,1.132076,1.041667,0.020088,0.017463,0.016430,0.020088
1004,online_dqn,1,2,1,2,2,2,0.453554,56.333300,0.056694,22,0.251176,37,0,2,0,0.251176,0.266706,0.015531,0.015531,0.251176,-0.027763,1,41,1,0,22,36,22,96.000000,85.333300,56.333300,0.651112,0.150420,0.056444,0.022692,0.015585,0.004586,0.022692
1004,online_dqn,1,2,2,0,0,2,0.984694,96.000000,0.123087,22,0.251176,37,0,0,0,0.251176,0.266706,0.015531,0.015531,0.251176,-0.027763,1,41,1,0,22,36,22,96.000000,85.333300,56.333300,0.773644,0.150420,0.054024,0.004586,-0.001858,-0.012635,0.000000
1004,online_dqn,1,2,3,1,1,4,0.000000,85.333300,0.468750,36,0.251176,37,0,1,0,0.251176,0.266706,0.015531,0.015531,0.251176,-0.027763,1,41,1,0,22,36,22,96.000000,85.333300,56.333300,0.416667,0.468750,0.710060,0.006566,0.004586,0.003035,0.006566
1004,online_dqn,1,2,4,0,0,2,5.556096,96.000000,0.694512,22,0.251176,37,0,0,0,0.251176,0.266706,0.015531,0.015531,0.251176,-0.027763,1,41,1,-1,22,36,22,96.000000,85.333300,56.333300,0.678407,0.150420,0.054024,0.004586,-0.001723,-0.012511,0.000000
1004,online_dqn,1,2,5,1,1,1,2.792037,85.333300,0.930679,36,0.251176,37,0,1,0,0.251176,0.266706,0.015531,0.015531,0.251176,-0.027763,1,41,1,-1,22,36,22,96.000000,85.333300,56.333300,1.126131,0.955805,0.743264,0.006896,0.004586,0.002187,0.006896
1004,online_dqn,1,2,6,2,2,2,0.443658,56.333300,0.055457,22,0.251176,37,1,1,1,0.251176,0.266706,0.015531,0.015531,0.251176,-0.027763,1,41,1,0,22,36,22,96.000000,85.333300,56.333300,0.651112,0.150420,0.056650,0.022635,0.015531,0.004586,0.022635
1004,online_dqn,1,2,7,0,0,1,3.541856,96.000000,1.180619,22,0.251176,37,0,0,0,0.251176,0.266706,0.015531,0.015531,0.251176,-0.027763,1,41,1,-1,22,36,22,96.000000,85.333300,56.333300,1.176769,0.925898,0.743264,0.004586,0.002205,-0.000100,0.002205
1004,online_dqn,1,2,8,0,0,1,3.507055,96.000000,1.169018,22,0.251176,37,0,0,0,0.251176,0.266706,0.015531,0.015531,0.251176,-0.027763,1,41,1,-1,22,36,22,96.000000,85.333300,56.333300,1.178703,0.925898,0.743264,0.004586,0.002204,-0.000102,0.002204
1004,online_dqn,1,2,9,2,2,1,2.259819,56.333300,0.753273,22,0.251176,37,0,2,0,0.251176,0.266706,0.015531,0.015531,0.251176,-0.027763,1,41,1,-1,22,36,22,96.000000,85.333300,56.333300,1.126131,0.925898,0.781011,0.009281,0.006876,0.004586,0.009281
1004,online_dqn,1,2,10,1,1,2,1.218470,85.333300,0.152309,36,0.251176,37,0,1,0,0.251176,0.266706,0.015531,0.015531,0.251176,-0.027763,1,41,1,0,22,36,22,96.000000,85.333300,56.333300,0.651112,0.154734,0.054024,0.010798,0.004586,-0.007014,0.010798
1004,online_dqn,1,2,11,0,0,2,5.557165,96.000000,0.694646,22,0.251176,37,0,0,0,0.251176,0.266706,0.015531,0.015531,0.251176,-0.027763,1,41,1,-1,22,36,22,96.000000,85.333300,56.333300,0.678385,0.150420,0.054024,0.004586,-0.001723,-0.012511,0.000000
1004,online_dqn,1,2,12,1,1,2,1.218494,85.333300,0.152312,36,0.251176,37,0,1,0,0.251176,0.266706,0.015531,0.015531,0.251176,-0.027763,1,41,1,0,22,36,22,96.000000,85.333300,56.333300,0.651112,0.154733,0.054024,0.010798,0.004586,-0.007014,0.010798
1004,online_dqn,1,2,13,1,1,3,0.000000,85.333300,1.171875,36,0.251176,37,0,1,0,0.251176,0.266706,0.015531,0.015531,0.251176,-0.027763,1,41,1,1,22,36,22,96.000000,85.333300,56.333300,1.041667,1.171875,1.775149,0.006699,0.004586,0.002684,0.006699
1004,online_dqn,1,2,14,2,2,3,0.000000,56.333300,1.775149,22,0.251176,37,0,2,0,0.251176,0.266706,0.015531,0.015531,0.251176,-0.027763,1,41,1,-1,22,36,22,96.000000,85.333300,56.333300,1.041667,1.171875,1.775149,0.008663,0.006517,0.004586,0.008663
1004,online_dqn,1,2,15,2,2,2,0.453554,56.333300,0.056694,22,0.251176,37,0,2,0,0.251176,0.266706,0.015531,0.015531,0.251176,-0.027763,1,41,1,0,22,36,22,96.000000,85.333300,56.333300,0.651112,0.150420,0.056444,0.022692,0.015585,0.004586,0.022692
1004,online_dqn,1,2,16,0,0,1,3.550367,96.000000,1.183456,22,0.251176,37,0,0,0,0.251176,0.266706,0.015531,0.015531,0.251176,-0.027763,1,41,1,-1,22,36,22,96.000000,85.333300,56.333300,1.176296,0.925898,0.743264,0.004586,0.002205,-0.000100,0.002205
1004,online_dqn,1,2,17,2,2,4,0.000000,56.333300,0.710060,22,0.251176,37,0,2,0,0.251176,0.266706,0.015531,0.015531,0.251176,-0.027763,1,41,1,-1,22,36,22,96.000000,85.333300,56.333300,0.416667,0.468750,0.710060,0.008161,0.006156,0.004586,0.008161
1004,online_dqn,1,2,18,2,2,1,2.620563,56.333300,0.873521,22,0.251176,37,0,2,0,0.251176,0.266706,0.015531,0.015531,0.251176,-0.027763,1,41,1,-1,22,36,22,96.000000,85.333300,56.333300,1.126131,0.925898,0.760970,0.009308,0.006903,0.004586,0.009308
1004,online_dqn,1,2,19,2,2,1,2.236098,56.333300,0.745366,22,0.251176,37,0,2,0,0.251176,0.266706,0.015531,0.015531,0.251176,-0.027763,1,41,1,-1,22,36,22,96.000000,85.333300,56.333300,1.126131,0.925898,0.782329,0.009279,0.006874,0.004586,0.009279
1004,online_dqn,1,2,20,1,1,1,2.884788,85.333300,0.961596,36,0.251176,37,0,1,0,0.251176,0.266706,0.015531,0.015531,0.251176,-0.027763,1,41,1,-1,22,36,22,96.000000,85.333300,56.333300,1.126131,0.949621,0.743264,0.006901,0.004586,0.002192,0.006901
1004,online_dqn,1,2,21,1,1,1,2.810074,85.333300,0.936691,36,0.251176,37,0,1,0,0.251176,0.266706,0.015531,0.015531,0.251176,-0.027763,1,41,1,-1,22,36,22,96.000000,85.333300,56.333300,1.126131,0.954602,0.743264,0.006897,0.004586,0.002188,0.006897
1004,online_dqn,1,2,22,0,0,4,0.000000,96.000000,0.416667,22,0.251176,37,0,0,0,0.251176,0.266706,0.015531,0.015531,0.251176,-0.027763,1,41,1,0,22,36,22,96.000000,85.333300,56.333300,0.416667,0.468750,0.710060,0.004586,0.002636,0.001108,0.002636
1004,online_dqn,1,2,23,2,2,4,0.000000,56.333300,0.710060,22,0.251176,37,0,2,0,0.251176,0.266706,0.015531,0.015531,0.251176,-0.027763,1,41,1,-1,22,36,22,96.000000,85.333300,56.333300,0.416667,0.468750,0.710060,0.008161,0.006156,0.004586,0.008161
1004,online_dqn,1,2,24,1,1,4,0.000000,85.333300,0.468750,36,0.251176,37,0,1,0,0.251176,0.266706,0.015531,0.015531,0.251176,-0.027763,1,41,1,0,22,36,22,96.000000,85.333300,56.333300,0.416667,0.468750,0.710060,0.006566,0.004586,0.003035,0.006566
1004,online_dqn,1,2,25,1,1,2,1.241462,85.333300,0.155183,36,0.251176,37,0,1,0,0.251176,0.266706,0.015531,0.015531,0.251176,-0.027763,1,41,1,0,22,36,22,96.000000,85.333300,56.333300,0.651112,0.154564,0.054024,0.010804,0.004586,-0.007009,0.010804
1004,online_dqn,1,2,26,2,2,1,2.326030,56.333300,0.775343,22,0.251176,37,0,2,0,0.251176,0.266706,0.015531,0.015531,0.251176,-0.027763,1,41,1,-1,22,36,22,96.000000,85.333300,56.333300,1.126131,0.925898,0.777333,0.009286,0.006881,0.004586,0.009286
1004,online_dqn,1,2,27,1,1,2,1.227307,85.333300,0.153413,36,0.251176,37,0,1,0,0.251176,0.266706,0.015531,0.015531,0.251176,-0.027763,1,41,1,0,22,36,22,96.000000,85.333300,56.333300,0.651112,0.154669,0.054024,0.010801,0.004586,-0.007012,0.010801
1004,online_dqn,1,2,28,0,0,1,3.543061,96.000000,1.181020,22,0.251176,37,0,0,0,0.251176,0.266706,0.015531,0.015531,0.251176,-0.027763,1,41,1,-1,22,36,22,96.000000,85.333300,56.333300,1.176702,0.925898,0.743264,0.004586,0.002205,-0.000100,0.002205
1004,online_dqn,1,2,29,2,2,3,0.000000,56.333300,1.775149,22,0.251176,37,0,2,0,0.251176,0.266706,0.015531,0.015531,0.251176,-0.027763,1,41,1,-1,22,36,22,96.000000,85.333300,56.333300,1.041667,1.171875,1.775149,0.008663,0.006517,0.004586,0.008663
1004,online_dqn,1,2,30,1,1,2,1.228376,85.333300,0.153547,36,0.251176,37,0,1,0,0.251176,0.266706,0.015531,0.015531,0.251176,-0.027763,1,41,1,0,22,36,22,96.000000,85.333300,56.333300,0.651112,0.154661,0.054024,0.010801,0.004586,-0.007012,0.010801
1004,online_dqn,1,2,31,2,2,3,0.000000,56.333300,1.775149,22,0.251176,37,0,2,0,0.251176,0.266706,0.015531,0.015531,0.251176,-0.027763,1,41,1,-1,22,36,22,96.000000,85.333300,56.333300,1.041667,1.171875,1.775149,0.008663,0.006517,0.004586,0.008663
1004,online_dqn,1,2,32,0,0,4,0.000000,96.000000,0.416667,22,0.251176,37,0,0,0,0.251176,0.266706,0.015531,0.015531,0.251176,-0.027763,1,41,1,0,22,36,22,96.000000,85.333300,56.333300,0.416667,0.468750,0.710060,0.004586,0.002636,0.001108,0.002636
1004,online_dqn,1,2,33,2,2,3,0.000000,56.333300,1.775149,22,0.251176,37,0,2,0,0.251176,0.266706,0.015531,0.015531,0.251176,-0.027763,1,41,1,-1,22,36,22,96.000000,85.333300,56.333300,1.041667,1.171875,1.775149,0.008663,0.006517,0.004586,0.008663
1004,online_dqn,1,2,34,0,0,4,0.000000,96.000000,0.416667,22,0.251176,37,0,0,0,0.251176,0.266706,0.015531,0.015531,0.251176,-0.027763,1,41,1,0,22,36,22,96.000000,85.333300,56.333300,0.416667,0.468750,0.710060,0.004586,0.002636,0.001108,0.002636
1004,online_dqn,1,2,35,0,0,3,0.000000,96.000000,1.041667,22,0.251176,37,0,0,0,0.251176,0.266706,0.015531,0.015531,0.251176,-0.027763,1,41,1,-1,22,36,22,96.000000,85.333300,56.333300,1.041667,1.171875,1.775149,0.004586,0.002507,0.000635,0.002507
1004,online_dqn,1,2,36,2,2,2,0.452485,56.333300,0.056561,22,0.251176,37,0,2,0,0.251176,0.266706,0.015531,0.015531,0.251176,-0.027763,1,41,1,0,22,36,22,96.000000,85.333300,56.333300,0.651112,0.150420,0.056466,0.022686,0.015579,0.004586,0.022686
1004,online_dqn,1,2,37,1,1,2,1.228306,85.333300,0.153538,36,0.251176,37,0,1,0,0.251176,0.266706,0.015531,0.015531,0.251176,-0.027763,1,41,1,0,22,36,22,96.000000,85.333300,56.333300,0.651112,0.154661,0.054024,0.010801,0.004586,-0.007012,0.010801
1004,online_dqn,1,2,38,0,0,2,6.410858,96.000000,0.801357,22,0.251176,37,0,0,0,0.251176,0.266706,0.015531,0.015531,0.251176,-0.027763,1,41,1,-1,22,36,22,96.000000,85.333300,56.333300,0.660599,0.150420,0.054024,0.004586,-0.001694,-0.012484,0.000000
1004,online_dqn,1,2,39,1,1,2,1.234965,85.333300,0.154371,36,0.251176,37,0,1,0,0.251176,0.266706,0.015531,0.015531,0.251176,-0.027763,1,41,1,0,22,36,22,96.000000,85.333300,56.333300,0.651112,0.154612,0.054024,0.010803,0.004586,-0.007011,0.010803
1004,online_dqn,1,2,40,2,2,1,2.616769,56.333300,0.872256,22,0.251176,37,0,2,0,0.251176,0.266706,0.015531,0.015531,0.251176,-0.027763,1,41,1,-1,22,36,22,96.000000,85.333300,56.333300,1.126131,0.925898,0.761181,0.009308,0.006903,0.004586,0.009308
1004,online_dqn,1,2,41,1,1,2,1.240505,85.333300,0.155063,36,0.251176,37,0,1,0,0.251176,0.266706,0.015531,0.015531,0.251176,-0.027763,1,41,1,0,22,36,22,96.000000,85.333300,56.333300,0.651112,0.154571,0.054024,0.010804,0.004586,-0.007009,0.010804
1004,online_dqn,1,2,42,2,2,4,0.000000,56.333300,0.710060,22,0.251176,37,0,2,0,0.251176,0.266706,0.015531,0.015531,0.251176,-0.027763,1,41,1,-1,22,36,22,96.000000,85.333300,56.333300,0.416667,0.468750,0.710060,0.008161,0.006156,0.004586,0.008161
1004,online_dqn,1,2,43,1,1,1,2.815958,85.333300,0.938653,36,0.251176,37,0,1,0,0.251176,0.266706,0.015531,0.015531,0.251176,-0.027763,1,41,1,-1,22,36,22,96.000000,85.333300,56.333300,1.126131,0.954210,0.743264,0.006897,0.004586,0.002188,0.006897
1004,online_dqn,1,2,44,1,1,4,0.000000,85.333300,0.468750,36,0.251176,37,0,1,0,0.251176,0.266706,0.015531,0.015531,0.251176,-0.027763,1,41,1,0,22,36,22,96.000000,85.333300,56.333300,0.416667,0.468750,0.710060,0.006566,0.004586,0.003035,0.006566
1004,online_dqn,1,2,45,0,0,1,3.508617,96.000000,1.169539,22,0.251176,37,0,0,0,0.251176,0.266706,0.015531,0.015531,0.251176,-0.027763,1,41,1,-1,22,36,22,96.000000,85.333300,56.333300,1.178616,0.925898,0.743264,0.004586,0.002204,-0.000101,0.002204
1004,online_dqn,1,2,46,0,0,2,6.537681,96.000000,0.817210,22,0.251176,37,0,0,0,0.251176,0.266706,0.015531,0.015531,0.251176,-0.027763,1,41,1,-1,22,36,22,96.000000,85.333300,56.333300,0.657957,0.150420,0.054024,0.004586,-0.001689,-0.012480,0.000000
1004,online_dqn,1,2,47,1,1,2,1.226249,85.333300,0.153281,36,0.251176,37,0,1,0,0.251176,0.266706,0.015531,0.015531,0.251176,-0.027763,1,41,1,0,22,36,22,96.000000,85.333300,56.333300,0.651112,0.154676,0.054024,0.010800,0.004586,-0.007013,0.010800
1004,online_dqn,1,2,48,1,1,3,0.000000,85.333300,1.171875,36,0.251176,37,0,1,0,0.251176,0.266706,0.015531,0.015531,0.251176,-0.027763,1,41,1,1,22,36,22,96.000000,85.333300,56.333300,1.041667,1.171875,1.775149,0.006699,0.004586,0.002684,0.006699
1004,online_dqn,1,2,49,1,1,3,0.000000,85.333300,1.171875,36,0.251176,37,0,1,0,0.251176,0.266706,0.015531,0.015531,0.251176,-0.027763,1,41,1,1,22,36,22,96.000000,85.333300,56.333300,1.041667,1.171875,1.775149,0.006699,0.004586,0.002684,0.006699
1004,online_dqn,1,2,50,1,1,2,1.240481,85.333300,0.155060,36,0.251176,37,0,1,0,0.251176,0.266706,0.015531,0.015531,0.251176,-0.027763,1,41,1,0,22,36,22,96.000000,85.333300,56.333300,0.651112,0.154572,0.054024,0.010804,0.004586,-0.007009,0.010804
1004,online_dqn,1,2,51,2,2,4,0.000000,56.333300,0.710060,22,0.251176,37,0,2,0,0.251176,0.266706,0.015531,0.015531,0.251176,-0.027763,1,41,1,-1,22,36,22,96.000000,85.333300,56.333300,0.416667,0.468750,0.710060,0.008161,0.006156,0.004586,0.008161
1004,online_dqn,1,2,52,0,0,1,3.548430,96.000000,1.182810,22,0.251176,37,0,0,0,0.251176,0.266706,0.015531,0.015531,0.251176,-0.027763,1,41,1,-1,22,36,22,96.000000,85.333300,56.333300,1.176404,0.925898,0.743264,0.004586,0.002205,-0.000100,0.002205
1004,online_dqn,1,2,53,0,0,1,3.524318,96.000000,1.174773,22,0.251176,37,0,0,0,0.251176,0.266706,0.015531,0.015531,0.251176,-0.027763,1,41,1,-1,22,36,22,96.000000,85.333300,56.333300,1.177744,0.925898,0.743264,0.004586,0.002205,-0.000101,0.002205
1004,online_dqn,1,2,54,1,1,4,0.000000,85.333300,0.468750,36,0.251176,37,0,1,0,0.251176,0.266706,0.015531,0.015531,0.251176,-0.027763,1,41,1,0,22,36,22,96.000000,85.333300,56.333300,0.416667,0.468750,0.710060,0.006566,0.004586,0.003035,0.006566
1004,online_dqn,1,2,55,1,1,3,0.000000,85.333300,1.171875,36,0.251176,37,0,1,0,0.251176,0.266706,0.015531,0.015531,0.251176,-0.027763,1,41,1,1,22,36,22,96.000000,85.333300,56.333300,1.041667,1.171875,1.775149,0.006699,0.004586,0.002684,0.006699
1004,online_dqn,1,2,56,0,0,4,0.000000,96.000000,0.416667,22,0.251176,37,0,0,0,0.251176,0.266706,0.015531,0.015531,0.251176,-0.027763,1,41,1,0,22,36,22,96.000000,85.333300,56.333300,0.416667,0.468750,0.710060,0.004586,0.002636,0.001108,0.002636
1004,online_dqn,1,2,57,0,0,4,0.000000,96.000000,0.416667,22,0.251176,37,0,0,0,0.251176,0.266706,0.015531,0.015531,0.251176,-0.027763,1,41,1,0,22,36,22,96.000000,85.333300,56.333300,0.416667,0.468750,0.710060,0.004586,0.002636,0.001108,0.002636
1004,online_dqn,1,2,58,2,2,2,0.452473,56.333300,0.056559,22,0.251176,37,0,2,0,0.251176,0.266706,0.015531,0.015531,0.251176,-0.027763,1,41,1,0,22,36,22,96.000000,85.333300,56.333300,0.651112,0.150420,0.056466,0.022686,0.015579,0.004586,0.022686
1004,online_dqn,1,2,59,1,1,2,1.240505,85.333300,0.155063,36,0.251176,37,0,1,0,0.251176,0.266706,0.015531,0.015531,0.251176,-0.027763,1,41,1,0,22,36,22,96.000000,85.333300,56.333300,0.651112,0.154571,0.054024,0.010804,0.004586,-0.007009,0.010804
1004,online_dqn,1,2,60,2,2,2,0.453554,56.333300,0.056694,22,0.251176,37,0,2,0,0.251176,0.266706,0.015531,0.015531,0.251176,-0.027763,1,41,1,0,22,36,22,96.000000,85.333300,56.333300,0.651112,0.150420,0.056444,0.022692,0.015585,0.004586,0.022692
1004,online_dqn,1,2,61,1,1,2,1.240494,85.333300,0.155062,36,0.251176,37,0,1,0,0.251176,0.266706,0.015531,0.015531,0.251176,-0.027763,1,41,1,0,22,36,22,96.000000,85.333300,56.333300,0.651112,0.154572,0.054024,0.010804,0.004586,-0.007009,0.010804
1004,online_dqn,1,2,62,0,0,2,6.536564,96.000000,0.817071,22,0.251176,37,0,0,0,0.251176,0.266706,0.015531,0.015531,0.251176,-0.027763,1,41,1,-1,22,36,22,96.000000,85.333300,56.333300,0.657980,0.150420,0.054024,0.004586,-0.001689,-0.012480,0.000000
1004,online_dqn,1,2,63,1,1,2,1.240492,85.333300,0.155062,36,0.251176,37,0,1,0,0.251176,0.266706,0.015531,0.015531,0.251176,-0.027763,1,41,1,0,22,36,22,96.000000,85.333300,56.333300,0.651112,0.154572,0.054024,0.010804,0.004586,-0.007009,0.010804
1004,online_dqn,1,2,64,1,1,2,1.240470,85.333300,0.155059,36,0.251176,37,0,1,0,0.251176,0.266706,0.015531,0.015531,0.251176,-0.027763,1,41,1,0,22,36,22,96.000000,85.333300,56.333300,0.651112,0.154572,0.054024,0.010804,0.004586,-0.007009,0.010804
1004,online_dqn,1,2,65,1,1,2,1.198924,85.333300,0.149865,36,0.251176,37,0,1,0,0.251176,0.266706,0.015531,0.015531,0.251176,-0.027763,1,41,1,0,22,36,22,96.000000,85.333300,56.333300,0.651112,0.154877,0.054024,0.010793,0.004586,-0.007019,0.010793
1004,online_dqn,1,2,66,0,0,2,6.536564,96.000000,0.817071,22,0.251176,37,0,0,0,0.251176,0.266706,0.015531,0.015531,0.251176,-0.027763,1,41,1,-1,22,36,22,96.000000,85.333300,56.333300,0.657980,0.150420,0.054024,0.004586,-0.001689,-0.012480,0.000000
1004,online_dqn,1,2,67,1,1,4,0.000000,85.333300,0.468750,36,0.251176,37,0,1,0,0.251176,0.266706,0.015531,0.015531,0.251176,-0.027763,1,41,1,0,22,36,22,96.000000,85.333300,56.333300,0.416667,0.468750,0.710060,0.006566,0.004586,0.003035,0.006566
1004,online_dqn,1,2,68,1,1,3,0.000000,85.333300,1.171875,36,0.251176,37,0,1,0,0.251176,0.266706,0.015531,0.015531,0.251176,-0.027763,1,41,1,1,22,36,22,96.000000,85.333300,56.333300,1.041667,1.171875,1.775149,0.006699,0.004586,0.002684,0.006699
1004,online_dqn,1,2,69,1,1,1,2.910944,85.333300,0.970315,36,0.251176,37,0,1,0,0.251176,0.266706,0.015531,0.015531,0.251176,-0.027763,1,41,1,-1,22,36,22,96.000000,85.333300,56.333300,1.126131,0.947878,0.743264,0.006903,0.004586,0.002193,0.006903
1004,online_dqn,1,2,70,1,1,1,2.915308,85.333300,0.971769,36,0.251176,37,0,1,0,0.251176,0.266706,0.015531,0.015531,0.251176,-0.027763,1,41,1,-1,22,36,22,96.000000,85.333300,56.333300,1.126131,0.947587,0.743264,0.006903,0.004586,0.002194,0.006903
1004,online_dqn,1,2,71,1,1,2,1.242644,85.333300,0.155331,36,0.251176,37,0,1,0,0.251176,0.266706,0.015531,0.015531,0.251176,-0.027763,1,41,1,0,22,36,22,96.000000,85.333300,56.333300,0.651112,0.154556,0.054024,0.010805,0.004586,-0.007009,0.010805
1004,online_dqn,1,2,72,0,0,3,0.000000,96.000000,1.041667,22,0.251176,37,0,0,0,0.251176,0.266706,0.015531,0.015531,0.251176,-0.027763,1,41,1,-1,22,36,22,96.000000,85.333300,56.333300,1.041667,1.171875,1.775149,0.004586,0.002507,0.000635,0.002507
1004,online_dqn,1,2,73,1,1,3,0.000000,85.333300,1.171875,36,0.251176,37,0,1,0,0.251176,0.266706,0.015531,0.015531,0.251176,-0.027763,1,41,1,1,22,36,22,96.000000,85.333300,56.333300,1.041667,1.171875,1.775149,0.006699,0.004586,0.002684,0.006699
1004,online_dqn,1,2,74,2,2,2,0.453567,56.333300,0.056696,22,0.251176,37,0,2,0,0.251176,0.266706,0.015531,0.015531,0.251176,-0.027763,1,41,1,0,22,36,22,96.000000,85.333300,56.333300,0.651112,0.150420,0.056443,0.022692,0.015585,0.004586,0.022692
1004,online_dqn,1,2,75,1,1,2,1.242609,85.333300,0.155326,36,0.251176,37,0,1,0,0.251176,0.266706,0.015531,0.015531,0.251176,-0.027763,1,41,1,0,22,36,22,96.000000,85.333300,56.333300,0.651112,0.154556,0.054024,0.010805,0.004586,-0.007009,0.010805
1004,online_dqn,1,2,76,1,1,2,1.311474,85.333300,0.163934,36,0.251176,37,0,1,0,0.251176,0.266706,0.015531,0.015531,0.251176,-0.027763,1,41,1,0,22,36,22,96.000000,85.333300,56.333300,0.651112,0.154050,0.054024,0.010822,0.004586,-0.006994,0.010822
1004,online_dqn,1,2,77,0,0,4,0.000000,96.000000,0.416667,22,0.251176,37,0,0,0,0.251176,0.266706,0.015531,0.015531,0.251176,-0.027763,1,41,1,0,22,36,22,96.000000,85.333300,56.333300,0.416667,0.468750,0.710060,0.004586,0.002636,0.001108,0.002636
1004,online_dqn,1,2,78,2,2,1,2.182541,56.333300,0.727514,22,0.251176,37,0,2,0,0.251176,0.266706,0.015531,0.015531,0.251176,-0.027763,1,41,1,-1,22,36,22,96.000000,85.333300,56.333300,1.126131,0.925898,0.785305,0.009275,0.006871,0.004586,0.009275
1004,online_dqn,1,2,79,2,2,1,2.076206,56.333300,0.692069,22,0.251176,37,0,2,0,0.251176,0.266706,0.015531,0.015531,0.251176,-0.027763,1,41,1,-1,22,36,22,96.000000,85.333300,56.333300,1.126131,0.925898,0.791212,0.009267,0.006863,0.004586,0.009267
1004,online_dqn,1,2,80,1,1,3,0.000000,85.333300,1.171875,36,0.251176,37,0,1,0,0.251176,0.266706,0.015531,0.015531,0.251176,-0.027763,1,41,1,1,22,36,22,96.000000,85.333300,56.333300,1.041667,1.171875,1.775149,0.006699,0.004586,0.002684,0.006699
1004,online_dqn,1,3,1,2,2,2,0.393452,0.000000,0.049182,21,0.245201,37,0,2,0,0.245201,0.269467,0.024266,0.024266,0.245201,-0.005975,1,50,1,0,22,37,21,89.166700,86.833300,0.000000,0.706441,0.145592,0.048823,0.024345,0.016962,0.004461,0.024345
1004,online_dqn,1,3,2,0,0,2,0.992345,89.166700,0.124043,22,0.245201,37,0,0,0,0.245201,0.269467,0.024266,0.024266,0.245201,-0.005975,1,50,1,0,22,37,21,89.166700,86.833300,0.000000,0.840970,0.145592,0.046661,0.004461,-0.002094,-0.014172,0.000000
1004,online_dqn,1,3,3,1,1,4,0.000000,86.833300,0.460653,37,0.245201,37,0,1,0,0.245201,0.269467,0.024266,0.024266,0.245201,-0.005975,1,50,1,0,22,37,21,89.166700,86.833300,0.000000,0.448598,0.460653,1.000000,0.006699,0.004461,0.003320,0.006699
1004,online_dqn,1,3,4,0,0,2,5.974731,89.166700,0.746841,22,0.245201,37,0,0,0,0.245201,0.269467,0.024266,0.024266,0.245201,-0.005975,1,50,1,-1,22,37,21,89.166700,86.833300,0.000000,0.737170,0.145592,0.046661,0.004461,-0.001976,-0.014066,0.000000
1004,online_dqn,1,3,5,1,1,1,2.948675,86.833300,0.982892,37,0.245201,37,0,1,0,0.245201,0.269467,0.024266,0.024266,0.245201,-0.005975,1,50,1,-1,22,37,21,89.166700,86.833300,0.000000,1.118656,0.911700,0.782313,0.006883,0.004461,0.002257,0.006883
1004,online_dqn,1,3,6,1,1,2,1.197808,86.833300,0.149726,37,0.245201,37,0,1,0,0.245201,0.269467,0.024266,0.024266,0.245201,-0.005975,1,50,1,0,22,37,21,89.166700,86.833300,0.000000,0.706441,0.149516,0.046661,0.010851,0.004461,-0.008514,0.010851
1004,online_dqn,1,3,7,0,0,1,3.507782,89.166700,1.169261,22,0.245201,37,0,0,0,0.245201,0.269467,0.024266,0.024266,0.245201,-0.005975,1,50,1,-1,22,37,21,89.166700,86.833300,0.000000,1.169544,0.899261,0.782313,0.004461,0.001991,-0.000136,0.001991
1004,online_dqn,1,3,8,0,0,1,3.508717,89.166700,1.169572,22,0.245201,37,0,0,0,0.245201,0.269467,0.024266,0.024266,0.245201,-0.005975,1,50,1,-1,22,37,21,89.166700,86.833300,0.000000,1.169492,0.899261,0.782313,0.004461,0.001991,-0.000135,0.001991
1004,online_dqn,1,3,9,2,2,1,2.422666,0.000000,0.807555,21,0.245201,37,0,2,0,0.245201,0.269467,0.024266,0.024266,0.245201,-0.005975,1,50,1,-1,22,37,21,89.166700,86.833300,0.000000,1.118656,0.899261,0.821567,0.009073,0.006573,0.004461,0.009073
1004,online_dqn,1,3,10,1,1,2,1.191287,86.833300,0.148911,37,0.245201,37,0,1,0,0.245201,0.269467,0.024266,0.024266,0.245201,-0.005975,1,50,1,0,22,37,21,89.166700,86.833300,0.000000,0.706441,0.149561,0.046661,0.010850,0.004461,-0.008515,0.010850
1004,online_dqn,1,3,11,0,0,2,6.659976,89.166700,0.832497,22,0.245201,37,0,0,0,0.245201,0.269467,0.024266,0.024266,0.245201,-0.005975,1,50,1,-1,22,37,21,89.166700,86.833300,0.000000,0.722894,0.145592,0.046661,0.004461,-0.001957,-0.014049,0.000000
1004,online_dqn,1,3,12,1,1,2,1.191281,86.833300,0.148910,37,0.245201,37,0,1,0,0.245201,0.269467,0.024266,0.024266,0.245201,-0.005975,1,50,1,0,22,37,21,89.166700,86.833300,0.000000,0.706441,0.149561,0.046661,0.010850,0.004461,-0.008515,0.010850
1004,online_dqn,1,3,13,1,1,3,0.000000,86.833300,1.151632,37,0.245201,37,0,1,0,0.245201,0.269467,0.024266,0.024266,0.245201,-0.005975,1,50,1,1,22,37,21,89.166700,86.833300,0.000000,1.121495,1.151632,1.000000,0.006727,0.004461,0.002318,0.006727
1004,online_dqn,1,3,14,2,2,3,0.000000,0.000000,1.000000,21,0.245201,37,0,2,0,0.245201,0.269467,0.024266,0.024266,0.245201,-0.005975,1,50,0,-1,22,37,21,89.166700,86.833300,0.000000,1.121495,1.151632,1.000000,0.008946,0.006640,0.004461,0.008946
1004,online_dqn,1,3,15,2,2,2,0.394469,0.000000,0.049309,21,0.245201,37,0,2,0,0.245201,0.269467,0.024266,0.024266,0.245201,-0.005975,1,50,1,0,22,37,21,89.166700,86.833300,0.000000,0.706441,0.145592,0.048798,0.024354,0.016971,0.004461,0.024354
1004,online_dqn,1,3,16,0,0,1,3.508052,89.166700,1.169351,22,0.245201,37,0,0,0,0.245201,0.269467,0.024266,0.024266,0.245201,-0.005975,1,50,1,-1,22,37,21,89.166700,86.833300,0.000000,1.169529,0.899261,0.782313,0.004461,0.001991,-0.000136,0.001991
1004,online_dqn,1,3,17,2,2,4,0.000000,0.000000,1.000000,21,0.245201,37,0,2,0,0.245201,0.269467,0.024266,0.024266,0.245201,-0.005975,1,50,0,-1,22,37,21,89.166700,86.833300,0.000000,0.448598,0.460653,1.000000,0.007871,0.005612,0.004461,0.007871
1004,online_dqn,1,3,18,2,2,1,2.637615,0.000000,0.879205,21,0.245201,37,0,2,0,0.245201,0.269467,0.024266,0.024266,0.245201,-0.005975,1,50,1,-1,22,37,21,89.166700,86.833300,0.000000,1.118656,0.899261,0.809626,0.009087,0.006587,0.004461,0.009087
1004,online_dqn,1,3,19,2,2,1,2.364630,0.000000,0.788210,21,0.245201,37,0,2,0,0.245201,0.269467,0.024266,0.024266,0.245201,-0.005975,1,50,1,-1,22,37,21,89.166700,86.833300,0.000000,1.118656,0.899261,0.824791,0.009070,0.006570,0.004461,0.009070
1004,online_dqn,1,3,20,1,1,1,2.790329,86.833300,0.930110,37,0.245201,37,0,1,0,0.245201,0.269467,0.024266,0.024266,0.245201,-0.005975,1,50,1,-1,22,37,21,89.166700,86.833300,0.000000,1.118656,0.922257,0.782313,0.006873,0.004461,0.002248,0.006873
1004,online_dqn,1,3,21,1,1,1,2.944748,86.833300,0.981583,37,0.245201,37,0,1,0,0.245201,0.269467,0.024266,0.024266,0.245201,-0.005975,1,50,1,-1,22,37,21,89.166700,86.833300,0.000000,1.118656,0.911962,0.782313,0.006883,0.004461,0.002257,0.006883
1004,online_dqn,1,3,22,0,0,4,0.000000,89.166700,0.448598,22,0.245201,37,0,0,0,0.245201,0.269467,0.024266,0.024266,0.245201,-0.005975,1,50,1,0,22,37,21,89.166700,86.833300,0.000000,0.448598,0.460653,1.000000,0.004461,0.002262,0.001141,0.002262
1004,online_dqn,1,3,23,2,2,4,0.000000,0.000000,1.000000,21,0.245201,37,0,2,0,0.245201,0.269467,0.024266,0.024266,0.245201,-0.005975,1,50,0,-1,22,37,21,89.166700,86.833300,0.000000,0.448598,0.460653,1.000000,0.007871,0.005612,0.004461,0.007871
1004,online_dqn,1,3,24,1,1,4,0.000000,86.833300,0.460653,37,0.245201,37,0,1,0,0.245201,0.269467,0.024266,0.024266,0.245201,-0.005975,1,50,1,0,22,37,21,89.166700,86.833300,0.000000,0.448598,0.460653,1.000000,0.006699,0.004461,0.003320,0.006699
1004,online_dqn,1,3,25,1,1,2,1.197790,86.833300,0.149724,37,0.245201,37,0,1,0,0.245201,0.269467,0.024266,0.024266,0.245201,-0.005975,1,50,1,0,22,37,21,89.166700,86.833300,0.000000,0.706441,0.149516,0.046661,0.010851,0.004461,-0.008514,0.010851
1004,online_dqn,1,3,26,2,2,1,2.324921,0.000000,0.774974,21,0.245201,37,0,2,0,0.245201,0.269467,0.024266,0.024266,0.245201,-0.005975,1,50,1,-1,22,37,21,89.166700,86.833300,0.000000,1.118656,0.899261,0.826998,0.009067,0.006567,0.004461,0.009067
1004,online_dqn,1,3,27,1,1,2,1.198884,86.833300,0.149861,37,0.245201,37,0,1,0,0.245201,0.269467,0.024266,0.024266,0.245201,-0.005975,1,50,1,0,22,37,21,89.166700,86.833300,0.000000,0.706441,0.149508,0.046661,0.010852,0.004461,-0.008514,0.010852
1004,online_dqn,1,3,28,0,0,1,3.509515,89.166700,1.169838,22,0.245201,37,0,0,0,0.245201,0.269467,0.024266,0.024266,0.245201,-0.005975,1,50,1,-1,22,37,21,89.166700,86.833300,0.000000,1.169448,0.899261,0.782313,0.004461,0.001991,-0.000135,0.001991
1004,online_dqn,1,3,29,2,2,3,0.000000,0.000000,1.000000,21,0.245201,37,0,2,0,0.245201,0.269467,0.024266,0.024266,0.245201,-0.005975,1,50,0,-1,22,37,21,89.166700,86.833300,0.000000,1.121495,1.151632,1.000000,0.008946,0.006640,0.004461,0.008946
1004,online_dqn,1,3,30,1,1,2,1.198949,86.833300,0.149869,37,0.245201,37,0,1,0,0.245201,0.269467,0.024266,0.024266,0.245201,-0.005975,1,50,1,0,22,37,21,89.166700,86.833300,0.000000,0.706441,0.149508,0.046661,0.010852,0.004461,-0.008514,0.010852
1004,online_dqn,1,3,31,2,2,3,0.000000,0.000000,1.000000,21,0.245201,37,0,2,0,0.245201,0.269467,0.024266,0.024266,0.245201,-0.005975,1,50,0,-1,22,37,21,89.166700,86.833300,0.000000,1.121495,1.151632,1.000000,0.008946,0.006640,0.004461,0.008946
1004,online_dqn,1,3,32,0,0,4,0.000000,89.166700,0.448598,22,0.245201,37,0,0,0,0.245201,0.269467,0.024266,0.024266,0.245201,-0.005975,1,50,1,0,22,37,21,89.166700,86.833300,0.000000,0.448598,0.460653,1.000000,0.004461,0.002262,0.001141,0.002262
1004,online_dqn,1,3,33,2,2,3,0.000000,0.000000,1.000000,21,0.245201,37,0,2,0,0.245201,0.269467,0.024266,0.024266,0.245201,-0.005975,1,50,0,-1,22,37,21,89.166700,86.833300,0.000000,1.121495,1.151632,1.000000,0.008946,0.006640,0.004461,0.008946
1004,online_dqn,1,3,34,0,0,4,0.000000,89.166700,0.448598,22,0.245201,37,0,0,0,0.245201,0.269467,0.024266,0.024266,0.245201,-0.005975,1,50,1,0,22,37,21,89.166700,86.833300,0.000000,0.448598,0.460653,1.000000,0.004461,0.002262,0.001141,0.002262
1004,online_dqn,1,3,35,0,0,3,0.000000,89.166700,1.121495,22,0.245201,37,0,0,0,0.245201,0.269467,0.024266,0.024266,0.245201,-0.005975,1,50,1,-1,22,37,21,89.166700,86.833300,0.000000,1.121495,1.151632,1.000000,0.004461,0.002235,0.000130,0.002235
1004,online_dqn,1,3,36,2,2,2,0.394545,0.000000,0.049318,21,0.245201,37,0,2,0,0.245201,0.269467,0.024266,0.024266,0.245201,-0.005975,1,50,1,0,22,37,21,89.166700,86.833300,0.000000,0.706441,0.145592,0.048796,0.024355,0.016971,0.004461,0.024355
1004,online_dqn,1,3,37,1,1,2,1.190205,86.833300,0.148776,37,0.245201,37,0,1,0,0.245201,0.269467,0.024266,0.024266,0.245201,-0.005975,1,50,1,0,22,37,21,89.166700,86.833300,0.000000,0.706441,0.149568,0.046661,0.010849,0.004461,-0.008516,0.010849
1004,online_dqn,1,3,38,0,0,2,6.933223,89.166700,0.866653,22,0.245201,37,0,0,0,0.245201,0.269467,0.024266,0.024266,0.245201,-0.005975,1,50,1,-1,22,37,21,89.166700,86.833300,0.000000,0.717202,0.145592,0.046661,0.004461,-0.001949,-0.014042,0.000000
1004,online_dqn,1,3,39,1,1,2,1.199989,86.833300,0.149999,37,0.245201,37,0,1,0,0.245201,0.269467,0.024266,0.024266,0.245201,-0.005975,1,50,1,0,22,37,21,89.166700,86.833300,0.000000,0.706441,0.149501,0.046661,0.010852,0.004461,-0.008514,0.010852
1004,online_dqn,1,3,40,2,2,1,2.558899,0.000000,0.852966,21,0.245201,37,0,2,0,0.245201,0.269467,0.024266,0.024266,0.245201,-0.005975,1,50,1,-1,22,37,21,89.166700,86.833300,0.000000,1.118656,0.899261,0.813999,0.009082,0.006582,0.004461,0.009082
1004,online_dqn,1,3,41,1,1,2,1.199977,86.833300,0.149997,37,0.245201,37,0,1,0,0.245201,0.269467,0.024266,0.024266,0.245201,-0.005975,1,50,1,0,22,37,21,89.166700,86.833300,0.000000,0.706441,0.149501,0.046661,0.010852,0.004461,-0.008514,0.010852
1004,online_dqn,1,3,42,2,2,4,0.000000,0.000000,1.000000,21,0.245201,37,0,2,0,0.245201,0.269467,0.024266,0.024266,0.245201,-0.005975,1,50,0,-1,22,37,21,89.166700,86.833300,0.000000,0.448598,0.460653,1.000000,0.007871,0.005612,0.004461,0.007871
1004,online_dqn,1,3,43,1,1,1,2.931570,86.833300,0.977190,37,0.245201,37,0,1,0,0.245201,0.269467,0.024266,0.024266,0.245201,-0.005975,1,50,1,-1,22,37,21,89.166700,86.833300,0.000000,1.118656,0.912841,0.782313,0.006882,0.004461,0.002256,0.006882
1004,online_dqn,1,3,44,1,1,4,0.000000,86.833300,0.460653,37,0.245201,37,0,1,0,0.245201,0.269467,0.024266,0.024266,0.245201,-0.005975,1,50,1,0,22,37,21,89.166700,86.833300,0.000000,0.448598,0.460653,1.000000,0.006699,0.004461,0.003320,0.006699
1004,online_dqn,1,3,45,0,0,1,3.508052,89.166700,1.169351,22,0.245201,37,0,0,0,0.245201,0.269467,0.024266,0.024266,0.245201,-0.005975,1,50,1,-1,22,37,21,89.166700,86.833300,0.000000,1.169529,0.899261,0.782313,0.004461,0.001991,-0.000136,0.001991
1004,online_dqn,1,3,46,0,0,2,6.933223,89.166700,0.866653,22,0.245201,37,0,0,0,0.245201,0.269467,0.024266,0.024266,0.245201,-0.005975,1,50,1,-1,22,37,21,89.166700,86.833300,0.000000,0.717202,0.145592,0.046661,0.004461,-0.001949,-0.014042,0.000000
1004,online_dqn,1,3,47,1,1,2,1.199958,86.833300,0.149995,37,0.245201,37,0,1,0,0.245201,0.269467,0.024266,0.024266,0.245201,-0.005975,1,50,1,0,22,37,21,89.166700,86.833300,0.000000,0.706441,0.149501,0.046661,0.010852,0.004461,-0.008514,0.010852
1004,online_dqn,1,3,48,1,1,3,0.000000,86.833300,1.151632,37,0.245201,37,0,1,0,0.245201,0.269467,0.024266,0.024266,0.245201,-0.005975,1,50,1,1,22,37,21,89.166700,86.833300,0.000000,1.121495,1.151632,1.000000,0.006727,0.004461,0.002318,0.006727
1004,online_dqn,1,3,49,1,1,3,0.000000,86.833300,1.151632,37,0.245201,37,0,1,0,0.245201,0.269467,0.024266,0.024266,0.245201,-0.005975,1,50,1,1,22,37,21,89.166700,86.833300,0.000000,1.121495,1.151632,1.000000,0.006727,0.004461,0.002318,0.006727
1004,online_dqn,1,3,50,1,1,2,1.199965,86.833300,0.149996,37,0.245201,37,0,1,0,0.245201,0.269467,0.024266,0.024266,0.245201,-0.005975,1,50,1,0,22,37,21,89.166700,86.833300,0.000000,0.706441,0.149501,0.046661,0.010852,0.004461,-0.008514,0.010852
1004,online_dqn,1,3,51,2,2,4,0.000000,0.000000,1.000000,21,0.245201,37,0,2,0,0.245201,0.269467,0.024266,0.024266,0.245201,-0.005975,1,50,0,-1,22,37,21,89.166700,86.833300,0.000000,0.448598,0.460653,1.000000,0.007871,0.005612,0.004461,0.007871
1004,online_dqn,1,3,52,0,0,1,3.508397,89.166700,1.169466,22,0.245201,37,0,0,0,0.245201,0.269467,0.024266,0.024266,0.245201,-0.005975,1,50,1,-1,22,37,21,89.166700,86.833300,0.000000,1.169510,0.899261,0.782313,0.004461,0.001991,-0.000136,0.001991
1004,online_dqn,1,3,53,0,0,1,3.509062,89.166700,1.169687,22,0.245201,37,0,0,0,0.245201,0.269467,0.024266,0.024266,0.245201,-0.005975,1,50,1,-1,22,37,21,89.166700,86.833300,0.000000,1.169473,0.899261,0.782313,0.004461,0.001991,-0.000135,0.001991
1004,online_dqn,1,3,54,1,1,4,0.000000,86.833300,0.460653,37,0.245201,37,0,1,0,0.245201,0.269467,0.024266,0.024266,0.245201,-0.005975,1,50,1,0,22,37,21,89.166700,86.833300,0.000000,0.448598,0.460653,1.000000,0.006699,0.004461,0.003320,0.006699
1004,online_dqn,1,3,55,1,1,3,0.000000,86.833300,1.151632,37,0.245201,37,0,1,0,0.245201,0.269467,0.024266,0.024266,0.245201,-0.005975,1,50,1,1,22,37,21,89.166700,86.833300,0.000000,1.121495,1.151632,1.000000,0.006727,0.004461,0.002318,0.006727
1004,online_dqn,1,3,56,0,0,4,0.000000,89.166700,0.448598,22,0.245201,37,0,0,0,0.245201,0.269467,0.024266,0.024266,0.245201,-0.005975,1,50,1,0,22,37,21,89.166700,86.833300,0.000000,0.448598,0.460653,1.000000,0.004461,0.002262,0.001141,0.002262
1004,online_dqn,1,3,57,0,0,4,0.000000,89.166700,0.448598,22,0.245201,37,0,0,0,0.245201,0.269467,0.024266,0.024266,0.245201,-0.005975,1,50,1,0,22,37,21,89.166700,86.833300,0.000000,0.448598,0.460653,1.000000,0.004461,0.002262,0.001141,0.002262
1004,online_dqn,1,3,58,2,2,2,0.394534,0.000000,0.049317,21,0.245201,37,0,2,0,0.245201,0.269467,0.024266,0.024266,0.245201,-0.005975,1,50,1,0,22,37,21,89.166700,86.833300,0.000000,0.706441,0.145592,0.048796,0.024355,0.016971,0.004461,0.024355
1004,online_dqn,1,3,59,1,1,2,1.200012,86.833300,0.150002,37,0.245201,37,0,1,0,0.245201,0.269467,0.024266,0.024266,0.245201,-0.005975,1,50,1,0,22,37,21,89.166700,86.833300,0.000000,0.706441,0.149500,0.046661,0.010852,0.004461,-0.008514,0.010852
1004,online_dqn,1,3,60,2,2,2,0.384697,0.000000,0.048087,21,0.245201,37,0,2,0,0.245201,0.269467,0.024266,0.024266,0.245201,-0.005975,1,50,1,0,22,37,21,89.166700,86.833300,0.000000,0.706441,0.145592,0.049042,0.024266,0.016887,0.004461,0.024266
1004,online_dqn,1,3,61,1,1,2,1.200053,86.833300,0.150007,37,0.245201,37,0,1,0,0.245201,0.269467,0.024266,0.024266,0.245201,-0.005975,1,50,1,0,22,37,21,89.166700,86.833300,0.000000,0.706441,0.149500,0.046661,0.010852,0.004461,-0.008514,0.010852
1004,online_dqn,1,3,62,0,0,2,6.933258,89.166700,0.866657,22,0.245201,37,0,0,0,0.245201,0.269467,0.024266,0.024266,0.245201,-0.005975,1,50,1,-1,22,37,21,89.166700,86.833300,0.000000,0.717201,0.145592,0.046661,0.004461,-0.001949,-0.014042,0.000000
1004,online_dqn,1,3,63,1,1,2,1.200053,86.833300,0.150007,37,0.245201,37,0,1,0,0.245201,0.269467,0.024266,0.024266,0.245201,-0.005975,1,50,1,0,22,37,21,89.166700,86.833300,0.000000,0.706441,0.149500,0.046661,0.010852,0.004461,-0.008514,0.010852
1004,online_dqn,1,3,64,1,1,2,1.166160,86.833300,0.145770,37,0.245201,37,0,1,0,0.245201,0.269467,0.024266,0.024266,0.245201,-0.005975,1,50,1,0,22,37,21,89.166700,86.833300,0.000000,0.706441,0.149735,0.046661,0.010844,0.004461,-0.008521,0.010844
1004,online_dqn,1,3,65,1,1,2,1.200019,86.833300,0.150002,37,0.245201,37,0,1,0,0.245201,0.269467,0.024266,0.024266,0.245201,-0.005975,1,50,1,0,22,37,21,89.166700,86.833300,0.000000,0.706441,0.149500,0.046661,0.010852,0.004461,-0.008514,0.010852
1004,online_dqn,1,3,66,0,0,2,6.932142,89.166700,0.866518,22,0.245201,37,0,0,0,0.245201,0.269467,0.024266,0.024266,0.245201,-0.005975,1,50,1,-1,22,37,21,89.166700,86.833300,0.000000,0.717224,0.145592,0.046661,0.004461,-0.001949,-0.014042,0.000000
1004,online_dqn,1,3,67,1,1,4,0.000000,86.833300,0.460653,37,0.245201,37,0,1,0,0.245201,0.269467,0.024266,0.024266,0.245201,-0.005975,1,50,1,0,22,37,21,89.166700,86.833300,0.000000,0.448598,0.460653,1.000000,0.006699,0.004461,0.003320,0.006699
1004,online_dqn,1,3,68,1,1,3,0.000000,86.833300,1.151632,37,0.245201,37,0,1,0,0.245201,0.269467,0.024266,0.024266,0.245201,-0.005975,1,50,1,1,22,37,21,89.166700,86.833300,0.000000,1.121495,1.151632,1.000000,0.006727,0.004461,0.002318,0.006727
1004,online_dqn,1,3,69,1,1,1,2.146577,86.833300,0.715526,37,0.245201,37,0,1,0,0.245201,0.269467,0.024266,0.024266,0.245201,-0.005975,1,50,1,-1,22,37,21,89.166700,86.833300,0.000000,1.118656,0.965173,0.782313,0.006836,0.004461,0.002212,0.006836
1004,online_dqn,1,3,70,1,1,1,2.862279,86.833300,0.954093,37,0.245201,37,0,1,0,0.245201,0.269467,0.024266,0.024266,0.245201,-0.005975,1,50,1,-1,22,37,21,89.166700,86.833300,0.000000,1.118656,0.917460,0.782313,0.006877,0.004461,0.002252,0.006877
1004,online_dqn,1,3,71,1,1,2,1.198949,86.833300,0.149869,37,0.245201,37,0,1,0,0.245201,0.269467,0.024266,0.024266,0.245201,-0.005975,1,50,1,0,22,37,21,89.166700,86.833300,0.000000,0.706441,0.149508,0.046661,0.010852,0.004461,-0.008514,0.010852
1004,online_dqn,1,3,72,0,0,3,0.000000,89.166700,1.121495,22,0.245201,37,0,0,0,0.245201,0.269467,0.024266,0.024266,0.245201,-0.005975,1,50,1,-1,22,37,21,89.166700,86.833300,0.000000,1.121495,1.151632,1.000000,0.004461,0.002235,0.000130,0.002235
1004,online_dqn,1,3,73,1,1,3,0.000000,86.833300,1.151632,37,0.245201,37,0,1,0,0.245201,0.269467,0.024266,0.024266,0.245201,-0.005975,1,50,1,1,22,37,21,89.166700,86.833300,0.000000,1.121495,1.151632,1.000000,0.006727,0.004461,0.002318,0.006727
1004,online_dqn,1,3,74,2,2,2,0.384673,0.000000,0.048084,21,0.245201,37,1,0,1,0.245201,0.269467,0.024266,0.024266,0.245201,-0.005975,1,50,1,0,22,37,21,89.166700,86.833300,0.000000,0.706441,0.145592,0.049042,0.024266,0.016887,0.004461,0.024266
1004,online_dqn,1,3,75,1,1,2,1.197785,86.833300,0.149723,37,0.245201,37,0,1,0,0.245201,0.269467,0.024266,0.024266,0.245201,-0.005975,1,50,1,0,22,37,21,89.166700,86.833300,0.000000,0.706441,0.149516,0.046661,0.010851,0.004461,-0.008514,0.010851
1004,online_dqn,1,3,76,1,1,2,1.198942,86.833300,0.149868,37,0.245201,37,0,1,0,0.245201,0.269467,0.024266,0.024266,0.245201,-0.005975,1,50,1,0,22,37,21,89.166700,86.833300,0.000000,0.706441,0.149508,0.046661,0.010852,0.004461,-0.008514,0.010852
1004,online_dqn,1,3,77,0,0,4,0.000000,89.166700,0.448598,22,0.245201,37,0,0,0,0.245201,0.269467,0.024266,0.024266,0.245201,-0.005975,1,50,1,0,22,37,21,89.166700,86.833300,0.000000,0.448598,0.460653,1.000000,0.004461,0.002262,0.001141,0.002262
1004,online_dqn,1,3,78,2,2,1,2.383568,0.000000,0.794523,21,0.245201,37,0,2,0,0.245201,0.269467,0.024266,0.024266,0.245201,-0.005975,1,50,1,-1,22,37,21,89.166700,86.833300,0.000000,1.118656,0.899261,0.823739,0.009071,0.006571,0.004461,0.009071
1004,online_dqn,1,3,79,2,2,1,2.518579,0.000000,0.839526,21,0.245201,37,0,2,0,0.245201,0.269467,0.024266,0.024266,0.245201,-0.005975,1,50,1,-1,22,37,21,89.166700,86.833300,0.000000,1.118656,0.899261,0.816239,0.009079,0.006579,0.004461,0.009079
1004,online_dqn,1,3,80,1,1,3,0.000000,86.833300,1.151632,37,0.245201,37,0,1,0,0.245201,0.269467,0.024266,0.024266,0.245201,-0.005975,1,50,1,1,22,37,21,89.166700,86.833300,0.000000,1.121495,1.151632,1.000000,0.006727,0.004461,0.002318,0.006727
