seed,method,cycle_id,ue_id,previous_bs_id,current_bs_id,app_type,tp_mbps,rtt_ms,satisfaction,num_users_on_current_bs,harmonic_mean,num_unsatisfied_users,target_ue_flag,action_selected_bs_id,switch_flag,h_before,h_after_estimated,reward,estimated_reward,h_after_measured,measured_reward,switch_count,num_degraded_users,measurement_valid,candidate_type,num_users_ap0,num_users_ap1,num_users_ap2,monitor_rtt_ap0,monitor_rtt_ap1,monitor_rtt_ap2,estimated_satisfaction_if_ap0,estimated_satisfaction_if_ap1,estimated_satisfaction_if_ap2,estimated_h_delta_if_ap0,estimated_h_delta_if_ap1,estimated_h_delta_if_ap2,best_estimated_h_delta
3,multi_offload,1,1,1,1,2,3.841558,89.000000,0.480195,28,0.303178,55,0,1,0,0.303178,0.303178,0.000000,0.000000,0.303178,0.000000,0,0,1,0,25,28,27,92.000000,89.000000,112.667000,0.738766,0.477946,0.090424,0.016143,0.015221,-0.000969,0.016143
3,multi_offload,1,2,2,2,2,0.606526,112.667000,0.075816,27,0.303178,55,0,2,0,0.303178,0.303178,0.000000,0.000000,0.303178,0.000000,0,0,1,0,25,28,27,92.000000,89.000000,112.667000,0.738766,0.461707,0.095405,0.032904,0.031674,0.015221,0.032904
3,multi_offload,1,3,1,1,2,3.949617,89.000000,0.493702,28,0.303178,55,0,1,0,0.303178,0.303178,0.000000,0.000000,0.303178,0.000000,0,0,1,0,25,28,27,92.000000,89.000000,112.667000,0.738766,0.476258,0.090424,0.016153,0.015221,-0.000961,0.016153
3,multi_offload,1,4,0,0,1,3.509669,92.000000,1.169890,25,0.303178,55,0,0,0,0.303178,0.303178,0.000000,0.000000,0.303178,0.000000,0,0,1,-1,25,28,27,92.000000,89.000000,112.667000,1.169968,1.129034,0.567485,0.015221,0.015059,0.008494,0.015059
3,multi_offload,1,5,0,0,2,6.166063,92.000000,0.770758,25,0.303178,55,0,0,0,0.303178,0.303178,0.000000,0.000000,0.303178,0.000000,0,0,1,-1,25,28,27,92.000000,89.000000,112.667000,0.767909,0.461707,0.090424,0.015221,0.013986,-0.001913,0.013986
3,multi_offload,1,6,1,1,4,0.000000,89.000000,0.449438,28,0.303178,55,0,1,0,0.303178,0.303178,0.000000,0.000000,0.303178,0.000000,0,0,1,0,25,28,27,92.000000,89.000000,112.667000,0.434783,0.449438,0.355029,0.015204,0.015221,0.008996,0.015204
3,multi_offload,1,7,0,0,4,0.000000,92.000000,0.434783,25,0.303178,55,0,0,0,0.303178,0.303178,0.000000,0.000000,0.303178,0.000000,0,0,1,0,25,28,27,92.000000,89.000000,112.667000,0.434783,0.449438,0.355029,0.015221,0.015237,0.009011,0.015237
3,multi_offload,1,8,2,2,4,0.000000,112.667000,0.355029,27,0.303178,55,0,2,0,0.303178,0.303178,0.000000,0.000000,0.303178,0.000000,0,0,1,0,25,28,27,92.000000,89.000000,112.667000,0.434783,0.449438,0.355029,0.021682,0.021699,0.015221,0.021699
3,multi_offload,1,9,2,2,4,0.000000,112.667000,0.355029,27,0.303178,55,0,2,0,0.303178,0.303178,0.000000,0.000000,0.303178,0.000000,0,0,1,0,25,28,27,92.000000,89.000000,112.667000,0.434783,0.449438,0.355029,0.021682,0.021699,0.015221,0.021699
3,multi_offload,1,10,2,2,2,0.883016,112.667000,0.110377,27,0.303178,55,0,2,0,0.303178,0.303178,0.000000,0.000000,0.303178,0.000000,0,0,1,0,25,28,27,92.000000,89.000000,112.667000,0.738766,0.461707,0.092263,0.033390,0.032157,0.015221,0.033390
3,multi_offload,1,11,1,1,2,3.950786,89.000000,0.493848,28,0.303178,55,0,1,0,0.303178,0.303178,0.000000,0.000000,0.303178,0.000000,0,0,1,0,25,28,27,92.000000,89.000000,112.667000,0.738766,0.476240,0.090424,0.016153,0.015221,-0.000961,0.016153
3,multi_offload,1,12,2,2,4,0.000000,112.667000,0.355029,27,0.303178,55,0,2,0,0.303178,0.303178,0.000000,0.000000,0.303178,0.000000,0,0,1,0,25,28,27,92.000000,89.000000,112.667000,0.434783,0.449438,0.355029,0.021682,0.021699,0.015221,0.021699
3,multi_offload,1,13,2,2,2,0.833831,112.667000,0.104229,27,0.303178,55,0,2,0,0.303178,0.303178,0.000000,0.000000,0.303178,0.000000,0,0,1,0,25,28,27,92.000000,89.000000,112.667000,0.738766,0.461707,0.092822,0.033302,0.032068,0.015221,0.033302
3,multi_offload,1,14,1,1,2,3.950844,89.000000,0.493855,28,0.303178,55,0,1,0,0.303178,0.303178,0.000000,0.000000,0.303178,0.000000,0,0,1,0,25,28,27,92.000000,89.000000,112.667000,0.738766,0.476239,0.090424,0.016153,0.015221,-0.000961,0.016153
3,multi_offload,1,15,0,0,1,3.506930,92.000000,1.168977,25,0.303178,55,0,0,0,0.303178,0.303178,0.000000,0.000000,0.303178,0.000000,0,0,1,-1,25,28,27,92.000000,89.000000,112.667000,1.170099,1.129034,0.567485,0.015221,0.015059,0.008494,0.015059
3,multi_offload,1,16,1,1,4,0.000000,89.000000,0.449438,28,0.303178,55,0,1,0,0.303178,0.303178,0.000000,0.000000,0.303178,0.000000,0,0,1,0,25,28,27,92.000000,89.000000,112.667000,0.434783,0.449438,0.355029,0.015204,0.015221,0.008996,0.015204
3,multi_offload,1,17,2,2,4,0.000000,112.667000,0.355029,27,0.303178,55,0,2,0,0.303178,0.303178,0.000000,0.000000,0.303178,0.000000,0,0,1,0,25,28,27,92.000000,89.000000,112.667000,0.434783,0.449438,0.355029,0.021682,0.021699,0.015221,0.021699
3,multi_offload,1,18,1,1,4,0.000000,89.000000,0.449438,28,0.303178,55,0,1,0,0.303178,0.303178,0.000000,0.000000,0.303178,0.000000,0,0,1,0,25,28,27,92.000000,89.000000,112.667000,0.434783,0.449438,0.355029,0.015204,0.015221,0.008996,0.015204
3,multi_offload,1,19,0,0,2,6.166052,92.000000,0.770756,25,0.303178,55,0,0,0,0.303178,0.303178,0.000000,0.000000,0.303178,0.000000,0,0,1,-1,25,28,27,92.000000,89.000000,112.667000,0.767910,0.461707,0.090424,0.015221,0.013986,-0.001913,0.013986
3,multi_offload,1,20,1,1,3,0.000000,89.000000,1.123596,28,0.303178,55,0,1,0,0.303178,0.303178,0.000000,0.000000,0.303178,0.000000,0,0,1,1,25,28,27,92.000000,89.000000,112.667000,1.086957,1.123596,0.887571,0.015261,0.015221,0.009429,0.015261
3,multi_offload,1,21,1,1,4,0.000000,89.000000,0.449438,28,0.303178,55,0,1,0,0.303178,0.303178,0.000000,0.000000,0.303178,0.000000,0,0,1,0,25,28,27,92.000000,89.000000,112.667000,0.434783,0.449438,0.355029,0.015204,0.015221,0.008996,0.015204
3,multi_offload,1,22,0,0,4,0.000000,92.000000,0.434783,25,0.303178,55,0,0,0,0.303178,0.303178,0.000000,0.000000,0.303178,0.000000,0,0,1,0,25,28,27,92.000000,89.000000,112.667000,0.434783,0.449438,0.355029,0.015221,0.015237,0.009011,0.015237
3,multi_offload,1,23,0,0,2,6.166052,92.000000,0.770756,25,0.303178,55,0,0,0,0.303178,0.303178,0.000000,0.000000,0.303178,0.000000,0,0,1,-1,25,28,27,92.000000,89.000000,112.667000,0.767910,0.461707,0.090424,0.015221,0.013986,-0.001913,0.013986
3,multi_offload,1,24,0,0,3,0.000000,92.000000,1.086957,25,0.303178,55,0,0,0,0.303178,0.303178,0.000000,0.000000,0.303178,0.000000,0,0,1,-1,25,28,27,92.000000,89.000000,112.667000,1.086957,1.123596,0.887571,0.015221,0.015180,0.009389,0.015180
3,multi_offload,1,25,2,2,1,1.693499,112.667000,0.564500,27,0.303178,55,0,2,0,0.303178,0.303178,0.000000,0.000000,0.303178,0.000000,0,0,1,0,25,28,27,92.000000,89.000000,112.667000,1.124960,1.129034,0.594503,0.021965,0.021887,0.015221,0.021965
3,multi_offload,1,26,1,1,4,0.000000,89.000000,0.449438,28,0.303178,55,0,1,0,0.303178,0.303178,0.000000,0.000000,0.303178,0.000000,0,0,1,0,25,28,27,92.000000,89.000000,112.667000,0.434783,0.449438,0.355029,0.015204,0.015221,0.008996,0.015204
3,multi_offload,1,27,0,0,1,3.510255,92.000000,1.170085,25,0.303178,55,0,0,0,0.303178,0.303178,0.000000,0.000000,0.303178,0.000000,0,0,1,-1,25,28,27,92.000000,89.000000,112.667000,1.169941,1.129034,0.567485,0.015221,0.015059,0.008494,0.015059
3,multi_offload,1,28,2,2,2,0.587904,112.667000,0.073488,27,0.303178,55,0,2,0,0.303178,0.303178,0.000000,0.000000,0.303178,0.000000,0,0,1,0,25,28,27,92.000000,89.000000,112.667000,0.738766,0.461707,0.095617,0.032873,0.031643,0.015221,0.032873
3,multi_offload,1,29,2,2,2,0.718092,112.667000,0.089762,27,0.303178,55,0,2,0,0.303178,0.303178,0.000000,0.000000,0.303178,0.000000,0,0,1,0,25,28,27,92.000000,89.000000,112.667000,0.738766,0.461707,0.094138,0.033097,0.031865,0.015221,0.033097
3,multi_offload,1,30,0,0,3,0.000000,92.000000,1.086957,25,0.303178,55,0,0,0,0.303178,0.303178,0.000000,0.000000,0.303178,0.000000,0,0,1,-1,25,28,27,92.000000,89.000000,112.667000,1.086957,1.123596,0.887571,0.015221,0.015180,0.009389,0.015180
3,multi_offload,1,31,1,1,4,0.000000,89.000000,0.449438,28,0.303178,55,0,1,0,0.303178,0.303178,0.000000,0.000000,0.303178,0.000000,0,0,1,0,25,28,27,92.000000,89.000000,112.667000,0.434783,0.449438,0.355029,0.015204,0.015221,0.008996,0.015204
3,multi_offload,1,32,2,2,2,0.556295,112.667000,0.069537,27,0.303178,55,1,2,0,0.303178,0.303178,0.000000,0.000000,0.303178,0.000000,0,0,1,0,25,28,27,92.000000,89.000000,112.667000,0.738766,0.461707,0.095976,0.032820,0.031590,0.015221,0.032820
3,multi_offload,1,33,1,1,3,0.000000,89.000000,1.123596,28,0.303178,55,0,1,0,0.303178,0.303178,0.000000,0.000000,0.303178,0.000000,0,0,1,1,25,28,27,92.000000,89.000000,112.667000,1.086957,1.123596,0.887571,0.015261,0.015221,0.009429,0.015261
3,multi_offload,1,34,1,1,2,3.950739,89.000000,0.493842,28,0.303178,55,0,1,0,0.303178,0.303178,0.000000,0.000000,0.303178,0.000000,0,0,1,0,25,28,27,92.000000,89.000000,112.667000,0.738766,0.476240,0.090424,0.016153,0.015221,-0.000961,0.016153
3,multi_offload,1,35,0,0,1,3.509270,92.000000,1.169757,25,0.303178,55,0,0,0,0.303178,0.303178,0.000000,0.000000,0.303178,0.000000,0,0,1,-1,25,28,27,92.000000,89.000000,112.667000,1.169987,1.129034,0.567485,0.015221,0.015059,0.008494,0.015059
3,multi_offload,1,36,0,0,2,6.166052,92.000000,0.770756,25,0.303178,55,0,0,0,0.303178,0.303178,0.000000,0.000000,0.303178,0.000000,0,0,1,-1,25,28,27,92.000000,89.000000,112.667000,0.767910,0.461707,0.090424,0.015221,0.013986,-0.001913,0.013986
3,multi_offload,1,37,2,2,4,0.000000,112.667000,0.355029,27,0.303178,55,0,2,0,0.303178,0.303178,0.000000,0.000000,0.303178,0.000000,0,0,1,0,25,28,27,92.000000,89.000000,112.667000,0.434783,0.449438,0.355029,0.021682,0.021699,0.015221,0.021699
3,multi_offload,1,38,0,0,1,3.511397,92.000000,1.170466,25,0.303178,55,0,0,0,0.303178,0.303178,0.000000,0.000000,0.303178,0.000000,0,0,1,-1,25,28,27,92.000000,89.000000,112.667000,1.169886,1.129034,0.567485,0.015221,0.015059,0.008494,0.015059
3,multi_offload,1,39,2,2,2,0.606596,112.667000,0.075825,27,0.303178,55,0,2,0,0.303178,0.303178,0.000000,0.000000,0.303178,0.000000,0,0,1,0,25,28,27,92.000000,89.000000,112.667000,0.738766,0.461707,0.095405,0.032905,0.031674,0.015221,0.032905
3,multi_offload,1,40,1,1,2,3.526672,89.000000,0.440834,28,0.303178,55,0,1,0,0.303178,0.303178,0.000000,0.000000,0.303178,0.000000,0,0,1,0,25,28,27,92.000000,89.000000,112.667000,0.738766,0.482866,0.090424,0.016117,0.015221,-0.000993,0.016117
3,multi_offload,1,41,1,1,4,0.000000,89.000000,0.449438,28,0.303178,55,0,1,0,0.303178,0.303178,0.000000,0.000000,0.303178,0.000000,0,0,1,0,25,28,27,92.000000,89.000000,112.667000,0.434783,0.449438,0.355029,0.015204,0.015221,0.008996,0.015204
3,multi_offload,1,42,0,0,3,0.000000,92.000000,1.086957,25,0.303178,55,0,0,0,0.303178,0.303178,0.000000,0.000000,0.303178,0.000000,0,0,1,-1,25,28,27,92.000000,89.000000,112.667000,1.086957,1.123596,0.887571,0.015221,0.015180,0.009389,0.015180
3,multi_offload,1,43,1,1,3,0.000000,89.000000,1.123596,28,0.303178,55,0,1,0,0.303178,0.303178,0.000000,0.000000,0.303178,0.000000,0,0,1,1,25,28,27,92.000000,89.000000,112.667000,1.086957,1.123596,0.887571,0.015261,0.015221,0.009429,0.015261
3,multi_offload,1,44,1,1,4,0.000000,89.000000,0.449438,28,0.303178,55,0,1,0,0.303178,0.303178,0.000000,0.000000,0.303178,0.000000,0,0,1,0,25,28,27,92.000000,89.000000,112.667000,0.434783,0.449438,0.355029,0.015204,0.015221,0.008996,0.015204
3,multi_offload,1,45,0,0,1,3.509328,92.000000,1.169776,25,0.303178,55,0,0,0,0.303178,0.303178,0.000000,0.000000,0.303178,0.000000,0,0,1,-1,25,28,27,92.000000,89.000000,112.667000,1.169985,1.129034,0.567485,0.015221,0.015059,0.008494,0.015059
3,multi_offload,1,46,0,0,3,0.000000,92.000000,1.086957,25,0.303178,55,0,0,0,0.303178,0.303178,0.000000,0.000000,0.303178,0.000000,0,0,1,-1,25,28,27,92.000000,89.000000,112.667000,1.086957,1.123596,0.887571,0.015221,0.015180,0.009389,0.015180
3,multi_offload,1,47,0,0,4,0.000000,92.000000,0.434783,25,0.303178,55,0,0,0,0.303178,0.303178,0.000000,0.000000,0.303178,0.000000,0,0,1,0,25,28,27,92.000000,89.000000,112.667000,0.434783,0.449438,0.355029,0.015221,0.015237,0.009011,0.015237
3,multi_offload,1,48,2,2,4,0.000000,112.667000,0.355029,27,0.303178,55,0,2,0,0.303178,0.303178,0.000000,0.000000,0.303178,0.000000,0,0,1,0,25,28,27,92.000000,89.000000,112.667000,0.434783,0.449438,0.355029,0.021682,0.021699,0.015221,0.021699
3,multi_offload,1,49,2,2,4,0.000000,112.667000,0.355029,27,0.303178,55,0,2,0,0.303178,0.303178,0.000000,0.000000,0.303178,0.000000,0,0,1,0,25,28,27,92.000000,89.000000,112.667000,0.434783,0.449438,0.355029,0.021682,0.021699,0.015221,0.021699
3,multi_offload,1,50,2,2,2,0.716964,112.667000,0.089621,27,0.303178,55,0,2,0,0.303178,0.303178,0.000000,0.000000,0.303178,0.000000,0,0,1,0,25,28,27,92.000000,89.000000,112.667000,0.738766,0.461707,0.094150,0.033095,0.031863,0.015221,0.033095
3,multi_offload,1,51,1,1,4,0.000000,89.000000,0.449438,28,0.303178,55,0,1,0,0.303178,0.303178,0.000000,0.000000,0.303178,0.000000,0,0,1,0,25,28,27,92.000000,89.000000,112.667000,0.434783,0.449438,0.355029,0.015204,0.015221,0.008996,0.015204
3,multi_offload,1,52,0,0,2,6.167145,92.000000,0.770893,25,0.303178,55,0,0,0,0.303178,0.303178,0.000000,0.000000,0.303178,0.000000,0,0,1,-1,25,28,27,92.000000,89.000000,112.667000,0.767887,0.461707,0.090424,0.015221,0.013986,-0.001913,0.013986
3,multi_offload,1,53,2,2,1,0.000000,112.667000,0.100000,27,0.303178,55,0,2,0,0.303178,0.303178,0.000000,0.000000,0.303178,0.000000,0,0,0,0,25,28,27,92.000000,89.000000,112.667000,1.124960,1.129034,0.588503,0.021987,0.021909,0.015221,0.021987
3,multi_offload,1,54,1,1,2,3.523381,89.000000,0.440423,28,0.303178,55,0,1,0,0.303178,0.303178,0.000000,0.000000,0.303178,0.000000,0,0,1,0,25,28,27,92.000000,89.000000,112.667000,0.738766,0.482918,0.090424,0.016117,0.015221,-0.000993,0.016117
3,multi_offload,1,55,1,1,4,0.000000,89.000000,0.449438,28,0.303178,55,0,1,0,0.303178,0.303178,0.000000,0.000000,0.303178,0.000000,0,0,1,0,25,28,27,92.000000,89.000000,112.667000,0.434783,0.449438,0.355029,0.015204,0.015221,0.008996,0.015204
3,multi_offload,1,56,1,1,2,3.869841,89.000000,0.483730,28,0.303178,55,0,1,0,0.303178,0.303178,0.000000,0.000000,0.303178,0.000000,0,0,1,0,25,28,27,92.000000,89.000000,112.667000,0.738766,0.477504,0.090424,0.016146,0.015221,-0.000967,0.016146
3,multi_offload,1,57,1,1,4,0.000000,89.000000,0.449438,28,0.303178,55,0,1,0,0.303178,0.303178,0.000000,0.000000,0.303178,0.000000,0,0,1,0,25,28,27,92.000000,89.000000,112.667000,0.434783,0.449438,0.355029,0.015204,0.015221,0.008996,0.015204
3,multi_offload,1,58,2,2,1,1.596365,112.667000,0.532122,27,0.303178,55,0,2,0,0.303178,0.303178,0.000000,0.000000,0.303178,0.000000,0,0,1,0,25,28,27,92.000000,89.000000,112.667000,1.124960,1.129034,0.602598,0.021936,0.021858,0.015221,0.021936
3,multi_offload,1,59,0,0,2,6.026115,92.000000,0.753264,25,0.303178,55,0,0,0,0.303178,0.303178,0.000000,0.000000,0.303178,0.000000,0,0,1,-1,25,28,27,92.000000,89.000000,112.667000,0.770825,0.461707,0.090424,0.015221,0.013980,-0.001919,0.013980
3,multi_offload,1,60,2,2,1,2.106863,112.667000,0.702288,27,0.303178,55,0,2,0,0.303178,0.303178,0.000000,0.000000,0.303178,0.000000,0,0,1,-1,25,28,27,92.000000,89.000000,112.667000,1.124960,1.129034,0.560056,0.022097,0.022018,0.015221,0.022097
3,multi_offload,1,61,1,1,4,0.000000,89.000000,0.449438,28,0.303178,55,0,1,0,0.303178,0.303178,0.000000,0.000000,0.303178,0.000000,0,0,1,0,25,28,27,92.000000,89.000000,112.667000,0.434783,0.449438,0.355029,0.015204,0.015221,0.008996,0.015204
3,multi_offload,1,62,0,0,4,0.000000,92.000000,0.434783,25,0.303178,55,0,0,0,0.303178,0.303178,0.000000,0.000000,0.303178,0.000000,0,0,1,0,25,28,27,92.000000,89.000000,112.667000,0.434783,0.449438,0.355029,0.015221,0.015237,0.009011,0.015237
3,multi_offload,1,63,0,0,2,6.168238,92.000000,0.771030,25,0.303178,55,0,0,0,0.303178,0.303178,0.000000,0.000000,0.303178,0.000000,0,0,1,-1,25,28,27,92.000000,89.000000,112.667000,0.767864,0.461707,0.090424,0.015221,0.013986,-0.001913,0.013986
3,multi_offload,1,64,1,1,4,0.000000,89.000000,0.449438,28,0.303178,55,0,1,0,0.303178,0.303178,0.000000,0.000000,0.303178,0.000000,0,0,1,0,25,28,27,92.000000,89.000000,112.667000,0.434783,0.449438,0.355029,0.015204,0.015221,0.008996,0.015204
3,multi_offload,1,65,1,1,4,0.000000,89.000000,0.449438,28,0.303178,55,0,1,0,0.303178,0.303178,0.000000,0.000000,0.303178,0.000000,0,0,1,0,25,28,27,92.000000,89.000000,112.667000,0.434783,0.449438,0.355029,0.015204,0.015221,0.008996,0.015204
3,multi_offload,1,66,0,0,3,0.000000,92.000000,1.086957,25,0.303178,55,0,0,0,0.303178,0.303178,0.000000,0.000000,0.303178,0.000000,0,0,1,-1,25,28,27,92.000000,89.000000,112.667000,1.086957,1.123596,0.887571,0.015221,0.015180,0.009389,0.015180
3,multi_offload,1,67,2,2,2,0.884128,112.667000,0.110516,27,0.303178,55,0,2,0,0.303178,0.303178,0.000000,0.000000,0.303178,0.000000,0,0,1,0,25,28,27,92.000000,89.000000,112.667000,0.738766,0.461707,0.092251,0.033392,0.032159,0.015221,0.033392
3,multi_offload,1,68,2,2,4,0.000000,112.667000,0.355029,27,0.303178,55,0,2,0,0.303178,0.303178,0.000000,0.000000,0.303178,0.000000,0,0,1,0,25,28,27,92.000000,89.000000,112.667000,0.434783,0.449438,0.355029,0.021682,0.021699,0.015221,0.021699
3,multi_offload,1,69,1,1,4,0.000000,89.000000,0.449438,28,0.303178,55,0,1,0,0.303178,0.303178,0.000000,0.000000,0.303178,0.000000,0,0,1,0,25,28,27,92.000000,89.000000,112.667000,0.434783,0.449438,0.355029,0.015204,0.015221,0.008996,0.015204
3,multi_offload,1,70,2,2,2,0.884181,112.667000,0.110523,27,0.303178,55,0,2,0,0.303178,0.303178,0.000000,0.000000,0.303178,0.000000,0,0,1,0,25,28,27,92.000000,89.000000,112.667000,0.738766,0.461707,0.092250,0.033393,0.032159,0.015221,0.033393
3,multi_offload,1,71,0,0,1,3.510541,92.000000,1.170180,25,0.303178,55,0,0,0,0.303178,0.303178,0.000000,0.000000,0.303178,0.000000,0,0,1,-1,25,28,27,92.000000,89.000000,112.667000,1.169927,1.129034,0.567485,0.015221,0.015059,0.008494,0.015059
3,multi_offload,1,72,1,1,1,3.508069,89.000000,1.169356,28,0.303178,55,0,1,0,0.303178,0.303178,0.000000,0.000000,0.303178,0.000000,0,0,1,1,25,28,27,92.000000,89.000000,112.667000,1.124960,1.275190,0.567485,0.015131,0.015221,0.008492,0.015131
3,multi_offload,1,73,0,0,1,3.511618,92.000000,1.170539,25,0.303178,55,0,0,0,0.303178,0.303178,0.000000,0.000000,0.303178,0.000000,0,0,1,-1,25,28,27,92.000000,89.000000,112.667000,1.169876,1.129034,0.567485,0.015221,0.015059,0.008494,0.015059
3,multi_offload,1,74,2,2,2,0.840472,112.667000,0.105059,27,0.303178,55,0,2,0,0.303178,0.303178,0.000000,0.000000,0.303178,0.000000,0,0,1,0,25,28,27,92.000000,89.000000,112.667000,0.738766,0.461707,0.092747,0.033313,0.032080,0.015221,0.033313
3,multi_offload,1,75,2,2,4,0.000000,112.667000,0.355029,27,0.303178,55,0,2,0,0.303178,0.303178,0.000000,0.000000,0.303178,0.000000,0,0,1,0,25,28,27,92.000000,89.000000,112.667000,0.434783,0.449438,0.355029,0.021682,0.021699,0.015221,0.021699
3,multi_offload,1,76,1,1,2,3.866679,89.000000,0.483335,28,0.303178,55,0,1,0,0.303178,0.303178,0.000000,0.000000,0.303178,0.000000,0,0,1,0,25,28,27,92.000000,89.000000,112.667000,0.738766,0.477554,0.090424,0.016146,0.015221,-0.000967,0.016146
3,multi_offload,1,77,2,2,1,1.357166,112.667000,0.452389,27,0.303178,55,0,2,0,0.303178,0.303178,0.000000,0.000000,0.303178,0.000000,0,0,1,0,25,28,27,92.000000,89.000000,112.667000,1.124960,1.129034,0.622531,0.021868,0.021791,0.015221,0.021868
3,multi_offload,1,78,2,2,2,0.884192,112.667000,0.110524,27,0.303178,55,0,2,0,0.303178,0.303178,0.000000,0.000000,0.303178,0.000000,0,0,1,0,25,28,27,92.000000,89.000000,112.667000,0.738766,0.461707,0.092250,0.033393,0.032159,0.015221,0.033393
3,multi_offload,1,79,0,0,4,0.000000,92.000000,0.434783,25,0.303178,55,0,0,0,0.303178,0.303178,0.000000,0.000000,0.303178,0.000000,0,0,1,0,25,28,27,92.000000,89.000000,112.667000,0.434783,0.449438,0.355029,0.015221,0.015237,0.009011,0.015237
3,multi_offload,1,80,2,2,1,2.073647,112.667000,0.691216,27,0.303178,55,0,2,0,0.303178,0.303178,0.000000,0.000000,0.303178,0.000000,0,0,1,0,25,28,27,92.000000,89.000000,112.667000,1.124960,1.129034,0.562824,0.022085,0.022007,0.015221,0.022085
3,multi_offload,2,1,1,1,2,4.320144,86.166700,0.540018,28,0.275755,51,0,1,0,0.275755,0.284560,0.008805,0.008805,0.275755,-0.027423,1,0,1,0,25,28,27,94.666700,86.166700,58.333300,0.724710,0.486145,0.066392,0.009504,0.008855,-0.009266,0.009504
3,multi_offload,2,2,2,2,2,0.550699,58.333300,0.068837,27,0.275755,51,0,2,0,0.275755,0.284560,0.008805,0.008805,0.275755,-0.027423,1,0,1,0,25,28,27,94.666700,86.166700,58.333300,0.724710,0.475161,0.068852,0.029112,0.028232,0.008855,0.029112
3,multi_offload,2,3,1,1,2,3.928889,86.166700,0.491111,28,0.275755,51,0,1,0,0.275755,0.284560,0.008805,0.008805,0.275755,-0.027423,1,0,1,0,25,28,27,94.666700,86.166700,58.333300,0.724710,0.492258,0.066392,0.009479,0.008855,-0.009288,0.009479
3,multi_offload,2,4,0,0,1,3.508118,94.666700,1.169373,25,0.275755,51,0,0,0,0.275755,0.284560,0.008805,0.008805,0.275755,-0.027423,1,0,1,-1,25,28,27,94.666700,86.166700,58.333300,1.170161,1.129214,0.823284,0.008855,0.008753,0.002456,0.008753
3,multi_offload,2,5,0,0,2,6.028336,94.666700,0.753542,25,0.275755,51,0,0,0,0.275755,0.284560,0.008805,0.008805,0.275755,-0.027423,1,0,1,-1,25,28,27,94.666700,86.166700,58.333300,0.753724,0.475161,0.066392,0.008855,0.007981,-0.009926,0.007981
3,multi_offload,2,6,1,1,4,0.000000,86.166700,0.464216,28,0.275755,51,0,1,0,0.275755,0.284560,0.008805,0.008805,0.275755,-0.027423,1,0,1,0,25,28,27,94.666700,86.166700,58.333300,0.422535,0.464216,0.685715,0.008676,0.008855,0.003550,0.008676
3,multi_offload,2,7,0,0,4,0.000000,94.666700,0.422535,25,0.275755,51,0,0,0,0.275755,0.284560,0.008805,0.008805,0.275755,-0.027423,1,0,1,0,25,28,27,94.666700,86.166700,58.333300,0.422535,0.464216,0.685715,0.008855,0.009035,0.003722,0.009035
3,multi_offload,2,8,2,2,4,0.000000,58.333300,0.685715,27,0.275755,51,0,2,0,0.275755,0.284560,0.008805,0.008805,0.275755,-0.027423,1,0,1,0,25,28,27,94.666700,86.166700,58.333300,0.422535,0.464216,0.685715,0.014180,0.014366,0.008855,0.014366
3,multi_offload,2,9,2,2,4,0.000000,58.333300,0.685715,27,0.275755,51,0,2,0,0.275755,0.284560,0.008805,0.008805,0.275755,-0.027423,1,0,1,0,25,28,27,94.666700,86.166700,58.333300,0.422535,0.464216,0.685715,0.014180,0.014366,0.008855,0.014366
3,multi_offload,2,10,2,2,2,0.550819,58.333300,0.068852,27,0.275755,51,0,2,0,0.275755,0.284560,0.008805,0.008805,0.275755,-0.027423,1,0,1,0,25,28,27,94.666700,86.166700,58.333300,0.724710,0.475161,0.068851,0.029112,0.028232,0.008855,0.029112
3,multi_offload,2,11,1,1,2,3.932169,86.166700,0.491521,28,0.275755,51,0,1,0,0.275755,0.284560,0.008805,0.008805,0.275755,-0.027423,1,0,1,0,25,28,27,94.666700,86.166700,58.333300,0.724710,0.492207,0.066392,0.009479,0.008855,-0.009288,0.009479
3,multi_offload,2,12,2,2,4,0.000000,58.333300,0.685715,27,0.275755,51,0,2,0,0.275755,0.284560,0.008805,0.008805,0.275755,-0.027423,1,0,1,0,25,28,27,94.666700,86.166700,58.333300,0.422535,0.464216,0.685715,0.014180,0.014366,0.008855,0.014366
3,multi_offload,2,13,2,2,2,0.550812,58.333300,0.068852,27,0.275755,51,0,2,0,0.275755,0.284560,0.008805,0.008805,0.275755,-0.027423,1,0,1,0,25,28,27,94.666700,86.166700,58.333300,0.724710,0.475161,0.068851,0.029112,0.028232,0.008855,0.029112
3,multi_offload,2,14,1,1,2,3.798808,86.166700,0.474851,28,0.275755,51,0,1,0,0.275755,0.284560,0.008805,0.008805,0.275755,-0.027423,1,0,1,0,25,28,27,94.666700,86.166700,58.333300,0.724710,0.494291,0.066392,0.009471,0.008855,-0.009295,0.009471
3,multi_offload,2,15,0,0,1,3.506685,94.666700,1.168895,25,0.275755,51,0,0,0,0.275755,0.284560,0.008805,0.008805,0.275755,-0.027423,1,0,1,-1,25,28,27,94.666700,86.166700,58.333300,1.170230,1.129214,0.823284,0.008855,0.008753,0.002456,0.008753
3,multi_offload,2,16,1,1,4,0.000000,86.166700,0.464216,28,0.275755,51,0,1,0,0.275755,0.284560,0.008805,0.008805,0.275755,-0.027423,1,0,1,0,25,28,27,94.666700,86.166700,58.333300,0.422535,0.464216,0.685715,0.008676,0.008855,0.003550,0.008676
3,multi_offload,2,17,2,2,4,0.000000,58.333300,0.685715,27,0.275755,51,0,2,0,0.275755,0.284560,0.008805,0.008805,0.275755,-0.027423,1,0,1,0,25,28,27,94.666700,86.166700,58.333300,0.422535,0.464216,0.685715,0.014180,0.014366,0.008855,0.014366
3,multi_offload,2,18,1,1,4,0.000000,86.166700,0.464216,28,0.275755,51,0,1,0,0.275755,0.284560,0.008805,0.008805,0.275755,-0.027423,1,0,1,0,25,28,27,94.666700,86.166700,58.333300,0.422535,0.464216,0.685715,0.008676,0.008855,0.003550,0.008676
3,multi_offload,2,19,0,0,2,6.028336,94.666700,0.753542,25,0.275755,51,0,0,0,0.275755,0.284560,0.008805,0.008805,0.275755,-0.027423,1,0,1,-1,25,28,27,94.666700,86.166700,58.333300,0.753724,0.475161,0.066392,0.008855,0.007981,-0.009926,0.007981
3,multi_offload,2,20,1,1,3,0.000000,86.166700,1.160541,28,0.275755,51,0,1,0,0.275755,0.284560,0.008805,0.008805,0.275755,-0.027423,1,0,1,1,25,28,27,94.666700,86.166700,58.333300,1.056338,1.160541,1.714287,0.008805,0.008855,0.003143,0.008805
3,multi_offload,2,21,1,1,4,0.000000,86.166700,0.464216,28,0.275755,51,0,1,0,0.275755,0.284560,0.008805,0.008805,0.275755,-0.027423,1,0,1,0,25,28,27,94.666700,86.166700,58.333300,0.422535,0.464216,0.685715,0.008676,0.008855,0.003550,0.008676
3,multi_offload,2,22,0,0,4,0.000000,94.666700,0.422535,25,0.275755,51,0,0,0,0.275755,0.284560,0.008805,0.008805,0.275755,-0.027423,1,0,1,0,25,28,27,94.666700,86.166700,58.333300,0.422535,0.464216,0.685715,0.008855,0.009035,0.003722,0.009035
3,multi_offload,2,23,0,0,2,6.028336,94.666700,0.753542,25,0.275755,51,0,0,0,0.275755,0.284560,0.008805,0.008805,0.275755,-0.027423,1,0,1,-1,25,28,27,94.666700,86.166700,58.333300,0.753724,0.475161,0.066392,0.008855,0.007981,-0.009926,0.007981
3,multi_offload,2,24,0,0,3,0.000000,94.666700,1.056338,25,0.275755,51,0,0,0,0.275755,0.284560,0.008805,0.008805,0.275755,-0.027423,1,0,1,-1,25,28,27,94.666700,86.166700,58.333300,1.056338,1.160541,1.714287,0.008855,0.008905,0.003191,0.008905
3,multi_offload,2,25,2,2,1,2.902117,58.333300,0.967372,27,0.275755,51,0,2,0,0.275755,0.284560,0.008805,0.008805,0.275755,-0.027423,1,0,1,-1,25,28,27,94.666700,86.166700,58.333300,1.125060,1.129214,0.825377,0.015432,0.015398,0.008855,0.015432
3,multi_offload,2,26,1,1,4,0.000000,86.166700,0.464216,28,0.275755,51,0,1,0,0.275755,0.284560,0.008805,0.008805,0.275755,-0.027423,1,0,1,0,25,28,27,94.666700,86.166700,58.333300,0.422535,0.464216,0.685715,0.008676,0.008855,0.003550,0.008676
3,multi_offload,2,27,0,0,1,3.506855,94.666700,1.168952,25,0.275755,51,0,0,0,0.275755,0.284560,0.008805,0.008805,0.275755,-0.027423,1,0,1,-1,25,28,27,94.666700,86.166700,58.333300,1.170221,1.129214,0.823284,0.008855,0.008753,0.002456,0.008753
3,multi_offload,2,28,2,2,2,0.550865,58.333300,0.068858,27,0.275755,51,0,2,0,0.275755,0.284560,0.008805,0.008805,0.275755,-0.027423,1,0,1,0,25,28,27,94.666700,86.166700,58.333300,0.724710,0.475161,0.068850,0.029113,0.028232,0.008855,0.029113
3,multi_offload,2,29,2,2,2,0.551852,58.333300,0.068982,27,0.275755,51,0,2,0,0.275755,0.284560,0.008805,0.008805,0.275755,-0.027423,1,0,1,0,25,28,27,94.666700,86.166700,58.333300,0.724710,0.475161,0.068839,0.029115,0.028235,0.008855,0.029115
3,multi_offload,2,30,0,0,3,0.000000,94.666700,1.056338,25,0.275755,51,0,0,0,0.275755,0.284560,0.008805,0.008805,0.275755,-0.027423,1,0,1,-1,25,28,27,94.666700,86.166700,58.333300,1.056338,1.160541,1.714287,0.008855,0.008905,0.003191,0.008905
3,multi_offload,2,31,1,1,4,0.000000,86.166700,0.464216,28,0.275755,51,0,1,0,0.275755,0.284560,0.008805,0.008805,0.275755,-0.027423,1,0,1,0,25,28,27,94.666700,86.166700,58.333300,0.422535,0.464216,0.685715,0.008676,0.008855,0.003550,0.008676
3,multi_offload,2,32,2,2,2,0.551923,58.333300,0.068990,27,0.275755,51,0,2,0,0.275755,0.284560,0.008805,0.008805,0.275755,-0.027423,1,0,1,0,25,28,27,94.666700,86.166700,58.333300,0.724710,0.475161,0.068838,0.029115,0.028235,0.008855,0.029115
3,multi_offload,2,33,1,1,3,0.000000,86.166700,1.160541,28,0.275755,51,0,0,1,0.275755,0.284560,0.008805,0.008805,0.275755,-0.027423,1,0,1,1,25,28,27,94.666700,86.166700,58.333300,1.056338,1.160541,1.714287,0.008805,0.008855,0.003143,0.008805
3,multi_offload,2,34,1,1,2,3.927838,86.166700,0.490980,28,0.275755,51,0,1,0,0.275755,0.284560,0.008805,0.008805,0.275755,-0.027423,1,0,1,0,25,28,27,94.666700,86.166700,58.333300,0.724710,0.492275,0.066392,0.009479,0.008855,-0.009288,0.009479
3,multi_offload,2,35,0,0,1,3.509286,94.666700,1.169762,25,0.275755,51,0,0,0,0.275755,0.284560,0.008805,0.008805,0.275755,-0.027423,1,0,1,-1,25,28,27,94.666700,86.166700,58.333300,1.170106,1.129214,0.823284,0.008855,0.008753,0.002456,0.008753
3,multi_offload,2,36,0,0,2,6.030522,94.666700,0.753815,25,0.275755,51,0,0,0,0.275755,0.284560,0.008805,0.008805,0.275755,-0.027423,1,0,1,-1,25,28,27,94.666700,86.166700,58.333300,0.753679,0.475161,0.066392,0.008855,0.007981,-0.009926,0.007981
3,multi_offload,2,37,2,2,4,0.000000,58.333300,0.685715,27,0.275755,51,0,2,0,0.275755,0.284560,0.008805,0.008805,0.275755,-0.027423,1,0,1,0,25,28,27,94.666700,86.166700,58.333300,0.422535,0.464216,0.685715,0.014180,0.014366,0.008855,0.014366
3,multi_offload,2,38,0,0,1,3.528590,94.666700,1.176197,25,0.275755,51,0,0,0,0.275755,0.284560,0.008805,0.008805,0.275755,-0.027423,1,0,1,-1,25,28,27,94.666700,86.166700,58.333300,1.169186,1.129214,0.823284,0.008855,0.008754,0.002457,0.008754
3,multi_offload,2,39,2,2,2,0.553029,58.333300,0.069129,27,0.275755,51,0,2,0,0.275755,0.284560,0.008805,0.008805,0.275755,-0.027423,1,0,1,0,25,28,27,94.666700,86.166700,58.333300,0.724710,0.475161,0.068826,0.029118,0.028238,0.008855,0.029118
3,multi_offload,2,40,1,1,2,3.799977,86.166700,0.474997,28,0.275755,51,0,1,0,0.275755,0.284560,0.008805,0.008805,0.275755,-0.027423,1,0,1,0,25,28,27,94.666700,86.166700,58.333300,0.724710,0.494272,0.066392,0.009471,0.008855,-0.009295,0.009471
3,multi_offload,2,41,1,1,4,0.000000,86.166700,0.464216,28,0.275755,51,0,1,0,0.275755,0.284560,0.008805,0.008805,0.275755,-0.027423,1,0,1,0,25,28,27,94.666700,86.166700,58.333300,0.422535,0.464216,0.685715,0.008676,0.008855,0.003550,0.008676
3,multi_offload,2,42,0,0,3,0.000000,94.666700,1.056338,25,0.275755,51,0,0,0,0.275755,0.284560,0.008805,0.008805,0.275755,-0.027423,1,0,1,-1,25,28,27,94.666700,86.166700,58.333300,1.056338,1.160541,1.714287,0.008855,0.008905,0.003191,0.008905
3,multi_offload,2,43,1,1,3,0.000000,86.166700,1.160541,28,0.275755,51,0,1,0,0.275755,0.284560,0.008805,0.008805,0.275755,-0.027423,1,0,1,1,25,28,27,94.666700,86.166700,58.333300,1.056338,1.160541,1.714287,0.008805,0.008855,0.003143,0.008805
3,multi_offload,2,44,1,1,4,0.000000,86.166700,0.464216,28,0.275755,51,0,1,0,0.275755,0.284560,0.008805,0.008805,0.275755,-0.027423,1,0,1,0,25,28,27,94.666700,86.166700,58.333300,0.422535,0.464216,0.685715,0.008676,0.008855,0.003550,0.008676
3,multi_offload,2,45,0,0,1,3.506564,94.666700,1.168855,25,0.275755,51,0,0,0,0.275755,0.284560,0.008805,0.008805,0.275755,-0.027423,1,0,1,-1,25,28,27,94.666700,86.166700,58.333300,1.170235,1.129214,0.823284,0.008855,0.008753,0.002456,0.008753
3,multi_offload,2,46,0,0,3,0.000000,94.666700,1.056338,25,0.275755,51,0,0,0,0.275755,0.284560,0.008805,0.008805,0.275755,-0.027423,1,0,1,-1,25,28,27,94.666700,86.166700,58.333300,1.056338,1.160541,1.714287,0.008855,0.008905,0.003191,0.008905
3,multi_offload,2,47,0,0,4,0.000000,94.666700,0.422535,25,0.275755,51,0,0,0,0.275755,0.284560,0.008805,0.008805,0.275755,-0.027423,1,0,1,0,25,28,27,94.666700,86.166700,58.333300,0.422535,0.464216,0.685715,0.008855,0.009035,0.003722,0.009035
3,multi_offload,2,48,2,2,4,0.000000,58.333300,0.685715,27,0.275755,51,0,2,0,0.275755,0.284560,0.008805,0.008805,0.275755,-0.027423,1,0,1,0,25,28,27,94.666700,86.166700,58.333300,0.422535,0.464216,0.685715,0.014180,0.014366,0.008855,0.014366
3,multi_offload,2,49,2,2,4,0.000000,58.333300,0.685715,27,0.275755,51,0,2,0,0.275755,0.284560,0.008805,0.008805,0.275755,-0.027423,1,0,1,0,25,28,27,94.666700,86.166700,58.333300,0.422535,0.464216,0.685715,0.014180,0.014366,0.008855,0.014366
3,multi_offload,2,50,2,2,2,0.542005,58.333300,0.067751,27,0.275755,51,1,2,0,0.275755,0.284560,0.008805,0.008805,0.275755,-0.027423,1,0,1,0,25,28,27,94.666700,86.166700,58.333300,0.724710,0.475161,0.068951,0.029089,0.028208,0.008855,0.029089
3,multi_offload,2,51,1,1,4,0.000000,86.166700,0.464216,28,0.275755,51,0,1,0,0.275755,0.284560,0.008805,0.008805,0.275755,-0.027423,1,0,1,0,25,28,27,94.666700,86.166700,58.333300,0.422535,0.464216,0.685715,0.008676,0.008855,0.003550,0.008676
3,multi_offload,2,52,0,0,2,6.030535,94.666700,0.753817,25,0.275755,51,0,0,0,0.275755,0.284560,0.008805,0.008805,0.275755,-0.027423,1,0,1,-1,25,28,27,94.666700,86.166700,58.333300,0.753678,0.475161,0.066392,0.008855,0.007981,-0.009926,0.007981
3,multi_offload,2,53,2,2,1,0.000000,58.333300,0.100000,27,0.275755,51,0,2,0,0.275755,0.284560,0.008805,0.008805,0.275755,-0.027423,1,0,0,0,25,28,27,94.666700,86.166700,58.333300,1.125060,1.129214,0.853776,0.015391,0.015357,0.008855,0.015391
3,multi_offload,2,54,1,1,2,3.797820,86.166700,0.474728,28,0.275755,51,0,1,0,0.275755,0.284560,0.008805,0.008805,0.275755,-0.027423,1,0,1,0,25,28,27,94.666700,86.166700,58.333300,0.724710,0.494306,0.066392,0.009470,0.008855,-0.009295,0.009470
3,multi_offload,2,55,1,1,4,0.000000,86.166700,0.464216,28,0.275755,51,0,1,0,0.275755,0.284560,0.008805,0.008805,0.275755,-0.027423,1,0,1,0,25,28,27,94.666700,86.166700,58.333300,0.422535,0.464216,0.685715,0.008676,0.008855,0.003550,0.008676
3,multi_offload,2,56,1,1,2,3.795610,86.166700,0.474451,28,0.275755,51,0,1,0,0.275755,0.284560,0.008805,0.008805,0.275755,-0.027423,1,0,1,0,25,28,27,94.666700,86.166700,58.333300,0.724710,0.494341,0.066392,0.009470,0.008855,-0.009295,0.009470
3,multi_offload,2,57,1,1,4,0.000000,86.166700,0.464216,28,0.275755,51,0,1,0,0.275755,0.284560,0.008805,0.008805,0.275755,-0.027423,1,0,1,0,25,28,27,94.666700,86.166700,58.333300,0.422535,0.464216,0.685715,0.008676,0.008855,0.003550,0.008676
3,multi_offload,2,58,2,2,1,2.882568,58.333300,0.960856,27,0.275755,51,0,2,0,0.275755,0.284560,0.008805,0.008805,0.275755,-0.027423,1,0,1,-1,25,28,27,94.666700,86.166700,58.333300,1.125060,1.129214,0.827006,0.015429,0.015395,0.008855,0.015429
3,multi_offload,2,59,0,0,2,6.030510,94.666700,0.753814,25,0.275755,51,0,0,0,0.275755,0.284560,0.008805,0.008805,0.275755,-0.027423,1,0,1,-1,25,28,27,94.666700,86.166700,58.333300,0.753679,0.475161,0.066392,0.008855,0.007981,-0.009926,0.007981
3,multi_offload,2,60,2,2,1,2.343136,58.333300,0.781045,27,0.275755,51,0,2,0,0.275755,0.284560,0.008805,0.008805,0.275755,-0.027423,1,0,1,-1,25,28,27,94.666700,86.166700,58.333300,1.125060,1.129214,0.871958,0.015366,0.015332,0.008855,0.015366
3,multi_offload,2,61,1,1,4,0.000000,86.166700,0.464216,28,0.275755,51,0,1,0,0.275755,0.284560,0.008805,0.008805,0.275755,-0.027423,1,0,1,0,25,28,27,94.666700,86.166700,58.333300,0.422535,0.464216,0.685715,0.008676,0.008855,0.003550,0.008676
3,multi_offload,2,62,0,0,4,0.000000,94.666700,0.422535,25,0.275755,51,0,0,0,0.275755,0.284560,0.008805,0.008805,0.275755,-0.027423,1,0,1,0,25,28,27,94.666700,86.166700,58.333300,0.422535,0.464216,0.685715,0.008855,0.009035,0.003722,0.009035
3,multi_offload,2,63,0,0,2,6.030523,94.666700,0.753815,25,0.275755,51,0,0,0,0.275755,0.284560,0.008805,0.008805,0.275755,-0.027423,1,0,1,-1,25,28,27,94.666700,86.166700,58.333300,0.753679,0.475161,0.066392,0.008855,0.007981,-0.009926,0.007981
3,multi_offload,2,64,1,1,4,0.000000,86.166700,0.464216,28,0.275755,51,0,1,0,0.275755,0.284560,0.008805,0.008805,0.275755,-0.027423,1,0,1,0,25,28,27,94.666700,86.166700,58.333300,0.422535,0.464216,0.685715,0.008676,0.008855,0.003550,0.008676
3,multi_offload,2,65,1,1,4,0.000000,86.166700,0.464216,28,0.275755,51,0,1,0,0.275755,0.284560,0.008805,0.008805,0.275755,-0.027423,1,0,1,0,25,28,27,94.666700,86.166700,58.333300,0.422535,0.464216,0.685715,0.008676,0.008855,0.003550,0.008676
3,multi_offload,2,66,0,0,3,0.000000,94.666700,1.056338,25,0.275755,51,0,0,0,0.275755,0.284560,0.008805,0.008805,0.275755,-0.027423,1,0,1,-1,25,28,27,94.666700,86.166700,58.333300,1.056338,1.160541,1.714287,0.008855,0.008905,0.003191,0.008905
3,multi_offload,2,67,2,2,2,0.551899,58.333300,0.068987,27,0.275755,51,0,2,0,0.275755,0.284560,0.008805,0.008805,0.275755,-0.027423,1,0,1,0,25,28,27,94.666700,86.166700,58.333300,0.724710,0.475161,0.068838,0.029115,0.028235,0.008855,0.029115
3,multi_offload,2,68,2,2,4,0.000000,58.333300,0.685715,27,0.275755,51,0,2,0,0.275755,0.284560,0.008805,0.008805,0.275755,-0.027423,1,0,1,0,25,28,27,94.666700,86.166700,58.333300,0.422535,0.464216,0.685715,0.014180,0.014366,0.008855,0.014366
3,multi_offload,2,69,1,1,4,0.000000,86.166700,0.464216,28,0.275755,51,0,1,0,0.275755,0.284560,0.008805,0.008805,0.275755,-0.027423,1,0,1,0,25,28,27,94.666700,86.166700,58.333300,0.422535,0.464216,0.685715,0.008676,0.008855,0.003550,0.008676
3,multi_offload,2,70,2,2,2,0.551936,58.333300,0.068992,27,0.275755,51,0,2,0,0.275755,0.284560,0.008805,0.008805,0.275755,-0.027423,1,0,1,0,25,28,27,94.666700,86.166700,58.333300,0.724710,0.475161,0.068838,0.029115,0.028235,0.008855,0.029115
3,multi_offload,2,71,0,0,1,3.506452,94.666700,1.168817,25,0.275755,51,0,0,0,0.275755,0.284560,0.008805,0.008805,0.275755,-0.027423,1,0,1,-1,25,28,27,94.666700,86.166700,58.333300,1.170241,1.129214,0.823284,0.008855,0.008753,0.002456,0.008753
3,multi_offload,2,72,1,1,1,3.508630,86.166700,1.169543,28,0.275755,51,0,1,0,0.275755,0.284560,0.008805,0.008805,0.275755,-0.027423,1,0,1,1,25,28,27,94.666700,86.166700,58.333300,1.125060,1.312348,0.823284,0.008735,0.008855,0.002408,0.008735
3,multi_offload,2,73,0,0,1,3.508954,94.666700,1.169651,25,0.275755,51,0,0,0,0.275755,0.284560,0.008805,0.008805,0.275755,-0.027423,1,0,1,-1,25,28,27,94.666700,86.166700,58.333300,1.170121,1.129214,0.823284,0.008855,0.008753,0.002456,0.008753
3,multi_offload,2,74,2,2,2,0.551900,58.333300,0.068988,27,0.275755,51,0,2,0,0.275755,0.284560,0.008805,0.008805,0.275755,-0.027423,1,0,1,0,25,28,27,94.666700,86.166700,58.333300,0.724710,0.475161,0.068838,0.029115,0.028235,0.008855,0.029115
3,multi_offload,2,75,2,2,4,0.000000,58.333300,0.685715,27,0.275755,51,0,2,0,0.275755,0.284560,0.008805,0.008805,0.275755,-0.027423,1,0,1,0,25,28,27,94.666700,86.166700,58.333300,0.422535,0.464216,0.685715,0.014180,0.014366,0.008855,0.014366
3,multi_offload,2,76,1,1,2,4.132150,86.166700,0.516519,28,0.275755,51,0,1,0,0.275755,0.284560,0.008805,0.008805,0.275755,-0.027423,1,0,1,0,25,28,27,94.666700,86.166700,58.333300,0.724710,0.489082,0.066392,0.009492,0.008855,-0.009277,0.009492
3,multi_offload,2,77,2,2,1,2.198334,58.333300,0.732778,27,0.275755,51,0,2,0,0.275755,0.284560,0.008805,0.008805,0.275755,-0.027423,1,0,1,-1,25,28,27,94.666700,86.166700,58.333300,1.125060,1.129214,0.884025,0.015350,0.015316,0.008855,0.015350
3,multi_offload,2,78,2,2,2,0.551936,58.333300,0.068992,27,0.275755,51,0,2,0,0.275755,0.284560,0.008805,0.008805,0.275755,-0.027423,1,0,1,0,25,28,27,94.666700,86.166700,58.333300,0.724710,0.475161,0.068838,0.029115,0.028235,0.008855,0.029115
3,multi_offload,2,79,0,0,4,0.000000,94.666700,0.422535,25,0.275755,51,0,0,0,0.275755,0.284560,0.008805,0.008805,0.275755,-0.027423,1,0,1,0,25,28,27,94.666700,86.166700,58.333300,0.422535,0.464216,0.685715,0.008855,0.009035,0.003722,0.009035
3,multi_offload,2,80,2,2,1,2.480482,58.333300,0.826827,27,0.275755,51,0,2,0,0.275755,0.284560,0.008805,0.008805,0.275755,-0.027423,1,0,1,-1,25,28,27,94.666700,86.166700,58.333300,1.125060,1.129214,0.860513,0.015381,0.015347,0.008855,0.015381
3,multi_offload,3,1,1,1,2,4.071008,85.833300,0.508876,27,0.268637,52,0,1,0,0.268637,0.277149,0.008512,0.008512,0.268637,-0.007118,1,0,1,0,26,27,27,92.500000,85.833300,57.500000,0.765570,0.489081,0.063181,0.009214,0.008476,-0.009637,0.009214
3,multi_offload,3,2,2,2,2,0.520152,57.500000,0.065019,27,0.268637,52,1,2,0,0.268637,0.277149,0.008512,0.008512,0.268637,-0.007118,1,0,1,0,26,27,27,92.500000,85.833300,57.500000,0.765570,0.473734,0.065567,0.028899,0.027895,0.008476,0.028899
3,multi_offload,3,3,1,1,2,4.011974,85.833300,0.501497,27,0.268637,52,0,1,0,0.268637,0.277149,0.008512,0.008512,0.268637,-0.007118,1,0,1,0,26,27,27,92.500000,85.833300,57.500000,0.765570,0.490003,0.063181,0.009211,0.008476,-0.009640,0.009211
3,multi_offload,3,4,0,0,1,3.506739,92.500000,1.168913,26,0.268637,52,0,0,0,0.268637,0.277149,0.008512,0.008512,0.268637,-0.007118,1,0,1,-1,26,27,27,92.500000,85.833300,57.500000,1.168878,1.127131,0.844566,0.008476,0.008313,0.002101,0.008313
3,multi_offload,3,5,0,0,2,6.361685,92.500000,0.795211,26,0.268637,52,0,0,0,0.268637,0.277149,0.008512,0.008512,0.268637,-0.007118,1,0,1,-1,26,27,27,92.500000,85.833300,57.500000,0.794982,0.473734,0.063181,0.008476,0.007513,-0.010360,0.007513
3,multi_offload,3,6,1,1,4,0.000000,85.833300,0.466020,27,0.268637,52,0,1,0,0.268637,0.277149,0.008512,0.008512,0.268637,-0.007118,1,0,1,0,26,27,27,92.500000,85.833300,57.500000,0.432432,0.466020,0.695652,0.008416,0.008476,0.003182,0.008416
3,multi_offload,3,7,0,0,4,0.000000,92.500000,0.432432,26,0.268637,52,0,0,0,0.268637,0.277149,0.008512,0.008512,0.268637,-0.007118,1,0,1,0,26,27,27,92.500000,85.833300,57.500000,0.432432,0.466020,0.695652,0.008476,0.008535,0.003239,0.008535
3,multi_offload,3,8,2,2,4,0.000000,57.500000,0.695652,27,0.268637,52,0,2,0,0.268637,0.277149,0.008512,0.008512,0.268637,-0.007118,1,0,1,0,26,27,27,92.500000,85.833300,57.500000,0.432432,0.466020,0.695652,0.013918,0.013979,0.008476,0.013979
3,multi_offload,3,9,2,2,4,0.000000,57.500000,0.695652,27,0.268637,52,0,2,0,0.268637,0.277149,0.008512,0.008512,0.268637,-0.007118,1,0,1,0,26,27,27,92.500000,85.833300,57.500000,0.432432,0.466020,0.695652,0.013918,0.013979,0.008476,0.013979
3,multi_offload,3,10,2,2,2,0.522301,57.500000,0.065288,27,0.268637,52,0,2,0,0.268637,0.277149,0.008512,0.008512,0.268637,-0.007118,1,0,1,0,26,27,27,92.500000,85.833300,57.500000,0.765570,0.473734,0.065542,0.028905,0.027901,0.008476,0.028905
3,multi_offload,3,11,1,1,2,3.881911,85.833300,0.485239,27,0.268637,52,0,1,0,0.268637,0.277149,0.008512,0.008512,0.268637,-0.007118,1,0,1,0,26,27,27,92.500000,85.833300,57.500000,0.765570,0.492035,0.063181,0.009203,0.008476,-0.009647,0.009203
3,multi_offload,3,12,2,2,4,0.000000,57.500000,0.695652,27,0.268637,52,0,2,0,0.268637,0.277149,0.008512,0.008512,0.268637,-0.007118,1,0,1,0,26,27,27,92.500000,85.833300,57.500000,0.432432,0.466020,0.695652,0.013918,0.013979,0.008476,0.013979
3,multi_offload,3,13,2,2,2,0.522336,57.500000,0.065292,27,0.268637,52,0,2,0,0.268637,0.277149,0.008512,0.008512,0.268637,-0.007118,1,0,1,0,26,27,27,92.500000,85.833300,57.500000,0.765570,0.473734,0.065542,0.028905,0.027901,0.008476,0.028905
3,multi_offload,3,14,1,1,2,3.913683,85.833300,0.489210,27,0.268637,52,0,1,0,0.268637,0.277149,0.008512,0.008512,0.268637,-0.007118,1,0,1,0,26,27,27,92.500000,85.833300,57.500000,0.765570,0.491539,0.063181,0.009205,0.008476,-0.009645,0.009205
3,multi_offload,3,15,0,0,1,3.506901,92.500000,1.168967,26,0.268637,52,0,0,0,0.268637,0.277149,0.008512,0.008512,0.268637,-0.007118,1,0,1,-1,26,27,27,92.500000,85.833300,57.500000,1.168870,1.127131,0.844566,0.008476,0.008313,0.002101,0.008313
3,multi_offload,3,16,1,1,4,0.000000,85.833300,0.466020,27,0.268637,52,0,1,0,0.268637,0.277149,0.008512,0.008512,0.268637,-0.007118,1,0,1,0,26,27,27,92.500000,85.833300,57.500000,0.432432,0.466020,0.695652,0.008416,0.008476,0.003182,0.008416
3,multi_offload,3,17,2,2,4,0.000000,57.500000,0.695652,27,0.268637,52,0,2,0,0.268637,0.277149,0.008512,0.008512,0.268637,-0.007118,1,0,1,0,26,27,27,92.500000,85.833300,57.500000,0.432432,0.466020,0.695652,0.013918,0.013979,0.008476,0.013979
3,multi_offload,3,18,1,1,4,0.000000,85.833300,0.466020,27,0.268637,52,0,1,0,0.268637,0.277149,0.008512,0.008512,0.268637,-0.007118,1,0,1,0,26,27,27,92.500000,85.833300,57.500000,0.432432,0.466020,0.695652,0.008416,0.008476,0.003182,0.008416
3,multi_offload,3,19,0,0,2,6.360615,92.500000,0.795077,26,0.268637,52,0,0,0,0.268637,0.277149,0.008512,0.008512,0.268637,-0.007118,1,0,1,-1,26,27,27,92.500000,85.833300,57.500000,0.795004,0.473734,0.063181,0.008476,0.007513,-0.010360,0.007513
3,multi_offload,3,20,1,1,3,0.000000,85.833300,1.165049,27,0.268637,52,0,0,1,0.268637,0.277149,0.008512,0.008512,0.268637,-0.007118,1,0,1,1,26,27,27,92.500000,85.833300,57.500000,1.081081,1.165049,1.739130,0.008512,0.008476,0.002790,0.008512
3,multi_offload,3,21,1,1,4,0.000000,85.833300,0.466020,27,0.268637,52,0,1,0,0.268637,0.277149,0.008512,0.008512,0.268637,-0.007118,1,0,1,0,26,27,27,92.500000,85.833300,57.500000,0.432432,0.466020,0.695652,0.008416,0.008476,0.003182,0.008416
3,multi_offload,3,22,0,0,4,0.000000,92.500000,0.432432,26,0.268637,52,0,0,0,0.268637,0.277149,0.008512,0.008512,0.268637,-0.007118,1,0,1,0,26,27,27,92.500000,85.833300,57.500000,0.432432,0.466020,0.695652,0.008476,0.008535,0.003239,0.008535
3,multi_offload,3,23,0,0,2,6.359463,92.500000,0.794933,26,0.268637,52,0,0,0,0.268637,0.277149,0.008512,0.008512,0.268637,-0.007118,1,0,1,-1,26,27,27,92.500000,85.833300,57.500000,0.795028,0.473734,0.063181,0.008476,0.007513,-0.010360,0.007513
3,multi_offload,3,24,0,0,3,0.000000,92.500000,1.081081,26,0.268637,52,0,0,0,0.268637,0.277149,0.008512,0.008512,0.268637,-0.007118,1,0,1,-1,26,27,27,92.500000,85.833300,57.500000,1.081081,1.165049,1.739130,0.008476,0.008439,0.002755,0.008439
3,multi_offload,3,25,2,2,1,2.783601,57.500000,0.927867,27,0.268637,52,0,2,0,0.268637,0.277149,0.008512,0.008512,0.268637,-0.007118,1,0,1,-1,26,27,27,92.500000,85.833300,57.500000,1.125590,1.127131,0.862841,0.015022,0.014918,0.008476,0.015022
3,multi_offload,3,26,1,1,4,0.000000,85.833300,0.466020,27,0.268637,52,0,1,0,0.268637,0.277149,0.008512,0.008512,0.268637,-0.007118,1,0,1,0,26,27,27,92.500000,85.833300,57.500000,0.432432,0.466020,0.695652,0.008416,0.008476,0.003182,0.008416
3,multi_offload,3,27,0,0,1,3.505517,92.500000,1.168506,26,0.268637,52,0,0,0,0.268637,0.277149,0.008512,0.008512,0.268637,-0.007118,1,0,1,-1,26,27,27,92.500000,85.833300,57.500000,1.168936,1.127131,0.844566,0.008476,0.008313,0.002101,0.008313
3,multi_offload,3,28,2,2,2,0.522324,57.500000,0.065291,27,0.268637,52,0,2,0,0.268637,0.277149,0.008512,0.008512,0.268637,-0.007118,1,0,1,0,26,27,27,92.500000,85.833300,57.500000,0.765570,0.473734,0.065542,0.028905,0.027901,0.008476,0.028905
3,multi_offload,3,29,2,2,2,0.522301,57.500000,0.065288,27,0.268637,52,0,2,0,0.268637,0.277149,0.008512,0.008512,0.268637,-0.007118,1,0,1,0,26,27,27,92.500000,85.833300,57.500000,0.765570,0.473734,0.065542,0.028905,0.027901,0.008476,0.028905
3,multi_offload,3,30,0,0,3,0.000000,92.500000,1.081081,26,0.268637,52,0,0,0,0.268637,0.277149,0.008512,0.008512,0.268637,-0.007118,1,0,1,-1,26,27,27,92.500000,85.833300,57.500000,1.081081,1.165049,1.739130,0.008476,0.008439,0.002755,0.008439
3,multi_offload,3,31,1,1,4,0.000000,85.833300,0.466020,27,0.268637,52,0,1,0,0.268637,0.277149,0.008512,0.008512,0.268637,-0.007118,1,0,1,0,26,27,27,92.500000,85.833300,57.500000,0.432432,0.466020,0.695652,0.008416,0.008476,0.003182,0.008416
3,multi_offload,3,32,2,2,2,0.524487,57.500000,0.065561,27,0.268637,52,0,2,0,0.268637,0.277149,0.008512,0.008512,0.268637,-0.007118,1,0,1,0,26,27,27,92.500000,85.833300,57.500000,0.765570,0.473734,0.065517,0.028911,0.027908,0.008476,0.028911
3,multi_offload,3,33,0,0,3,0.000000,92.500000,1.081081,26,0.268637,52,0,0,0,0.268637,0.277149,0.008512,0.008512,0.268637,-0.007118,1,0,1,-1,26,27,27,92.500000,85.833300,57.500000,1.081081,1.165049,1.739130,0.008476,0.008439,0.002755,0.008439
3,multi_offload,3,34,1,1,2,3.877540,85.833300,0.484692,27,0.268637,52,0,1,0,0.268637,0.277149,0.008512,0.008512,0.268637,-0.007118,1,0,1,0,26,27,27,92.500000,85.833300,57.500000,0.765570,0.492104,0.063181,0.009203,0.008476,-0.009647,0.009203
3,multi_offload,3,35,0,0,1,3.506793,92.500000,1.168931,26,0.268637,52,0,0,0,0.268637,0.277149,0.008512,0.008512,0.268637,-0.007118,1,0,1,-1,26,27,27,92.500000,85.833300,57.500000,1.168875,1.127131,0.844566,0.008476,0.008313,0.002101,0.008313
3,multi_offload,3,36,0,0,2,6.359511,92.500000,0.794939,26,0.268637,52,0,0,0,0.268637,0.277149,0.008512,0.008512,0.268637,-0.007118,1,0,1,-1,26,27,27,92.500000,85.833300,57.500000,0.795027,0.473734,0.063181,0.008476,0.007513,-0.010360,0.007513
3,multi_offload,3,37,2,2,4,0.000000,57.500000,0.695652,27,0.268637,52,0,2,0,0.268637,0.277149,0.008512,0.008512,0.268637,-0.007118,1,0,1,0,26,27,27,92.500000,85.833300,57.500000,0.432432,0.466020,0.695652,0.013918,0.013979,0.008476,0.013979
3,multi_offload,3,38,0,0,1,3.507566,92.500000,1.169189,26,0.268637,52,0,0,0,0.268637,0.277149,0.008512,0.008512,0.268637,-0.007118,1,0,1,-1,26,27,27,92.500000,85.833300,57.500000,1.168839,1.127131,0.844566,0.008476,0.008313,0.002101,0.008313
3,multi_offload,3,39,2,2,2,0.523442,57.500000,0.065430,27,0.268637,52,0,2,0,0.268637,0.277149,0.008512,0.008512,0.268637,-0.007118,1,0,1,0,26,27,27,92.500000,85.833300,57.500000,0.765570,0.473734,0.065529,0.028908,0.027905,0.008476,0.028908
3,multi_offload,3,40,1,1,2,3.915768,85.833300,0.489471,27,0.268637,52,0,1,0,0.268637,0.277149,0.008512,0.008512,0.268637,-0.007118,1,0,1,0,26,27,27,92.500000,85.833300,57.500000,0.765570,0.491506,0.063181,0.009205,0.008476,-0.009645,0.009205
3,multi_offload,3,41,1,1,4,0.000000,85.833300,0.466020,27,0.268637,52,0,1,0,0.268637,0.277149,0.008512,0.008512,0.268637,-0.007118,1,0,1,0,26,27,27,92.500000,85.833300,57.500000,0.432432,0.466020,0.695652,0.008416,0.008476,0.003182,0.008416
3,multi_offload,3,42,0,0,3,0.000000,92.500000,1.081081,26,0.268637,52,0,0,0,0.268637,0.277149,0.008512,0.008512,0.268637,-0.007118,1,0,1,-1,26,27,27,92.500000,85.833300,57.500000,1.081081,1.165049,1.739130,0.008476,0.008439,0.002755,0.008439
3,multi_offload,3,43,1,1,3,0.000000,85.833300,1.165049,27,0.268637,52,0,1,0,0.268637,0.277149,0.008512,0.008512,0.268637,-0.007118,1,0,1,1,26,27,27,92.500000,85.833300,57.500000,1.081081,1.165049,1.739130,0.008512,0.008476,0.002790,0.008512
3,multi_offload,3,44,1,1,4,0.000000,85.833300,0.466020,27,0.268637,52,0,1,0,0.268637,0.277149,0.008512,0.008512,0.268637,-0.007118,1,0,1,0,26,27,27,92.500000,85.833300,57.500000,0.432432,0.466020,0.695652,0.008416,0.008476,0.003182,0.008416
3,multi_offload,3,45,0,0,1,3.507354,92.500000,1.169118,26,0.268637,52,0,0,0,0.268637,0.277149,0.008512,0.008512,0.268637,-0.007118,1,0,1,-1,26,27,27,92.500000,85.833300,57.500000,1.168849,1.127131,0.844566,0.008476,0.008313,0.002101,0.008313
3,multi_offload,3,46,0,0,3,0.000000,92.500000,1.081081,26,0.268637,52,0,0,0,0.268637,0.277149,0.008512,0.008512,0.268637,-0.007118,1,0,1,-1,26,27,27,92.500000,85.833300,57.500000,1.081081,1.165049,1.739130,0.008476,0.008439,0.002755,0.008439
3,multi_offload,3,47,0,0,4,0.000000,92.500000,0.432432,26,0.268637,52,0,0,0,0.268637,0.277149,0.008512,0.008512,0.268637,-0.007118,1,0,1,0,26,27,27,92.500000,85.833300,57.500000,0.432432,0.466020,0.695652,0.008476,0.008535,0.003239,0.008535
3,multi_offload,3,48,2,2,4,0.000000,57.500000,0.695652,27,0.268637,52,0,2,0,0.268637,0.277149,0.008512,0.008512,0.268637,-0.007118,1,0,1,0,26,27,27,92.500000,85.833300,57.500000,0.432432,0.466020,0.695652,0.013918,0.013979,0.008476,0.013979
3,multi_offload,3,49,2,2,4,0.000000,57.500000,0.695652,27,0.268637,52,0,2,0,0.268637,0.277149,0.008512,0.008512,0.268637,-0.007118,1,0,1,0,26,27,27,92.500000,85.833300,57.500000,0.432432,0.466020,0.695652,0.013918,0.013979,0.008476,0.013979
3,multi_offload,3,50,2,2,2,0.520210,57.500000,0.065026,27,0.268637,52,0,2,0,0.268637,0.277149,0.008512,0.008512,0.268637,-0.007118,1,0,1,0,26,27,27,92.500000,85.833300,57.500000,0.765570,0.473734,0.065566,0.028899,0.027896,0.008476,0.028899
3,multi_offload,3,51,1,1,4,0.000000,85.833300,0.466020,27,0.268637,52,0,1,0,0.268637,0.277149,0.008512,0.008512,0.268637,-0.007118,1,0,1,0,26,27,27,92.500000,85.833300,57.500000,0.432432,0.466020,0.695652,0.008416,0.008476,0.003182,0.008416
3,multi_offload,3,52,0,0,2,6.359488,92.500000,0.794936,26,0.268637,52,0,0,0,0.268637,0.277149,0.008512,0.008512,0.268637,-0.007118,1,0,1,-1,26,27,27,92.500000,85.833300,57.500000,0.795028,0.473734,0.063181,0.008476,0.007513,-0.010360,0.007513
3,multi_offload,3,53,2,2,1,0.000000,57.500000,0.100000,27,0.268637,52,0,2,0,0.268637,0.277149,0.008512,0.008512,0.268637,-0.007118,1,0,0,0,26,27,27,92.500000,85.833300,57.500000,1.125590,1.127131,0.875846,0.015006,0.014901,0.008476,0.015006
3,multi_offload,3,54,1,1,2,3.819521,85.833300,0.477440,27,0.268637,52,0,1,0,0.268637,0.277149,0.008512,0.008512,0.268637,-0.007118,1,0,1,0,26,27,27,92.500000,85.833300,57.500000,0.765570,0.493010,0.063181,0.009199,0.008476,-0.009650,0.009199
3,multi_offload,3,55,1,1,4,0.000000,85.833300,0.466020,27,0.268637,52,0,1,0,0.268637,0.277149,0.008512,0.008512,0.268637,-0.007118,1,0,1,0,26,27,27,92.500000,85.833300,57.500000,0.432432,0.466020,0.695652,0.008416,0.008476,0.003182,0.008416
3,multi_offload,3,56,1,1,2,3.911374,85.833300,0.488922,27,0.268637,52,0,1,0,0.268637,0.277149,0.008512,0.008512,0.268637,-0.007118,1,0,1,0,26,27,27,92.500000,85.833300,57.500000,0.765570,0.491575,0.063181,0.009205,0.008476,-0.009646,0.009205
3,multi_offload,3,57,1,1,4,0.000000,85.833300,0.466020,27,0.268637,52,0,1,0,0.268637,0.277149,0.008512,0.008512,0.268637,-0.007118,1,0,1,0,26,27,27,92.500000,85.833300,57.500000,0.432432,0.466020,0.695652,0.008416,0.008476,0.003182,0.008416
3,multi_offload,3,58,2,2,1,2.941826,57.500000,0.980609,27,0.268637,52,0,2,0,0.268637,0.277149,0.008512,0.008512,0.268637,-0.007118,1,0,1,-1,26,27,27,92.500000,85.833300,57.500000,1.125590,1.127131,0.849655,0.015040,0.014936,0.008476,0.015040
3,multi_offload,3,59,0,0,2,6.359499,92.500000,0.794937,26,0.268637,52,0,0,0,0.268637,0.277149,0.008512,0.008512,0.268637,-0.007118,1,0,1,-1,26,27,27,92.500000,85.833300,57.500000,0.795028,0.473734,0.063181,0.008476,0.007513,-0.010360,0.007513
3,multi_offload,3,60,2,2,1,2.905172,57.500000,0.968391,27,0.268637,52,0,2,0,0.268637,0.277149,0.008512,0.008512,0.268637,-0.007118,1,0,1,-1,26,27,27,92.500000,85.833300,57.500000,1.125590,1.127131,0.852710,0.015036,0.014931,0.008476,0.015036
3,multi_offload,3,61,1,1,4,0.000000,85.833300,0.466020,27,0.268637,52,0,1,0,0.268637,0.277149,0.008512,0.008512,0.268637,-0.007118,1,0,1,0,26,27,27,92.500000,85.833300,57.500000,0.432432,0.466020,0.695652,0.008416,0.008476,0.003182,0.008416
3,multi_offload,3,62,0,0,4,0.000000,92.500000,0.432432,26,0.268637,52,0,0,0,0.268637,0.277149,0.008512,0.008512,0.268637,-0.007118,1,0,1,0,26,27,27,92.500000,85.833300,57.500000,0.432432,0.466020,0.695652,0.008476,0.008535,0.003239,0.008535
3,multi_offload,3,63,0,0,2,6.360569,92.500000,0.795071,26,0.268637,52,0,0,0,0.268637,0.277149,0.008512,0.008512,0.268637,-0.007118,1,0,1,-1,26,27,27,92.500000,85.833300,57.500000,0.795005,0.473734,0.063181,0.008476,0.007513,-0.010360,0.007513
3,multi_offload,3,64,1,1,4,0.000000,85.833300,0.466020,27,0.268637,52,0,1,0,0.268637,0.277149,0.008512,0.008512,0.268637,-0.007118,1,0,1,0,26,27,27,92.500000,85.833300,57.500000,0.432432,0.466020,0.695652,0.008416,0.008476,0.003182,0.008416
3,multi_offload,3,65,1,1,4,0.000000,85.833300,0.466020,27,0.268637,52,0,1,0,0.268637,0.277149,0.008512,0.008512,0.268637,-0.007118,1,0,1,0,26,27,27,92.500000,85.833300,57.500000,0.432432,0.466020,0.695652,0.008416,0.008476,0.003182,0.008416
3,multi_offload,3,66,0,0,3,0.000000,92.500000,1.081081,26,0.268637,52,0,0,0,0.268637,0.277149,0.008512,0.008512,0.268637,-0.007118,1,0,1,-1,26,27,27,92.500000,85.833300,57.500000,1.081081,1.165049,1.739130,0.008476,0.008439,0.002755,0.008439
3,multi_offload,3,67,2,2,2,0.531121,57.500000,0.066390,27,0.268637,52,0,2,0,0.268637,0.277149,0.008512,0.008512,0.268637,-0.007118,1,0,1,0,26,27,27,92.500000,85.833300,57.500000,0.765570,0.473734,0.065442,0.028929,0.027926,0.008476,0.028929
3,multi_offload,3,68,2,2,4,0.000000,57.500000,0.695652,27,0.268637,52,0,2,0,0.268637,0.277149,0.008512,0.008512,0.268637,-0.007118,1,0,1,0,26,27,27,92.500000,85.833300,57.500000,0.432432,0.466020,0.695652,0.013918,0.013979,0.008476,0.013979
3,multi_offload,3,69,1,1,4,0.000000,85.833300,0.466020,27,0.268637,52,0,1,0,0.268637,0.277149,0.008512,0.008512,0.268637,-0.007118,1,0,1,0,26,27,27,92.500000,85.833300,57.500000,0.432432,0.466020,0.695652,0.008416,0.008476,0.003182,0.008416
3,multi_offload,3,70,2,2,2,0.524587,57.500000,0.065573,27,0.268637,52,0,2,0,0.268637,0.277149,0.008512,0.008512,0.268637,-0.007118,1,0,1,0,26,27,27,92.500000,85.833300,57.500000,0.765570,0.473734,0.065516,0.028911,0.027908,0.008476,0.028911
3,multi_offload,3,71,0,0,1,3.506128,92.500000,1.168709,26,0.268637,52,0,0,0,0.268637,0.277149,0.008512,0.008512,0.268637,-0.007118,1,0,1,-1,26,27,27,92.500000,85.833300,57.500000,1.168907,1.127131,0.844566,0.008476,0.008313,0.002101,0.008313
3,multi_offload,3,72,1,1,1,3.506631,85.833300,1.168877,27,0.268637,52,0,1,0,0.268637,0.277149,0.008512,0.008512,0.268637,-0.007118,1,0,1,1,26,27,27,92.500000,85.833300,57.500000,1.125590,1.310081,0.844566,0.008429,0.008476,0.002117,0.008429
3,multi_offload,3,73,0,0,1,3.506182,92.500000,1.168727,26,0.268637,52,0,0,0,0.268637,0.277149,0.008512,0.008512,0.268637,-0.007118,1,0,1,-1,26,27,27,92.500000,85.833300,57.500000,1.168905,1.127131,0.844566,0.008476,0.008313,0.002101,0.008313
3,multi_offload,3,74,2,2,2,0.526738,57.500000,0.065842,27,0.268637,52,0,2,0,0.268637,0.277149,0.008512,0.008512,0.268637,-0.007118,1,0,1,0,26,27,27,92.500000,85.833300,57.500000,0.765570,0.473734,0.065492,0.028917,0.027914,0.008476,0.028917
3,multi_offload,3,75,2,2,4,0.000000,57.500000,0.695652,27,0.268637,52,0,2,0,0.268637,0.277149,0.008512,0.008512,0.268637,-0.007118,1,0,1,0,26,27,27,92.500000,85.833300,57.500000,0.432432,0.466020,0.695652,0.013918,0.013979,0.008476,0.013979
3,multi_offload,3,76,1,1,2,3.969395,85.833300,0.496174,27,0.268637,52,0,1,0,0.268637,0.277149,0.008512,0.008512,0.268637,-0.007118,1,0,1,0,26,27,27,92.500000,85.833300,57.500000,0.765570,0.490668,0.063181,0.009208,0.008476,-0.009642,0.009208
3,multi_offload,3,77,2,2,1,1.898319,57.500000,0.632773,27,0.268637,52,0,2,0,0.268637,0.277149,0.008512,0.008512,0.268637,-0.007118,1,0,1,0,26,27,27,92.500000,85.833300,57.500000,1.125590,1.127131,0.936614,0.014934,0.014830,0.008476,0.014934
3,multi_offload,3,78,2,2,2,0.530005,57.500000,0.066251,27,0.268637,52,0,2,0,0.268637,0.277149,0.008512,0.008512,0.268637,-0.007118,1,0,1,0,26,27,27,92.500000,85.833300,57.500000,0.765570,0.473734,0.065455,0.028926,0.027923,0.008476,0.028926
3,multi_offload,3,79,0,0,4,0.000000,92.500000,0.432432,26,0.268637,52,0,0,0,0.268637,0.277149,0.008512,0.008512,0.268637,-0.007118,1,0,1,0,26,27,27,92.500000,85.833300,57.500000,0.432432,0.466020,0.695652,0.008476,0.008535,0.003239,0.008535
3,multi_offload,3,80,2,2,1,2.608769,57.500000,0.869590,27,0.268637,52,0,2,0,0.268637,0.277149,0.008512,0.008512,0.268637,-0.007118,1,0,1,-1,26,27,27,92.500000,85.833300,57.500000,1.125590,1.127131,0.877410,0.015004,0.014899,0.008476,0.015004
3,multi_offload,4,1,1,1,2,4.433897,88.000000,0.554237,26,0.259930,42,0,1,0,0.259930,0.268079,0.008150,0.008150,0.259930,-0.008707,1,0,1,0,27,26,27,93.666700,88.000000,56.833300,0.747537,0.499411,0.060223,0.008843,0.008206,-0.009685,0.008843
3,multi_offload,4,2,2,2,2,0.496123,56.833300,0.062015,27,0.259930,42,0,2,0,0.259930,0.268079,0.008150,0.008150,0.259930,-0.008707,1,0,1,0,27,26,27,93.666700,88.000000,56.833300,0.747537,0.486780,0.062493,0.028344,0.027478,0.008206,0.028344
3,multi_offload,4,3,1,1,2,3.956269,88.000000,0.494534,26,0.259930,42,0,1,0,0.259930,0.268079,0.008150,0.008150,0.259930,-0.008707,1,0,1,0,27,26,27,93.666700,88.000000,56.833300,0.747537,0.506874,0.060223,0.008818,0.008206,-0.009707,0.008818
3,multi_offload,4,4,0,0,1,3.508842,93.666700,1.169614,27,0.259930,42,0,0,0,0.259930,0.268079,0.008150,0.008150,0.259930,-0.008707,1,0,1,-1,27,26,27,93.666700,88.000000,56.833300,1.138414,0.847374,0.863748,0.008206,0.007799,0.001989,0.007799
3,multi_offload,4,5,0,0,2,6.203191,93.666700,0.775399,27,0.259930,42,0,0,0,0.259930,0.268079,0.008150,0.008150,0.259930,-0.008707,1,0,1,-1,27,26,27,93.666700,88.000000,56.833300,0.775195,0.486780,0.060223,0.008206,0.007372,-0.010312,0.007372
3,multi_offload,4,6,1,1,4,0.000000,88.000000,0.454545,26,0.259930,42,0,1,0,0.259930,0.268079,0.008150,0.008150,0.259930,-0.008707,1,0,1,0,27,26,27,93.666700,88.000000,56.833300,0.427046,0.454545,0.703813,0.008186,0.008206,0.003031,0.008186
3,multi_offload,4,7,0,0,4,0.000000,93.666700,0.427046,27,0.259930,42,0,0,0,0.259930,0.268079,0.008150,0.008150,0.259930,-0.008707,1,0,1,0,27,26,27,93.666700,88.000000,56.833300,0.427046,0.454545,0.703813,0.008206,0.008226,0.003050,0.008226
3,multi_offload,4,8,2,2,4,0.000000,56.833300,0.703813,27,0.259930,42,0,2,0,0.259930,0.268079,0.008150,0.008150,0.259930,-0.008707,1,0,1,-1,27,26,27,93.666700,88.000000,56.833300,0.427046,0.454545,0.703813,0.013569,0.013589,0.008206,0.013589
3,multi_offload,4,9,2,2,4,0.000000,56.833300,0.703813,27,0.259930,42,0,2,0,0.259930,0.268079,0.008150,0.008150,0.259930,-0.008707,1,0,1,-1,27,26,27,93.666700,88.000000,56.833300,0.427046,0.454545,0.703813,0.013569,0.013589,0.008206,0.013589
3,multi_offload,4,10,2,2,2,0.497239,56.833300,0.062155,27,0.259930,42,0,2,0,0.259930,0.268079,0.008150,0.008150,0.259930,-0.008707,1,0,1,0,27,26,27,93.666700,88.000000,56.833300,0.747537,0.486780,0.062481,0.028347,0.027481,0.008206,0.028347
3,multi_offload,4,11,1,1,2,4.058926,88.000000,0.507366,26,0.259930,42,0,1,0,0.259930,0.268079,0.008150,0.008150,0.259930,-0.008707,1,0,1,0,27,26,27,93.666700,88.000000,56.833300,0.747537,0.505270,0.060223,0.008823,0.008206,-0.009702,0.008823
3,multi_offload,4,12,2,2,4,0.000000,56.833300,0.703813,27,0.259930,42,0,2,0,0.259930,0.268079,0.008150,0.008150,0.259930,-0.008707,1,0,1,-1,27,26,27,93.666700,88.000000,56.833300,0.427046,0.454545,0.703813,0.013569,0.013589,0.008206,0.013589
3,multi_offload,4,13,2,2,2,0.492879,56.833300,0.061610,27,0.259930,42,0,2,0,0.259930,0.268079,0.008150,0.008150,0.259930,-0.008707,1,0,1,0,27,26,27,93.666700,88.000000,56.833300,0.747537,0.486780,0.062530,0.028334,0.027469,0.008206,0.028334
3,multi_offload,4,14,1,1,2,3.985714,88.000000,0.498214,26,0.259930,42,0,1,0,0.259930,0.268079,0.008150,0.008150,0.259930,-0.008707,1,0,1,0,27,26,27,93.666700,88.000000,56.833300,0.747537,0.506414,0.060223,0.008819,0.008206,-0.009706,0.008819
3,multi_offload,4,15,0,0,1,3.509344,93.666700,1.169781,27,0.259930,42,0,0,0,0.259930,0.268079,0.008150,0.008150,0.259930,-0.008707,1,0,1,-1,27,26,27,93.666700,88.000000,56.833300,1.138390,0.847374,0.863748,0.008206,0.007799,0.001989,0.007799
3,multi_offload,4,16,1,1,4,0.000000,88.000000,0.454545,26,0.259930,42,0,1,0,0.259930,0.268079,0.008150,0.008150,0.259930,-0.008707,1,0,1,0,27,26,27,93.666700,88.000000,56.833300,0.427046,0.454545,0.703813,0.008186,0.008206,0.003031,0.008186
3,multi_offload,4,17,2,2,4,0.000000,56.833300,0.703813,27,0.259930,42,0,2,0,0.259930,0.268079,0.008150,0.008150,0.259930,-0.008707,1,0,1,-1,27,26,27,93.666700,88.000000,56.833300,0.427046,0.454545,0.703813,0.013569,0.013589,0.008206,0.013589
3,multi_offload,4,18,1,1,4,0.000000,88.000000,0.454545,26,0.259930,42,0,1,0,0.259930,0.268079,0.008150,0.008150,0.259930,-0.008707,1,0,1,0,27,26,27,93.666700,88.000000,56.833300,0.427046,0.454545,0.703813,0.008186,0.008206,0.003031,0.008186
3,multi_offload,4,19,0,0,2,6.202097,93.666700,0.775262,27,0.259930,42,0,0,0,0.259930,0.268079,0.008150,0.008150,0.259930,-0.008707,1,0,1,-1,27,26,27,93.666700,88.000000,56.833300,0.775218,0.486780,0.060223,0.008206,0.007372,-0.010312,0.007372
3,multi_offload,4,20,0,0,3,0.000000,93.666700,1.067615,27,0.259930,42,0,1,1,0.259930,0.268079,0.008150,0.008150,0.259930,-0.008707,1,0,1,1,27,26,27,93.666700,88.000000,56.833300,1.067615,1.136364,1.759532,0.008206,0.008150,0.002573,0.008150
3,multi_offload,4,21,1,1,4,0.000000,88.000000,0.454545,26,0.259930,42,0,1,0,0.259930,0.268079,0.008150,0.008150,0.259930,-0.008707,1,0,1,0,27,26,27,93.666700,88.000000,56.833300,0.427046,0.454545,0.703813,0.008186,0.008206,0.003031,0.008186
3,multi_offload,4,22,0,0,4,0.000000,93.666700,0.427046,27,0.259930,42,0,0,0,0.259930,0.268079,0.008150,0.008150,0.259930,-0.008707,1,0,1,0,27,26,27,93.666700,88.000000,56.833300,0.427046,0.454545,0.703813,0.008206,0.008226,0.003050,0.008226
3,multi_offload,4,23,0,0,2,6.201050,93.666700,0.775131,27,0.259930,42,0,0,0,0.259930,0.268079,0.008150,0.008150,0.259930,-0.008707,1,0,1,-1,27,26,27,93.666700,88.000000,56.833300,0.775239,0.486780,0.060223,0.008206,0.007371,-0.010312,0.007371
3,multi_offload,4,24,0,0,3,0.000000,93.666700,1.067615,27,0.259930,42,0,0,0,0.259930,0.268079,0.008150,0.008150,0.259930,-0.008707,1,0,1,1,27,26,27,93.666700,88.000000,56.833300,1.067615,1.136364,1.759532,0.008206,0.008150,0.002573,0.008150
3,multi_offload,4,25,2,2,1,2.753666,56.833300,0.917889,27,0.259930,42,0,2,0,0.259930,0.268079,0.008150,0.008150,0.259930,-0.008707,1,0,1,-1,27,26,27,93.666700,88.000000,56.833300,1.101517,0.847374,0.890201,0.014596,0.014228,0.008206,0.014596
3,multi_offload,4,26,1,1,4,0.000000,88.000000,0.454545,26,0.259930,42,0,1,0,0.259930,0.268079,0.008150,0.008150,0.259930,-0.008707,1,0,1,0,27,26,27,93.666700,88.000000,56.833300,0.427046,0.454545,0.703813,0.008186,0.008206,0.003031,0.008186
3,multi_offload,4,27,0,0,1,3.508463,93.666700,1.169488,27,0.259930,42,0,0,0,0.259930,0.268079,0.008150,0.008150,0.259930,-0.008707,1,0,1,-1,27,26,27,93.666700,88.000000,56.833300,1.138432,0.847374,0.863748,0.008206,0.007799,0.001989,0.007799
3,multi_offload,4,28,2,2,2,0.492914,56.833300,0.061614,27,0.259930,42,0,2,0,0.259930,0.268079,0.008150,0.008150,0.259930,-0.008707,1,0,1,0,27,26,27,93.666700,88.000000,56.833300,0.747537,0.486780,0.062530,0.028335,0.027469,0.008206,0.028335
3,multi_offload,4,29,2,2,2,0.492890,56.833300,0.061611,27,0.259930,42,0,2,0,0.259930,0.268079,0.008150,0.008150,0.259930,-0.008707,1,0,1,0,27,26,27,93.666700,88.000000,56.833300,0.747537,0.486780,0.062530,0.028334,0.027469,0.008206,0.028334
3,multi_offload,4,30,0,0,3,0.000000,93.666700,1.067615,27,0.259930,42,0,0,0,0.259930,0.268079,0.008150,0.008150,0.259930,-0.008707,1,0,1,1,27,26,27,93.666700,88.000000,56.833300,1.067615,1.136364,1.759532,0.008206,0.008150,0.002573,0.008150
3,multi_offload,4,31,1,1,4,0.000000,88.000000,0.454545,26,0.259930,42,0,1,0,0.259930,0.268079,0.008150,0.008150,0.259930,-0.008707,1,0,1,0,27,26,27,93.666700,88.000000,56.833300,0.427046,0.454545,0.703813,0.008186,0.008206,0.003031,0.008186
3,multi_offload,4,32,2,2,2,0.492890,56.833300,0.061611,27,0.259930,42,0,2,0,0.259930,0.268079,0.008150,0.008150,0.259930,-0.008707,1,0,1,0,27,26,27,93.666700,88.000000,56.833300,0.747537,0.486780,0.062530,0.028334,0.027469,0.008206,0.028334
3,multi_offload,4,33,0,0,3,0.000000,93.666700,1.067615,27,0.259930,42,0,0,0,0.259930,0.268079,0.008150,0.008150,0.259930,-0.008707,1,0,1,1,27,26,27,93.666700,88.000000,56.833300,1.067615,1.136364,1.759532,0.008206,0.008150,0.002573,0.008150
3,multi_offload,4,34,1,1,2,4.060019,88.000000,0.507502,26,0.259930,42,0,1,0,0.259930,0.268079,0.008150,0.008150,0.259930,-0.008707,1,0,1,0,27,26,27,93.666700,88.000000,56.833300,0.747537,0.505253,0.060223,0.008823,0.008206,-0.009702,0.008823
3,multi_offload,4,35,0,0,1,3.507906,93.666700,1.169302,27,0.259930,42,0,0,0,0.259930,0.268079,0.008150,0.008150,0.259930,-0.008707,1,0,1,-1,27,26,27,93.666700,88.000000,56.833300,1.138458,0.847374,0.863748,0.008206,0.007799,0.001988,0.007799
3,multi_offload,4,36,0,0,2,6.200992,93.666700,0.775124,27,0.259930,42,0,0,0,0.259930,0.268079,0.008150,0.008150,0.259930,-0.008707,1,0,1,-1,27,26,27,93.666700,88.000000,56.833300,0.775241,0.486780,0.060223,0.008206,0.007371,-0.010312,0.007371
3,multi_offload,4,37,2,2,4,0.000000,56.833300,0.703813,27,0.259930,42,0,2,0,0.259930,0.268079,0.008150,0.008150,0.259930,-0.008707,1,0,1,-1,27,26,27,93.666700,88.000000,56.833300,0.427046,0.454545,0.703813,0.013569,0.013589,0.008206,0.013589
3,multi_offload,4,38,0,0,1,3.507404,93.666700,1.169135,27,0.259930,42,0,0,0,0.259930,0.268079,0.008150,0.008150,0.259930,-0.008707,1,0,1,-1,27,26,27,93.666700,88.000000,56.833300,1.138482,0.847374,0.863748,0.008206,0.007799,0.001988,0.007799
3,multi_offload,4,39,2,2,2,0.492868,56.833300,0.061608,27,0.259930,42,1,2,0,0.259930,0.268079,0.008150,0.008150,0.259930,-0.008707,1,0,1,0,27,26,27,93.666700,88.000000,56.833300,0.747537,0.486780,0.062530,0.028334,0.027469,0.008206,0.028334
3,multi_offload,4,40,1,1,2,3.985709,88.000000,0.498214,26,0.259930,42,0,1,0,0.259930,0.268079,0.008150,0.008150,0.259930,-0.008707,1,0,1,0,27,26,27,93.666700,88.000000,56.833300,0.747537,0.506414,0.060223,0.008819,0.008206,-0.009706,0.008819
3,multi_offload,4,41,1,1,4,0.000000,88.000000,0.454545,26,0.259930,42,0,1,0,0.259930,0.268079,0.008150,0.008150,0.259930,-0.008707,1,0,1,0,27,26,27,93.666700,88.000000,56.833300,0.427046,0.454545,0.703813,0.008186,0.008206,0.003031,0.008186
3,multi_offload,4,42,0,0,3,0.000000,93.666700,1.067615,27,0.259930,42,0,0,0,0.259930,0.268079,0.008150,0.008150,0.259930,-0.008707,1,0,1,1,27,26,27,93.666700,88.000000,56.833300,1.067615,1.136364,1.759532,0.008206,0.008150,0.002573,0.008150
3,multi_offload,4,43,1,1,3,0.000000,88.000000,1.136364,26,0.259930,42,0,1,0,0.259930,0.268079,0.008150,0.008150,0.259930,-0.008707,1,0,1,-1,27,26,27,93.666700,88.000000,56.833300,1.067615,1.136364,1.759532,0.008263,0.008206,0.002627,0.008263
3,multi_offload,4,44,1,1,4,0.000000,88.000000,0.454545,26,0.259930,42,0,1,0,0.259930,0.268079,0.008150,0.008150,0.259930,-0.008707,1,0,1,0,27,26,27,93.666700,88.000000,56.833300,0.427046,0.454545,0.703813,0.008186,0.008206,0.003031,0.008186
3,multi_offload,4,45,0,0,1,3.508679,93.666700,1.169560,27,0.259930,42,0,0,0,0.259930,0.268079,0.008150,0.008150,0.259930,-0.008707,1,0,1,-1,27,26,27,93.666700,88.000000,56.833300,1.138421,0.847374,0.863748,0.008206,0.007799,0.001989,0.007799
3,multi_offload,4,46,0,0,3,0.000000,93.666700,1.067615,27,0.259930,42,0,0,0,0.259930,0.268079,0.008150,0.008150,0.259930,-0.008707,1,0,1,1,27,26,27,93.666700,88.000000,56.833300,1.067615,1.136364,1.759532,0.008206,0.008150,0.002573,0.008150
3,multi_offload,4,47,0,0,4,0.000000,93.666700,0.427046,27,0.259930,42,0,0,0,0.259930,0.268079,0.008150,0.008150,0.259930,-0.008707,1,0,1,0,27,26,27,93.666700,88.000000,56.833300,0.427046,0.454545,0.703813,0.008206,0.008226,0.003050,0.008226
3,multi_offload,4,48,2,2,4,0.000000,56.833300,0.703813,27,0.259930,42,0,2,0,0.259930,0.268079,0.008150,0.008150,0.259930,-0.008707,1,0,1,-1,27,26,27,93.666700,88.000000,56.833300,0.427046,0.454545,0.703813,0.013569,0.013589,0.008206,0.013589
3,multi_offload,4,49,2,2,4,0.000000,56.833300,0.703813,27,0.259930,42,0,2,0,0.259930,0.268079,0.008150,0.008150,0.259930,-0.008707,1,0,1,-1,27,26,27,93.666700,88.000000,56.833300,0.427046,0.454545,0.703813,0.013569,0.013589,0.008206,0.013589
3,multi_offload,4,50,2,2,2,0.496145,56.833300,0.062018,27,0.259930,42,0,2,0,0.259930,0.268079,0.008150,0.008150,0.259930,-0.008707,1,0,1,0,27,26,27,93.666700,88.000000,56.833300,0.747537,0.486780,0.062493,0.028344,0.027478,0.008206,0.028344
3,multi_offload,4,51,1,1,4,0.000000,88.000000,0.454545,26,0.259930,42,0,1,0,0.259930,0.268079,0.008150,0.008150,0.259930,-0.008707,1,0,1,0,27,26,27,93.666700,88.000000,56.833300,0.427046,0.454545,0.703813,0.008186,0.008206,0.003031,0.008186
3,multi_offload,4,52,0,0,2,6.200992,93.666700,0.775124,27,0.259930,42,0,0,0,0.259930,0.268079,0.008150,0.008150,0.259930,-0.008707,1,0,1,-1,27,26,27,93.666700,88.000000,56.833300,0.775241,0.486780,0.060223,0.008206,0.007371,-0.010312,0.007371
3,multi_offload,4,53,2,2,1,0.000000,56.833300,0.100000,27,0.259930,42,0,2,0,0.259930,0.268079,0.008150,0.008150,0.259930,-0.008707,1,0,0,0,27,26,27,93.666700,88.000000,56.833300,1.101517,0.847374,0.895738,0.014590,0.014221,0.008206,0.014590
3,multi_offload,4,54,1,1,2,3.981370,88.000000,0.497671,26,0.259930,42,0,1,0,0.259930,0.268079,0.008150,0.008150,0.259930,-0.008707,1,0,1,0,27,26,27,93.666700,88.000000,56.833300,0.747537,0.506482,0.060223,0.008819,0.008206,-0.009706,0.008819
3,multi_offload,4,55,1,1,4,0.000000,88.000000,0.454545,26,0.259930,42,0,1,0,0.259930,0.268079,0.008150,0.008150,0.259930,-0.008707,1,0,1,0,27,26,27,93.666700,88.000000,56.833300,0.427046,0.454545,0.703813,0.008186,0.008206,0.003031,0.008186
3,multi_offload,4,56,1,1,2,3.981388,88.000000,0.497674,26,0.259930,42,0,1,0,0.259930,0.268079,0.008150,0.008150,0.259930,-0.008707,1,0,1,0,27,26,27,93.666700,88.000000,56.833300,0.747537,0.506481,0.060223,0.008819,0.008206,-0.009706,0.008819
3,multi_offload,4,57,1,1,4,0.000000,88.000000,0.454545,26,0.259930,42,0,1,0,0.259930,0.268079,0.008150,0.008150,0.259930,-0.008707,1,0,1,0,27,26,27,93.666700,88.000000,56.833300,0.427046,0.454545,0.703813,0.008186,0.008206,0.003031,0.008186
3,multi_offload,4,58,2,2,1,2.866685,56.833300,0.955562,27,0.259930,42,0,2,0,0.259930,0.268079,0.008150,0.008150,0.259930,-0.008707,1,0,1,-1,27,26,27,93.666700,88.000000,56.833300,1.101517,0.847374,0.880782,0.014607,0.014238,0.008206,0.014607
3,multi_offload,4,59,0,0,2,6.202109,93.666700,0.775264,27,0.259930,42,0,0,0,0.259930,0.268079,0.008150,0.008150,0.259930,-0.008707,1,0,1,-1,27,26,27,93.666700,88.000000,56.833300,0.775217,0.486780,0.060223,0.008206,0.007372,-0.010312,0.007372
3,multi_offload,4,60,2,2,1,2.944270,56.833300,0.981423,27,0.259930,42,0,2,0,0.259930,0.268079,0.008150,0.008150,0.259930,-0.008707,1,0,1,-1,27,26,27,93.666700,88.000000,56.833300,1.101517,0.847374,0.874317,0.014615,0.014246,0.008206,0.014615
3,multi_offload,4,61,1,1,4,0.000000,88.000000,0.454545,26,0.259930,42,0,1,0,0.259930,0.268079,0.008150,0.008150,0.259930,-0.008707,1,0,1,0,27,26,27,93.666700,88.000000,56.833300,0.427046,0.454545,0.703813,0.008186,0.008206,0.003031,0.008186
3,multi_offload,4,62,0,0,4,0.000000,93.666700,0.427046,27,0.259930,42,0,0,0,0.259930,0.268079,0.008150,0.008150,0.259930,-0.008707,1,0,1,0,27,26,27,93.666700,88.000000,56.833300,0.427046,0.454545,0.703813,0.008206,0.008226,0.003050,0.008226
3,multi_offload,4,63,0,0,2,6.202109,93.666700,0.775264,27,0.259930,42,0,0,0,0.259930,0.268079,0.008150,0.008150,0.259930,-0.008707,1,0,1,-1,27,26,27,93.666700,88.000000,56.833300,0.775217,0.486780,0.060223,0.008206,0.007372,-0.010312,0.007372
3,multi_offload,4,64,1,1,4,0.000000,88.000000,0.454545,26,0.259930,42,0,1,0,0.259930,0.268079,0.008150,0.008150,0.259930,-0.008707,1,0,1,0,27,26,27,93.666700,88.000000,56.833300,0.427046,0.454545,0.703813,0.008186,0.008206,0.003031,0.008186
3,multi_offload,4,65,1,1,4,0.000000,88.000000,0.454545,26,0.259930,42,0,1,0,0.259930,0.268079,0.008150,0.008150,0.259930,-0.008707,1,0,1,0,27,26,27,93.666700,88.000000,56.833300,0.427046,0.454545,0.703813,0.008186,0.008206,0.003031,0.008186
3,multi_offload,4,66,0,0,3,0.000000,93.666700,1.067615,27,0.259930,42,0,0,0,0.259930,0.268079,0.008150,0.008150,0.259930,-0.008707,1,0,1,1,27,26,27,93.666700,88.000000,56.833300,1.067615,1.136364,1.759532,0.008206,0.008150,0.002573,0.008150
3,multi_offload,4,67,2,2,2,0.509297,56.833300,0.063662,27,0.259930,42,0,2,0,0.259930,0.268079,0.008150,0.008150,0.259930,-0.008707,1,0,1,0,27,26,27,93.666700,88.000000,56.833300,0.747537,0.486780,0.062344,0.028382,0.027516,0.008206,0.028382
3,multi_offload,4,68,2,2,4,0.000000,56.833300,0.703813,27,0.259930,42,0,2,0,0.259930,0.268079,0.008150,0.008150,0.259930,-0.008707,1,0,1,-1,27,26,27,93.666700,88.000000,56.833300,0.427046,0.454545,0.703813,0.013569,0.013589,0.008206,0.013589
3,multi_offload,4,69,1,1,4,0.000000,88.000000,0.454545,26,0.259930,42,0,1,0,0.259930,0.268079,0.008150,0.008150,0.259930,-0.008707,1,0,1,0,27,26,27,93.666700,88.000000,56.833300,0.427046,0.454545,0.703813,0.008186,0.008206,0.003031,0.008186
3,multi_offload,4,70,2,2,2,0.509308,56.833300,0.063664,27,0.259930,42,0,2,0,0.259930,0.268079,0.008150,0.008150,0.259930,-0.008707,1,0,1,0,27,26,27,93.666700,88.000000,56.833300,0.747537,0.486780,0.062344,0.028382,0.027516,0.008206,0.028382
3,multi_offload,4,71,0,0,1,3.510009,93.666700,1.170003,27,0.259930,42,0,0,0,0.259930,0.268079,0.008150,0.008150,0.259930,-0.008707,1,0,1,-1,27,26,27,93.666700,88.000000,56.833300,1.138358,0.847374,0.863748,0.008206,0.007799,0.001989,0.007799
3,multi_offload,4,72,1,1,1,2.639896,88.000000,0.879965,26,0.259930,42,0,1,0,0.259930,0.268079,0.008150,0.008150,0.259930,-0.008707,1,0,1,-1,27,26,27,93.666700,88.000000,56.833300,1.101517,1.348007,0.863748,0.008139,0.008206,0.001977,0.008139
3,multi_offload,4,73,0,0,1,2.854882,93.666700,0.951627,27,0.259930,42,0,0,0,0.259930,0.268079,0.008150,0.008150,0.259930,-0.008707,1,0,1,-1,27,26,27,93.666700,88.000000,56.833300,1.169555,0.847374,0.863748,0.008206,0.007779,0.001969,0.007779
3,multi_offload,4,74,2,2,2,0.511471,56.833300,0.063934,27,0.259930,42,0,2,0,0.259930,0.268079,0.008150,0.008150,0.259930,-0.008707,1,0,1,0,27,26,27,93.666700,88.000000,56.833300,0.747537,0.486780,0.062319,0.028389,0.027523,0.008206,0.028389
3,multi_offload,4,75,2,2,4,0.000000,56.833300,0.703813,27,0.259930,42,0,2,0,0.259930,0.268079,0.008150,0.008150,0.259930,-0.008707,1,0,1,-1,27,26,27,93.666700,88.000000,56.833300,0.427046,0.454545,0.703813,0.013569,0.013589,0.008206,0.013589
3,multi_offload,4,76,1,1,2,3.952906,88.000000,0.494113,26,0.259930,42,0,1,0,0.259930,0.268079,0.008150,0.008150,0.259930,-0.008707,1,0,1,0,27,26,27,93.666700,88.000000,56.833300,0.747537,0.506926,0.060223,0.008817,0.008206,-0.009707,0.008817
3,multi_offload,4,77,2,2,1,2.585704,56.833300,0.861901,27,0.259930,42,0,2,0,0.259930,0.268079,0.008150,0.008150,0.259930,-0.008707,1,0,1,-1,27,26,27,93.666700,88.000000,56.833300,1.101517,0.847374,0.904197,0.014580,0.014212,0.008206,0.014580
3,multi_offload,4,78,2,2,2,0.511518,56.833300,0.063940,27,0.259930,42,0,2,0,0.259930,0.268079,0.008150,0.008150,0.259930,-0.008707,1,0,1,0,27,26,27,93.666700,88.000000,56.833300,0.747537,0.486780,0.062318,0.028389,0.027523,0.008206,0.028389
3,multi_offload,4,79,0,0,4,0.000000,93.666700,0.427046,27,0.259930,42,0,0,0,0.259930,0.268079,0.008150,0.008150,0.259930,-0.008707,1,0,1,0,27,26,27,93.666700,88.000000,56.833300,0.427046,0.454545,0.703813,0.008206,0.008226,0.003050,0.008226
3,multi_offload,4,80,2,2,1,2.285748,56.833300,0.761916,27,0.259930,42,0,2,0,0.259930,0.268079,0.008150,0.008150,0.259930,-0.008707,1,0,1,-1,27,26,27,93.666700,88.000000,56.833300,1.101517,0.847374,0.929194,0.014553,0.014185,0.008206,0.014553
3,multi_offload,5,1,1,1,2,4.213119,86.000000,0.526640,27,0.250808,42,0,1,0,0.250808,0.250808,0.000000,0.000000,0.250808,-0.009121,0,0,1,0,26,27,27,95.166700,86.000000,57.000000,0.743893,0.487089,0.056755,0.007953,0.007348,-0.010293,0.007953
3,multi_offload,5,2,2,2,2,0.472111,57.000000,0.059014,27,0.250808,42,0,2,0,0.250808,0.250808,0.000000,0.000000,0.250808,-0.009121,0,0,1,0,26,27,27,95.166700,86.000000,57.000000,0.743893,0.473930,0.058843,0.027268,0.026442,0.007348,0.027268
3,multi_offload,5,3,1,1,2,4.018574,86.000000,0.502322,27,0.250808,42,0,1,0,0.250808,0.250808,0.000000,0.000000,0.250808,-0.009121,0,0,1,0,26,27,27,95.166700,86.000000,57.000000,0.743893,0.490128,0.056755,0.007942,0.007348,-0.010302,0.007942
3,multi_offload,5,4,0,0,1,3.506277,95.166700,1.168759,26,0.250808,42,0,0,0,0.250808,0.250808,0.000000,0.000000,0.250808,-0.009121,0,0,1,-1,26,27,27,95.166700,86.000000,57.000000,1.152695,1.129315,0.884754,0.007348,0.007229,0.001268,0.007229
3,multi_offload,5,5,0,0,2,6.169297,95.166700,0.771162,26,0.250808,42,0,0,0,0.250808,0.250808,0.000000,0.000000,0.250808,-0.009121,0,0,1,-1,26,27,27,95.166700,86.000000,57.000000,0.772728,0.473930,0.056755,0.007348,0.006553,-0.010888,0.006553
3,multi_offload,5,6,1,1,4,0.000000,86.000000,0.465116,27,0.250808,42,0,1,0,0.250808,0.250808,0.000000,0.000000,0.250808,-0.009121,0,0,1,0,26,27,27,95.166700,86.000000,57.000000,0.420315,0.465116,0.701754,0.007233,0.007348,0.002155,0.007233
3,multi_offload,5,7,0,0,4,0.000000,95.166700,0.420315,26,0.250808,42,0,0,0,0.250808,0.250808,0.000000,0.000000,0.250808,-0.009121,0,0,1,0,26,27,27,95.166700,86.000000,57.000000,0.420315,0.465116,0.701754,0.007348,0.007463,0.002265,0.007463
3,multi_offload,5,8,2,2,4,0.000000,57.000000,0.701754,27,0.250808,42,0,2,0,0.250808,0.250808,0.000000,0.000000,0.250808,-0.009121,0,0,1,-1,26,27,27,95.166700,86.000000,57.000000,0.420315,0.465116,0.701754,0.012639,0.012759,0.007348,0.012759
3,multi_offload,5,9,2,2,4,0.000000,57.000000,0.701754,27,0.250808,42,0,2,0,0.250808,0.250808,0.000000,0.000000,0.250808,-0.009121,0,0,1,-1,26,27,27,95.166700,86.000000,57.000000,0.420315,0.465116,0.701754,0.012639,0.012759,0.007348,0.012759
3,multi_offload,5,10,2,2,2,0.472123,57.000000,0.059015,27,0.250808,42,0,2,0,0.250808,0.250808,0.000000,0.000000,0.250808,-0.009121,0,0,1,0,26,27,27,95.166700,86.000000,57.000000,0.743893,0.473930,0.058843,0.027268,0.026442,0.007348,0.027268
3,multi_offload,5,11,1,1,2,4.125733,86.000000,0.515717,27,0.250808,42,0,1,0,0.250808,0.250808,0.000000,0.000000,0.250808,-0.009121,0,0,1,0,26,27,27,95.166700,86.000000,57.000000,0.743893,0.488454,0.056755,0.007948,0.007348,-0.010297,0.007948
3,multi_offload,5,12,2,2,4,0.000000,57.000000,0.701754,27,0.250808,42,0,2,0,0.250808,0.250808,0.000000,0.000000,0.250808,-0.009121,0,0,1,-1,26,27,27,95.166700,86.000000,57.000000,0.420315,0.465116,0.701754,0.012639,0.012759,0.007348,0.012759
3,multi_offload,5,13,2,2,2,0.463426,57.000000,0.057928,27,0.250808,42,1,2,0,0.250808,0.250808,0.000000,0.000000,0.250808,-0.009121,0,0,1,0,26,27,27,95.166700,86.000000,57.000000,0.743893,0.473930,0.058941,0.027242,0.026416,0.007348,0.027242
3,multi_offload,5,14,1,1,2,3.779152,86.000000,0.472394,27,0.250808,42,0,1,0,0.250808,0.250808,0.000000,0.000000,0.250808,-0.009121,0,0,1,0,26,27,27,95.166700,86.000000,57.000000,0.743893,0.493869,0.056755,0.007930,0.007348,-0.010313,0.007930
3,multi_offload,5,15,0,0,1,3.507774,95.166700,1.169258,26,0.250808,42,0,0,0,0.250808,0.250808,0.000000,0.000000,0.250808,-0.009121,0,0,1,-1,26,27,27,95.166700,86.000000,57.000000,1.152624,1.129315,0.884754,0.007348,0.007229,0.001268,0.007229
3,multi_offload,5,16,1,1,4,0.000000,86.000000,0.465116,27,0.250808,42,0,1,0,0.250808,0.250808,0.000000,0.000000,0.250808,-0.009121,0,0,1,0,26,27,27,95.166700,86.000000,57.000000,0.420315,0.465116,0.701754,0.007233,0.007348,0.002155,0.007233
3,multi_offload,5,17,2,2,4,0.000000,57.000000,0.701754,27,0.250808,42,0,2,0,0.250808,0.250808,0.000000,0.000000,0.250808,-0.009121,0,0,1,-1,26,27,27,95.166700,86.000000,57.000000,0.420315,0.465116,0.701754,0.012639,0.012759,0.007348,0.012759
3,multi_offload,5,18,1,1,4,0.000000,86.000000,0.465116,27,0.250808,42,0,1,0,0.250808,0.250808,0.000000,0.000000,0.250808,-0.009121,0,0,1,0,26,27,27,95.166700,86.000000,57.000000,0.420315,0.465116,0.701754,0.007233,0.007348,0.002155,0.007233
3,multi_offload,5,19,0,0,2,6.182366,95.166700,0.772796,26,0.250808,42,0,0,0,0.250808,0.250808,0.000000,0.000000,0.250808,-0.009121,0,0,1,-1,26,27,27,95.166700,86.000000,57.000000,0.772456,0.473930,0.056755,0.007348,0.006553,-0.010887,0.006553
3,multi_offload,5,20,1,1,3,0.000000,86.000000,1.162791,27,0.250808,42,0,1,0,0.250808,0.250808,0.000000,0.000000,0.250808,-0.009121,0,0,1,1,26,27,27,95.166700,86.000000,57.000000,1.050788,1.162791,1.754386,0.007348,0.007348,0.001807,0.007348
3,multi_offload,5,21,1,1,4,0.000000,86.000000,0.465116,27,0.250808,42,0,1,0,0.250808,0.250808,0.000000,0.000000,0.250808,-0.009121,0,0,1,0,26,27,27,95.166700,86.000000,57.000000,0.420315,0.465116,0.701754,0.007233,0.007348,0.002155,0.007233
3,multi_offload,5,22,0,0,4,0.000000,95.166700,0.420315,26,0.250808,42,0,0,0,0.250808,0.250808,0.000000,0.000000,0.250808,-0.009121,0,0,1,0,26,27,27,95.166700,86.000000,57.000000,0.420315,0.465116,0.701754,0.007348,0.007463,0.002265,0.007463
3,multi_offload,5,23,0,0,2,6.182342,95.166700,0.772793,26,0.250808,42,0,0,0,0.250808,0.250808,0.000000,0.000000,0.250808,-0.009121,0,0,1,-1,26,27,27,95.166700,86.000000,57.000000,0.772456,0.473930,0.056755,0.007348,0.006553,-0.010887,0.006553
3,multi_offload,5,24,0,0,3,0.000000,95.166700,1.050788,26,0.250808,42,0,0,0,0.250808,0.250808,0.000000,0.000000,0.250808,-0.009121,0,0,1,-1,26,27,27,95.166700,86.000000,57.000000,1.050788,1.162791,1.754386,0.007348,0.007348,0.001807,0.007348
3,multi_offload,5,25,2,2,1,2.639963,57.000000,0.879988,27,0.250808,42,0,2,0,0.250808,0.250808,0.000000,0.000000,0.250808,-0.009121,0,0,1,-1,26,27,27,95.166700,86.000000,57.000000,1.111937,1.129315,0.926906,0.013592,0.013524,0.007348,0.013592
3,multi_offload,5,26,1,1,4,0.000000,86.000000,0.465116,27,0.250808,42,0,1,0,0.250808,0.250808,0.000000,0.000000,0.250808,-0.009121,0,0,1,0,26,27,27,95.166700,86.000000,57.000000,0.420315,0.465116,0.701754,0.007233,0.007348,0.002155,0.007233
3,multi_offload,5,27,0,0,1,2.956551,95.166700,0.985517,26,0.250808,42,0,0,0,0.250808,0.250808,0.000000,0.000000,0.250808,-0.009121,0,0,1,-1,26,27,27,95.166700,86.000000,57.000000,1.178873,1.129315,0.884754,0.007348,0.007213,0.001253,0.007213
3,multi_offload,5,28,2,2,2,0.472135,57.000000,0.059017,27,0.250808,42,0,2,0,0.250808,0.250808,0.000000,0.000000,0.250808,-0.009121,0,0,1,0,26,27,27,95.166700,86.000000,57.000000,0.743893,0.473930,0.058842,0.027268,0.026442,0.007348,0.027268
3,multi_offload,5,29,2,2,2,0.472148,57.000000,0.059018,27,0.250808,42,0,2,0,0.250808,0.250808,0.000000,0.000000,0.250808,-0.009121,0,0,1,0,26,27,27,95.166700,86.000000,57.000000,0.743893,0.473930,0.058842,0.027268,0.026442,0.007348,0.027268
3,multi_offload,5,30,0,0,3,0.000000,95.166700,1.050788,26,0.250808,42,0,0,0,0.250808,0.250808,0.000000,0.000000,0.250808,-0.009121,0,0,1,-1,26,27,27,95.166700,86.000000,57.000000,1.050788,1.162791,1.754386,0.007348,0.007348,0.001807,0.007348
3,multi_offload,5,31,1,1,4,0.000000,86.000000,0.465116,27,0.250808,42,0,1,0,0.250808,0.250808,0.000000,0.000000,0.250808,-0.009121,0,0,1,0,26,27,27,95.166700,86.000000,57.000000,0.420315,0.465116,0.701754,0.007233,0.007348,0.002155,0.007233
3,multi_offload,5,32,2,2,2,0.472135,57.000000,0.059017,27,0.250808,42,0,2,0,0.250808,0.250808,0.000000,0.000000,0.250808,-0.009121,0,0,1,0,26,27,27,95.166700,86.000000,57.000000,0.743893,0.473930,0.058842,0.027268,0.026442,0.007348,0.027268
3,multi_offload,5,33,0,0,3,0.000000,95.166700,1.050788,26,0.250808,42,0,0,0,0.250808,0.250808,0.000000,0.000000,0.250808,-0.009121,0,0,1,-1,26,27,27,95.166700,86.000000,57.000000,1.050788,1.162791,1.754386,0.007348,0.007348,0.001807,0.007348
3,multi_offload,5,34,1,1,2,4.122390,86.000000,0.515299,27,0.250808,42,0,1,0,0.250808,0.250808,0.000000,0.000000,0.250808,-0.009121,0,0,1,0,26,27,27,95.166700,86.000000,57.000000,0.743893,0.488506,0.056755,0.007948,0.007348,-0.010297,0.007948
3,multi_offload,5,35,0,0,1,3.507445,95.166700,1.169148,26,0.250808,42,0,0,0,0.250808,0.250808,0.000000,0.000000,0.250808,-0.009121,0,0,1,-1,26,27,27,95.166700,86.000000,57.000000,1.152640,1.129315,0.884754,0.007348,0.007229,0.001268,0.007229
3,multi_offload,5,36,0,0,2,6.182342,95.166700,0.772793,26,0.250808,42,0,0,0,0.250808,0.250808,0.000000,0.000000,0.250808,-0.009121,0,0,1,-1,26,27,27,95.166700,86.000000,57.000000,0.772456,0.473930,0.056755,0.007348,0.006553,-0.010887,0.006553
3,multi_offload,5,37,2,2,4,0.000000,57.000000,0.701754,27,0.250808,42,0,2,0,0.250808,0.250808,0.000000,0.000000,0.250808,-0.009121,0,0,1,-1,26,27,27,95.166700,86.000000,57.000000,0.420315,0.465116,0.701754,0.012639,0.012759,0.007348,0.012759
3,multi_offload,5,38,0,0,1,3.506834,95.166700,1.168945,26,0.250808,42,0,0,0,0.250808,0.250808,0.000000,0.000000,0.250808,-0.009121,0,0,1,-1,26,27,27,95.166700,86.000000,57.000000,1.152669,1.129315,0.884754,0.007348,0.007229,0.001268,0.007229
3,multi_offload,5,39,2,2,2,0.464473,57.000000,0.058059,27,0.250808,42,0,2,0,0.250808,0.250808,0.000000,0.000000,0.250808,-0.009121,0,0,1,0,26,27,27,95.166700,86.000000,57.000000,0.743893,0.473930,0.058930,0.027245,0.026419,0.007348,0.027245
3,multi_offload,5,40,1,1,2,3.771617,86.000000,0.471452,27,0.250808,42,0,1,0,0.250808,0.250808,0.000000,0.000000,0.250808,-0.009121,0,0,1,0,26,27,27,95.166700,86.000000,57.000000,0.743893,0.493987,0.056755,0.007929,0.007348,-0.010313,0.007929
3,multi_offload,5,41,1,1,4,0.000000,86.000000,0.465116,27,0.250808,42,0,1,0,0.250808,0.250808,0.000000,0.000000,0.250808,-0.009121,0,0,1,0,26,27,27,95.166700,86.000000,57.000000,0.420315,0.465116,0.701754,0.007233,0.007348,0.002155,0.007233
3,multi_offload,5,42,0,0,3,0.000000,95.166700,1.050788,26,0.250808,42,0,0,0,0.250808,0.250808,0.000000,0.000000,0.250808,-0.009121,0,0,1,-1,26,27,27,95.166700,86.000000,57.000000,1.050788,1.162791,1.754386,0.007348,0.007348,0.001807,0.007348
3,multi_offload,5,43,1,1,3,0.000000,86.000000,1.162791,27,0.250808,42,0,1,0,0.250808,0.250808,0.000000,0.000000,0.250808,-0.009121,0,0,1,1,26,27,27,95.166700,86.000000,57.000000,1.050788,1.162791,1.754386,0.007348,0.007348,0.001807,0.007348
3,multi_offload,5,44,1,1,4,0.000000,86.000000,0.465116,27,0.250808,42,0,1,0,0.250808,0.250808,0.000000,0.000000,0.250808,-0.009121,0,0,1,0,26,27,27,95.166700,86.000000,57.000000,0.420315,0.465116,0.701754,0.007233,0.007348,0.002155,0.007233
3,multi_offload,5,45,0,0,1,3.507508,95.166700,1.169169,26,0.250808,42,0,0,0,0.250808,0.250808,0.000000,0.000000,0.250808,-0.009121,0,0,1,-1,26,27,27,95.166700,86.000000,57.000000,1.152637,1.129315,0.884754,0.007348,0.007229,0.001268,0.007229
3,multi_offload,5,46,0,0,3,0.000000,95.166700,1.050788,26,0.250808,42,0,0,0,0.250808,0.250808,0.000000,0.000000,0.250808,-0.009121,0,0,1,-1,26,27,27,95.166700,86.000000,57.000000,1.050788,1.162791,1.754386,0.007348,0.007348,0.001807,0.007348
3,multi_offload,5,47,0,0,4,0.000000,95.166700,0.420315,26,0.250808,42,0,0,0,0.250808,0.250808,0.000000,0.000000,0.250808,-0.009121,0,0,1,0,26,27,27,95.166700,86.000000,57.000000,0.420315,0.465116,0.701754,0.007348,0.007463,0.002265,0.007463
3,multi_offload,5,48,2,2,4,0.000000,57.000000,0.701754,27,0.250808,42,0,2,0,0.250808,0.250808,0.000000,0.000000,0.250808,-0.009121,0,0,1,-1,26,27,27,95.166700,86.000000,57.000000,0.420315,0.465116,0.701754,0.012639,0.012759,0.007348,0.012759
3,multi_offload,5,49,2,2,4,0.000000,57.000000,0.701754,27,0.250808,42,0,2,0,0.250808,0.250808,0.000000,0.000000,0.250808,-0.009121,0,0,1,-1,26,27,27,95.166700,86.000000,57.000000,0.420315,0.465116,0.701754,0.012639,0.012759,0.007348,0.012759
3,multi_offload,5,50,2,2,2,0.472148,57.000000,0.059018,27,0.250808,42,0,2,0,0.250808,0.250808,0.000000,0.000000,0.250808,-0.009121,0,0,1,0,26,27,27,95.166700,86.000000,57.000000,0.743893,0.473930,0.058842,0.027268,0.026442,0.007348,0.027268
3,multi_offload,5,51,1,1,4,0.000000,86.000000,0.465116,27,0.250808,42,0,1,0,0.250808,0.250808,0.000000,0.000000,0.250808,-0.009121,0,0,1,0,26,27,27,95.166700,86.000000,57.000000,0.420315,0.465116,0.701754,0.007233,0.007348,0.002155,0.007233
3,multi_offload,5,52,0,0,2,6.180185,95.166700,0.772523,26,0.250808,42,0,0,0,0.250808,0.250808,0.000000,0.000000,0.250808,-0.009121,0,0,1,-1,26,27,27,95.166700,86.000000,57.000000,0.772501,0.473930,0.056755,0.007348,0.006553,-0.010887,0.006553
3,multi_offload,5,53,2,2,1,0.000000,57.000000,0.100000,27,0.250808,42,0,2,0,0.250808,0.250808,0.000000,0.000000,0.250808,-0.009121,0,0,0,0,26,27,27,95.166700,86.000000,57.000000,1.111937,1.129315,0.917522,0.013601,0.013533,0.007348,0.013601
3,multi_offload,5,54,1,1,2,3.774837,86.000000,0.471855,27,0.250808,42,0,1,0,0.250808,0.250808,0.000000,0.000000,0.250808,-0.009121,0,0,1,0,26,27,27,95.166700,86.000000,57.000000,0.743893,0.493937,0.056755,0.007930,0.007348,-0.010313,0.007930
3,multi_offload,5,55,1,1,4,0.000000,86.000000,0.465116,27,0.250808,42,0,1,0,0.250808,0.250808,0.000000,0.000000,0.250808,-0.009121,0,0,1,0,26,27,27,95.166700,86.000000,57.000000,0.420315,0.465116,0.701754,0.007233,0.007348,0.002155,0.007233
3,multi_offload,5,56,1,1,2,3.677574,86.000000,0.459697,27,0.250808,42,0,1,0,0.250808,0.250808,0.000000,0.000000,0.250808,-0.009121,0,0,1,0,26,27,27,95.166700,86.000000,57.000000,0.743893,0.495457,0.056755,0.007925,0.007348,-0.010317,0.007925
3,multi_offload,5,57,1,1,4,0.000000,86.000000,0.465116,27,0.250808,42,0,1,0,0.250808,0.250808,0.000000,0.000000,0.250808,-0.009121,0,0,1,0,26,27,27,95.166700,86.000000,57.000000,0.420315,0.465116,0.701754,0.007233,0.007348,0.002155,0.007233
3,multi_offload,5,58,2,2,1,2.726176,57.000000,0.908725,27,0.250808,42,0,2,0,0.250808,0.250808,0.000000,0.000000,0.250808,-0.009121,0,0,1,-1,26,27,27,95.166700,86.000000,57.000000,1.111937,1.129315,0.919722,0.013599,0.013531,0.007348,0.013599
3,multi_offload,5,59,0,0,2,6.181296,95.166700,0.772662,26,0.250808,42,0,0,0,0.250808,0.250808,0.000000,0.000000,0.250808,-0.009121,0,0,1,-1,26,27,27,95.166700,86.000000,57.000000,0.772478,0.473930,0.056755,0.007348,0.006553,-0.010887,0.006553
3,multi_offload,5,60,2,2,1,2.724954,57.000000,0.908318,27,0.250808,42,0,2,0,0.250808,0.250808,0.000000,0.000000,0.250808,-0.009121,0,0,1,-1,26,27,27,95.166700,86.000000,57.000000,1.111937,1.129315,0.919823,0.013599,0.013531,0.007348,0.013599
3,multi_offload,5,61,1,1,4,0.000000,86.000000,0.465116,27,0.250808,42,0,1,0,0.250808,0.250808,0.000000,0.000000,0.250808,-0.009121,0,0,1,0,26,27,27,95.166700,86.000000,57.000000,0.420315,0.465116,0.701754,0.007233,0.007348,0.002155,0.007233
3,multi_offload,5,62,0,0,4,0.000000,95.166700,0.420315,26,0.250808,42,0,0,0,0.250808,0.250808,0.000000,0.000000,0.250808,-0.009121,0,0,1,0,26,27,27,95.166700,86.000000,57.000000,0.420315,0.465116,0.701754,0.007348,0.007463,0.002265,0.007463
3,multi_offload,5,63,0,0,2,6.182412,95.166700,0.772802,26,0.250808,42,0,0,0,0.250808,0.250808,0.000000,0.000000,0.250808,-0.009121,0,0,1,-1,26,27,27,95.166700,86.000000,57.000000,0.772455,0.473930,0.056755,0.007348,0.006553,-0.010887,0.006553
3,multi_offload,5,64,1,1,4,0.000000,86.000000,0.465116,27,0.250808,42,0,1,0,0.250808,0.250808,0.000000,0.000000,0.250808,-0.009121,0,0,1,0,26,27,27,95.166700,86.000000,57.000000,0.420315,0.465116,0.701754,0.007233,0.007348,0.002155,0.007233
3,multi_offload,5,65,1,1,4,0.000000,86.000000,0.465116,27,0.250808,42,0,1,0,0.250808,0.250808,0.000000,0.000000,0.250808,-0.009121,0,0,1,0,26,27,27,95.166700,86.000000,57.000000,0.420315,0.465116,0.701754,0.007233,0.007348,0.002155,0.007233
3,multi_offload,5,66,0,0,3,0.000000,95.166700,1.050788,26,0.250808,42,0,0,0,0.250808,0.250808,0.000000,0.000000,0.250808,-0.009121,0,0,1,-1,26,27,27,95.166700,86.000000,57.000000,1.050788,1.162791,1.754386,0.007348,0.007348,0.001807,0.007348
3,multi_offload,5,67,2,2,2,0.472112,57.000000,0.059014,27,0.250808,42,0,2,0,0.250808,0.250808,0.000000,0.000000,0.250808,-0.009121,0,0,1,0,26,27,27,95.166700,86.000000,57.000000,0.743893,0.473930,0.058843,0.027268,0.026442,0.007348,0.027268
3,multi_offload,5,68,2,2,4,0.000000,57.000000,0.701754,27,0.250808,42,0,2,0,0.250808,0.250808,0.000000,0.000000,0.250808,-0.009121,0,0,1,-1,26,27,27,95.166700,86.000000,57.000000,0.420315,0.465116,0.701754,0.012639,0.012759,0.007348,0.012759
3,multi_offload,5,69,1,1,4,0.000000,86.000000,0.465116,27,0.250808,42,0,1,0,0.250808,0.250808,0.000000,0.000000,0.250808,-0.009121,0,0,1,0,26,27,27,95.166700,86.000000,57.000000,0.420315,0.465116,0.701754,0.007233,0.007348,0.002155,0.007233
3,multi_offload,5,70,2,2,2,0.472135,57.000000,0.059017,27,0.250808,42,0,2,0,0.250808,0.250808,0.000000,0.000000,0.250808,-0.009121,0,0,1,0,26,27,27,95.166700,86.000000,57.000000,0.743893,0.473930,0.058842,0.027268,0.026442,0.007348,0.027268
3,multi_offload,5,71,0,0,1,3.506331,95.166700,1.168777,26,0.250808,42,0,0,0,0.250808,0.250808,0.000000,0.000000,0.250808,-0.009121,0,0,1,-1,26,27,27,95.166700,86.000000,57.000000,1.152693,1.129315,0.884754,0.007348,0.007229,0.001268,0.007229
3,multi_offload,5,72,1,1,1,3.513425,86.000000,1.171142,27,0.250808,42,0,1,0,0.250808,0.250808,0.000000,0.000000,0.250808,-0.009121,0,0,1,1,26,27,27,95.166700,86.000000,57.000000,1.111937,1.310622,0.884754,0.007287,0.007348,0.001261,0.007287
3,multi_offload,5,73,0,0,1,3.714161,95.166700,1.238054,26,0.250808,42,0,0,0,0.250808,0.250808,0.000000,0.000000,0.250808,-0.009121,0,0,1,-1,26,27,27,95.166700,86.000000,57.000000,1.142796,1.129315,0.884754,0.007348,0.007235,0.001273,0.007235
3,multi_offload,5,74,2,2,2,0.473217,57.000000,0.059152,27,0.250808,42,0,2,0,0.250808,0.250808,0.000000,0.000000,0.250808,-0.009121,0,0,1,0,26,27,27,95.166700,86.000000,57.000000,0.743893,0.473930,0.058830,0.027271,0.026445,0.007348,0.027271
3,multi_offload,5,75,2,2,4,0.000000,57.000000,0.701754,27,0.250808,42,0,2,0,0.250808,0.250808,0.000000,0.000000,0.250808,-0.009121,0,0,1,-1,26,27,27,95.166700,86.000000,57.000000,0.420315,0.465116,0.701754,0.012639,0.012759,0.007348,0.012759
3,multi_offload,5,76,1,1,2,3.903799,86.000000,0.487975,27,0.250808,42,0,1,0,0.250808,0.250808,0.000000,0.000000,0.250808,-0.009121,0,0,1,0,26,27,27,95.166700,86.000000,57.000000,0.743893,0.491922,0.056755,0.007936,0.007348,-0.010307,0.007936
3,multi_offload,5,77,2,2,1,2.820904,57.000000,0.940301,27,0.250808,42,0,2,0,0.250808,0.250808,0.000000,0.000000,0.250808,-0.009121,0,0,1,-1,26,27,27,95.166700,86.000000,57.000000,1.111937,1.129315,0.911828,0.013607,0.013539,0.007348,0.013607
3,multi_offload,5,78,2,2,2,0.472112,57.000000,0.059014,27,0.250808,42,0,2,0,0.250808,0.250808,0.000000,0.000000,0.250808,-0.009121,0,0,1,0,26,27,27,95.166700,86.000000,57.000000,0.743893,0.473930,0.058843,0.027268,0.026442,0.007348,0.027268
3,multi_offload,5,79,0,0,4,0.000000,95.166700,0.420315,26,0.250808,42,0,0,0,0.250808,0.250808,0.000000,0.000000,0.250808,-0.009121,0,0,1,0,26,27,27,95.166700,86.000000,57.000000,0.420315,0.465116,0.701754,0.007348,0.007463,0.002265,0.007463
3,multi_offload,5,80,2,2,1,2.850838,57.000000,0.950279,27,0.250808,42,0,2,0,0.250808,0.250808,0.000000,0.000000,0.250808,-0.009121,0,0,1,-1,26,27,27,95.166700,86.000000,57.000000,1.111937,1.129315,0.909333,0.013609,0.013541,0.007348,0.013609
