ue_id,app_type,initial_bs_id
1,2,1
2,3,1
3,4,0
4,4,2
5,2,1
6,4,1
7,2,2
8,1,1
9,1,2
10,3,2
11,2,2
12,2,2
13,4,2
14,2,1
15,4,2
16,2,1
17,3,2
18,1,0
19,2,2
20,1,2
21,3,2
22,2,0
23,4,2
24,2,0
25,2,1
26,1,1
27,4,0
28,2,1
29,2,2
30,3,1
31,2,1
32,2,1
33,4,1
34,4,2
35,1,2
36,2,2
37,3,2
38,1,2
39,4,1
40,1,1
41,2,2
42,3,2
43,4,2
44,2,2
45,4,0
46,4,2
47,1,1
48,2,2
49,2,1
50,1,2
51,4,0
52,2,0
53,3,0
54,4,0
55,2,0
56,3,2
57,1,2
58,2,0
59,1,0
60,2,2
61,3,2
62,2,0
63,1,1
64,4,0
65,4,2
66,2,2
67,3,2
68,2,2
69,4,2
70,3,1
71,2,0
72,4,1
73,1,0
74,2,0
75,1,2
76,2,0
77,4,0
78,2,0
79,1,1
80,2,2
81,2,2
82,2,2
83,4,0
84,1,2
85,4,1
86,2,0
87,3,2
88,2,0
89,2,1
90,2,2
91,3,2
92,4,0
93,1,1
94,1,0
95,3,2
96,4,0
97,2,0
98,4,0
99,1,1
100,2,2
