seed,method,max_switches,cycle_id,step_id,target_ue_id,previous_bs_id,current_bs_id,selected_bs_id,satisfaction_before,harmonic_mean_before,harmonic_mean_after_estimated,advantage,q_bs0,q_bs1,q_bs2,candidate_type,num_users_ap0,num_users_ap1,num_users_ap2,monitor_rtt_ap0,monitor_rtt_ap1,monitor_rtt_ap2,estimated_satisfaction_if_ap0,estimated_satisfaction_if_ap1,estimated_satisfaction_if_ap2,estimated_h_delta_if_ap0,estimated_h_delta_if_ap1,estimated_h_delta_if_ap2,selected_estimated_h_delta,h_before_step_estimated,h_after_step_estimated,estimated_marginal_delta,target_satisfaction_before,target_satisfaction_after_estimated,target_satisfaction_delta_estimated,effective_max_switches,applied_switches_in_cycle,remaining_switch_budget,k_schedule_type,k_max,k_min,k_decay_rate,stop_action_flag,q_stop,applied,skip_reason
1003,online_dqn,10,1,0,27,2,2,0,0.112015,0.339591,0.354658,1.422704,0.086006,-2.069531,-1.336697,0,28,25,27,98.666700,80.500000,66.833300,0.459890,0.331673,0.112147,0.015066,0.014076,0.000199,0.014867,0.339791,0.354658,0.014867,0.112015,0.459890,0.347875,10,0,10,linear_decay,10,1,2,0,0.000000,1,
1003,online_dqn,10,1,1,29,2,2,0,0.112016,0.339591,0.369496,1.621896,0.094280,-1.882038,-1.527616,0,29,25,26,98.666700,80.500000,66.833300,0.444560,0.331673,0.116460,0.029905,0.029085,0.015066,0.014839,0.354658,0.369496,0.014839,0.112016,0.444560,0.332544,10,1,9,linear_decay,10,1,2,0,0.000000,1,
1003,online_dqn,10,1,2,30,2,2,0,0.112021,0.339591,0.384131,1.803384,0.083334,-1.686533,-1.720050,0,30,25,25,98.666700,80.500000,66.833300,0.430219,0.331673,0.121118,0.044539,0.043928,0.029905,0.014634,0.369496,0.384131,0.014634,0.112021,0.430219,0.318199,10,2,8,linear_decay,10,1,2,0,0.000000,1,
1003,online_dqn,10,1,3,37,2,2,0,0.112021,0.339591,0.398358,1.968649,0.055004,-1.483919,-1.913645,0,31,25,24,98.666700,80.500000,66.833300,0.416775,0.331673,0.126164,0.058766,0.058406,0.044539,0.014227,0.384131,0.398358,0.014227,0.112021,0.416775,0.304754,10,3,7,linear_decay,10,1,2,0,0.000000,1,
1003,online_dqn,10,1,4,36,2,2,0,0.112022,0.339591,0.411953,2.131894,0.025903,-1.281645,-2.105991,0,32,25,23,98.666700,80.500000,66.833300,0.404145,0.331673,0.131650,0.072361,0.072294,0.058766,0.013595,0.398358,0.411953,0.013595,0.112022,0.404145,0.292123,10,4,6,linear_decay,10,1,2,0,0.000000,1,
1003,online_dqn,10,1,5,45,2,2,0,0.112022,0.339591,0.424673,2.233087,0.008815,-1.211801,-2.224272,0,33,25,22,98.666700,80.500000,66.833300,0.392259,0.331673,0.137634,0.085082,0.085348,0.072361,0.012721,0.411953,0.424673,0.012721,0.112022,0.392259,0.280236,10,5,5,linear_decay,10,1,2,0,0.000000,1,
1003,online_dqn,10,1,6,22,2,2,0,0.112024,0.339591,0.436268,2.317328,-0.005985,-1.174752,-2.323314,0,34,25,21,98.666700,80.500000,66.833300,0.381051,0.331673,0.144188,0.096676,0.097315,0.085082,0.011595,0.424673,0.436268,0.011595,0.112024,0.381051,0.269028,10,6,4,linear_decay,10,1,2,0,0.000000,1,
1003,online_dqn,10,1,7,49,2,2,0,0.112150,0.339591,0.446486,2.399363,-0.021710,-1.137568,-2.421072,0,35,25,20,98.666700,80.500000,66.833300,0.370467,0.331673,0.151384,0.106894,0.107939,0.096676,0.010218,0.436268,0.446486,0.010218,0.112150,0.370467,0.258317,10,7,3,linear_decay,10,1,2,0,0.000000,1,
1003,online_dqn,10,1,8,78,2,2,0,0.112159,0.339591,0.455086,2.479018,-0.038463,-1.100659,-2.517481,0,36,25,19,98.666700,80.500000,66.833300,0.360454,0.331673,0.159350,0.115494,0.116970,0.106894,0.008600,0.446486,0.455086,0.008600,0.112159,0.360454,0.248295,10,8,2,linear_decay,10,1,2,0,0.000000,1,
1003,online_dqn,10,1,9,10,2,2,0,0.112287,0.339591,0.461854,2.584069,-0.048104,-1.045495,-2.632172,0,37,25,18,98.666700,80.500000,66.833300,0.350968,0.331673,0.168189,0.122262,0.124185,0.115494,0.006768,0.455086,0.461854,0.006768,0.112287,0.350968,0.238682,10,9,1,linear_decay,10,1,2,0,0.000000,1,
1003,online_dqn,10,2,0,51,0,0,0,0.140035,0.426553,0.434913,0.000000,-1.859808,-3.527121,-2.051270,0,38,25,17,99.666700,79.666700,62.333300,0.275301,0.332006,0.225169,0.008360,0.013014,0.009542,0.000000,0.434913,0.434913,0.000000,0.140035,0.275301,0.135266,8,0,8,linear_decay,10,1,2,0,0.000000,0,same_bs
1003,online_dqn,10,2,1,3,0,0,0,0.209687,0.426553,0.434913,0.000000,-1.584121,-3.370251,-2.367029,0,38,25,17,99.666700,79.666700,62.333300,0.272272,0.332006,0.225169,0.008360,0.013109,0.009635,0.000000,0.434913,0.434913,0.000000,0.209687,0.272272,0.062585,8,0,8,linear_decay,10,1,2,0,0.000000,0,same_bs
1003,online_dqn,10,2,2,20,2,2,0,0.237146,0.426553,0.431935,2.129882,0.111123,-0.984210,-2.018759,0,38,25,17,99.666700,79.666700,62.333300,0.262750,0.332006,0.238838,0.005381,0.010614,0.008360,-0.002978,0.434913,0.431935,-0.002978,0.237146,0.262750,0.025604,8,0,8,linear_decay,10,1,2,0,0.000000,0,safety_h_delta
1003,online_dqn,10,2,3,17,2,2,0,0.237154,0.426553,0.431935,2.129863,0.111118,-0.984220,-2.018745,0,38,25,17,99.666700,79.666700,62.333300,0.262750,0.332006,0.238835,0.005382,0.010614,0.008360,-0.002978,0.434913,0.431935,-0.002978,0.237154,0.262750,0.025596,8,0,8,linear_decay,10,1,2,0,0.000000,0,safety_h_delta
1003,online_dqn,10,2,4,19,2,2,0,0.237289,0.426553,0.431937,2.129554,0.111038,-0.984389,-2.018516,0,38,25,17,99.666700,79.666700,62.333300,0.262750,0.332006,0.238790,0.005383,0.010616,0.008360,-0.002976,0.434913,0.431937,-0.002976,0.237289,0.262750,0.025461,8,0,8,linear_decay,10,1,2,0,0.000000,0,safety_h_delta
1003,online_dqn,10,2,5,4,2,2,0,0.242069,0.426553,0.431998,2.118510,0.108171,-0.990403,-2.010340,0,38,25,17,99.666700,79.666700,62.333300,0.262750,0.332006,0.237197,0.005445,0.010679,0.008360,-0.002914,0.434913,0.431998,-0.002914,0.242069,0.262750,0.020681,8,0,8,linear_decay,10,1,2,0,0.000000,0,safety_h_delta
1003,online_dqn,10,2,6,61,0,0,0,0.283868,0.426553,0.434913,0.000000,-1.292863,-3.203684,-2.703624,0,38,25,17,99.666700,79.666700,62.333300,0.269047,0.332006,0.225169,0.008360,0.013213,0.009737,0.000000,0.434913,0.434913,0.000000,0.283868,0.269047,-0.014821,8,0,8,linear_decay,10,1,2,0,0.000000,0,same_bs
1003,online_dqn,10,2,7,59,0,0,0,0.284546,0.426553,0.434913,0.000000,-1.290200,-3.202159,-2.706703,0,38,25,17,99.666700,79.666700,62.333300,0.269018,0.332006,0.225169,0.008360,0.013214,0.009738,0.000000,0.434913,0.434913,0.000000,0.284546,0.269018,-0.015529,8,0,8,linear_decay,10,1,2,0,0.000000,0,same_bs
1003,online_dqn,10,2,8,58,0,0,0,0.284550,0.426553,0.434913,0.000000,-1.290186,-3.202153,-2.706719,0,38,25,17,99.666700,79.666700,62.333300,0.269017,0.332006,0.225169,0.008360,0.013214,0.009738,0.000000,0.434913,0.434913,0.000000,0.284550,0.269017,-0.015533,8,0,8,linear_decay,10,1,2,0,0.000000,0,same_bs
1003,online_dqn,10,2,9,50,0,0,0,0.284550,0.426553,0.434913,0.000000,-1.290186,-3.202153,-2.706719,0,38,25,17,99.666700,79.666700,62.333300,0.269017,0.332006,0.225169,0.008360,0.013214,0.009738,0.000000,0.434913,0.434913,0.000000,0.284550,0.269017,-0.015533,8,0,8,linear_decay,10,1,2,0,0.000000,0,same_bs
1003,online_dqn,10,2,10,80,0,0,0,0.284551,0.426553,0.434913,0.000000,-1.290180,-3.202149,-2.706726,0,38,25,17,99.666700,79.666700,62.333300,0.269017,0.332006,0.225169,0.008360,0.013214,0.009738,0.000000,0.434913,0.434913,0.000000,0.284551,0.269017,-0.015534,8,0,8,linear_decay,10,1,2,0,0.000000,0,same_bs
1003,online_dqn,10,2,11,41,0,0,0,0.284556,0.426553,0.434913,0.000000,-1.290160,-3.202137,-2.706749,0,38,25,17,99.666700,79.666700,62.333300,0.269017,0.332006,0.225169,0.008360,0.013214,0.009738,0.000000,0.434913,0.434913,0.000000,0.284556,0.269017,-0.015539,8,0,8,linear_decay,10,1,2,0,0.000000,0,same_bs
1003,online_dqn,10,2,12,64,0,0,0,0.284559,0.426553,0.434913,0.000000,-1.290148,-3.202133,-2.706762,0,38,25,17,99.666700,79.666700,62.333300,0.269017,0.332006,0.225169,0.008360,0.013214,0.009738,0.000000,0.434913,0.434913,0.000000,0.284559,0.269017,-0.015542,8,0,8,linear_decay,10,1,2,0,0.000000,0,same_bs
1003,online_dqn,10,2,13,76,0,0,0,0.284562,0.426553,0.434913,0.000000,-1.290137,-3.202123,-2.706776,0,38,25,17,99.666700,79.666700,62.333300,0.269017,0.332006,0.225169,0.008360,0.013214,0.009738,0.000000,0.434913,0.434913,0.000000,0.284562,0.269017,-0.015546,8,0,8,linear_decay,10,1,2,0,0.000000,0,same_bs
1003,online_dqn,10,2,14,16,0,0,0,0.284680,0.426553,0.434913,0.000000,-1.289673,-3.201859,-2.707312,0,38,25,17,99.666700,79.666700,62.333300,0.269012,0.332006,0.225169,0.008360,0.013214,0.009739,0.000000,0.434913,0.434913,0.000000,0.284680,0.269012,-0.015668,8,0,8,linear_decay,10,1,2,0,0.000000,0,same_bs
1003,online_dqn,10,2,15,21,0,0,0,0.284685,0.426553,0.434913,0.000000,-1.289653,-3.201848,-2.707334,0,38,25,17,99.666700,79.666700,62.333300,0.269011,0.332006,0.225169,0.008360,0.013214,0.009739,0.000000,0.434913,0.434913,0.000000,0.284685,0.269011,-0.015674,8,0,8,linear_decay,10,1,2,0,0.000000,0,same_bs
1003,online_dqn,10,2,16,6,0,0,0,0.284686,0.426553,0.434913,0.000000,-1.289648,-3.201844,-2.707340,0,38,25,17,99.666700,79.666700,62.333300,0.269011,0.332006,0.225169,0.008360,0.013214,0.009739,0.000000,0.434913,0.434913,0.000000,0.284686,0.269011,-0.015675,8,0,8,linear_decay,10,1,2,0,0.000000,0,same_bs
1003,online_dqn,10,2,17,7,0,0,0,0.284700,0.426553,0.434913,0.000000,-1.289593,-3.201812,-2.707403,0,38,25,17,99.666700,79.666700,62.333300,0.269011,0.332006,0.225169,0.008360,0.013214,0.009739,0.000000,0.434913,0.434913,0.000000,0.284700,0.269011,-0.015690,8,0,8,linear_decay,10,1,2,0,0.000000,0,same_bs
1003,online_dqn,10,2,18,55,1,1,1,0.338384,0.426553,0.434913,0.000000,-1.173239,0.499314,-3.220075,0,38,25,17,99.666700,79.666700,62.333300,0.262750,0.346273,0.225169,0.002628,0.008360,0.004403,0.000000,0.434913,0.434913,0.000000,0.338384,0.346273,0.007889,8,0,8,linear_decay,10,1,2,0,0.000000,0,same_bs
1003,online_dqn,10,2,19,57,1,1,1,0.338534,0.426553,0.434913,0.000000,-1.173169,0.499750,-3.220327,0,38,25,17,99.666700,79.666700,62.333300,0.262750,0.346251,0.225169,0.002628,0.008360,0.004403,0.000000,0.434913,0.434913,0.000000,0.338534,0.346251,0.007718,8,0,8,linear_decay,10,1,2,0,0.000000,0,same_bs
1003,online_dqn,10,2,20,43,1,1,1,0.338792,0.426553,0.434913,0.000000,-1.173049,0.500503,-3.220762,0,38,25,17,99.666700,79.666700,62.333300,0.262750,0.346214,0.225169,0.002629,0.008360,0.004404,0.000000,0.434913,0.434913,0.000000,0.338792,0.346214,0.007423,8,0,8,linear_decay,10,1,2,0,0.000000,0,same_bs
1003,online_dqn,10,2,21,38,1,1,1,0.338938,0.426553,0.434913,0.000000,-1.172979,0.500930,-3.221009,0,38,25,17,99.666700,79.666700,62.333300,0.262750,0.346193,0.225169,0.002629,0.008360,0.004404,0.000000,0.434913,0.434913,0.000000,0.338938,0.346193,0.007256,8,0,8,linear_decay,10,1,2,0,0.000000,0,same_bs
1003,online_dqn,10,2,22,26,1,1,1,0.346852,0.426553,0.434913,0.000000,-1.169271,0.524043,-3.234362,0,38,25,17,99.666700,79.666700,62.333300,0.262750,0.345063,0.225169,0.002650,0.008360,0.004426,0.000000,0.434913,0.434913,0.000000,0.346852,0.345063,-0.001789,8,0,8,linear_decay,10,1,2,0,0.000000,0,same_bs
1003,online_dqn,10,2,23,25,1,1,1,0.346998,0.426553,0.434913,0.000000,-1.169203,0.524470,-3.234609,0,38,25,17,99.666700,79.666700,62.333300,0.262750,0.345042,0.225169,0.002651,0.008360,0.004426,0.000000,0.434913,0.434913,0.000000,0.346998,0.345042,-0.001956,8,0,8,linear_decay,10,1,2,0,0.000000,0,same_bs
1003,online_dqn,10,2,24,31,1,1,1,0.356830,0.426553,0.434913,0.000000,-1.164595,0.553185,-3.251197,0,38,25,17,99.666700,79.666700,62.333300,0.262750,0.343637,0.225169,0.002677,0.008360,0.004452,0.000000,0.434913,0.434913,0.000000,0.356830,0.343637,-0.013193,8,0,8,linear_decay,10,1,2,0,0.000000,0,same_bs
1003,online_dqn,10,2,25,8,1,1,1,0.356965,0.426553,0.434913,0.000000,-1.164530,0.553579,-3.251426,0,38,25,17,99.666700,79.666700,62.333300,0.262750,0.343618,0.225169,0.002677,0.008360,0.004453,0.000000,0.434913,0.434913,0.000000,0.356965,0.343618,-0.013347,8,0,8,linear_decay,10,1,2,0,0.000000,0,same_bs
1003,online_dqn,10,2,26,60,0,0,2,0.401338,0.426553,0.440508,2.832302,-3.402171,-4.303110,-0.569870,0,38,25,17,99.666700,79.666700,62.333300,0.401338,0.502092,0.641712,0.008360,0.012954,0.013955,0.005595,0.434913,0.440508,0.005595,0.401338,0.641712,0.240374,8,0,8,linear_decay,10,1,2,0,0.000000,1,
1003,online_dqn,10,2,27,24,0,0,2,0.401338,0.426553,0.446249,2.705474,-3.202627,-4.520195,-0.497154,0,37,25,18,99.666700,79.666700,62.333300,0.401338,0.502092,0.641712,0.013955,0.018669,0.019695,0.005741,0.440508,0.446249,0.005741,0.401338,0.641712,0.240374,8,1,7,linear_decay,10,1,2,0,0.000000,1,
1003,online_dqn,10,2,28,56,0,0,2,0.401338,0.426553,0.452141,2.567803,-3.012634,-4.699568,-0.444830,0,36,25,19,99.666700,79.666700,62.333300,0.401338,0.502092,0.641712,0.019695,0.024534,0.025588,0.005892,0.446249,0.452141,0.005892,0.401338,0.641712,0.240374,8,2,6,linear_decay,10,1,2,0,0.000000,1,
1003,online_dqn,10,2,29,48,0,0,0,1.003344,0.426553,0.452141,0.000000,-0.997817,-2.892656,-2.917337,1,35,25,20,99.666700,79.666700,62.333300,1.003344,1.255230,1.604279,0.025588,0.029774,0.030173,0.000000,0.452141,0.452141,0.000000,1.003344,1.003344,0.000000,8,3,5,linear_decay,10,1,2,0,0.000000,0,same_bs
1003,online_dqn,10,2,30,62,0,0,0,1.003344,0.426553,0.452141,0.000000,-0.997817,-2.892656,-2.917337,1,35,25,20,99.666700,79.666700,62.333300,1.003344,1.255230,1.604279,0.025588,0.029774,0.030173,0.000000,0.452141,0.452141,0.000000,1.003344,1.003344,0.000000,8,3,5,linear_decay,10,1,2,0,0.000000,0,same_bs
1003,online_dqn,10,2,31,5,0,0,0,1.003344,0.426553,0.452141,0.000000,-0.997817,-2.892656,-2.917337,1,35,25,20,99.666700,79.666700,62.333300,1.003344,1.255230,1.604279,0.025588,0.029774,0.030173,0.000000,0.452141,0.452141,0.000000,1.003344,1.003344,0.000000,8,3,5,linear_decay,10,1,2,0,0.000000,0,same_bs
1003,online_dqn,10,2,32,69,0,0,0,1.168416,0.426553,0.452141,0.000000,1.555073,-1.627763,-5.710135,1,35,25,20,99.666700,79.666700,62.333300,1.253251,1.102224,1.063201,0.025588,0.028911,0.028773,0.000000,0.452141,0.452141,0.000000,1.168416,1.253251,0.084835,8,3,5,linear_decay,10,1,2,0,0.000000,0,same_bs
1003,online_dqn,10,2,33,68,0,0,0,1.168008,0.426553,0.452141,0.000000,1.554711,-1.627904,-5.709556,1,35,25,20,99.666700,79.666700,62.333300,1.253314,1.102224,1.063201,0.025588,0.028911,0.028773,0.000000,0.452141,0.452141,0.000000,1.168008,1.253314,0.085306,8,3,5,linear_decay,10,1,2,0,0.000000,0,same_bs
1003,online_dqn,10,2,34,44,0,0,0,1.166652,0.426553,0.452141,0.000000,1.553503,-1.628369,-5.707629,1,35,25,20,99.666700,79.666700,62.333300,1.253524,1.102224,1.063201,0.025588,0.028911,0.028772,0.000000,0.452141,0.452141,0.000000,1.166652,1.253524,0.086872,8,3,5,linear_decay,10,1,2,0,0.000000,0,same_bs
1003,online_dqn,10,2,35,75,0,0,0,1.161980,0.426553,0.452141,0.000000,1.549344,-1.629976,-5.700989,1,35,25,20,99.666700,79.666700,62.333300,1.254249,1.102224,1.063201,0.025588,0.028909,0.028771,0.000000,0.452141,0.452141,0.000000,1.161980,1.254249,0.092270,8,3,5,linear_decay,10,1,2,0,0.000000,0,same_bs
1003,online_dqn,10,2,36,54,0,0,0,1.161819,0.426553,0.452141,0.000000,1.549201,-1.630032,-5.700760,1,35,25,20,99.666700,79.666700,62.333300,1.254274,1.102224,1.063201,0.025588,0.028909,0.028771,0.000000,0.452141,0.452141,0.000000,1.161819,1.254274,0.092455,8,3,5,linear_decay,10,1,2,0,0.000000,0,same_bs
1003,online_dqn,10,2,37,14,0,0,0,1.161812,0.426553,0.452141,0.000000,1.549195,-1.630035,-5.700750,1,35,25,20,99.666700,79.666700,62.333300,1.254275,1.102224,1.063201,0.025588,0.028909,0.028771,0.000000,0.452141,0.452141,0.000000,1.161812,1.254275,0.092463,8,3,5,linear_decay,10,1,2,0,0.000000,0,same_bs
1003,online_dqn,10,2,38,74,0,0,0,1.139391,0.426553,0.452141,0.000000,1.529237,-1.637746,-5.668886,1,35,25,20,99.666700,79.666700,62.333300,1.257753,1.102224,1.063201,0.025588,0.028904,0.028766,0.000000,0.452141,0.452141,0.000000,1.139391,1.257753,0.118361,8,3,5,linear_decay,10,1,2,0,0.000000,0,same_bs
1003,online_dqn,10,2,39,34,0,0,0,1.120508,0.426553,0.452141,0.000000,1.512429,-1.644242,-5.642049,1,35,25,20,99.666700,79.666700,62.333300,1.260681,1.102224,1.063201,0.025588,0.028899,0.028761,0.000000,0.452141,0.452141,0.000000,1.120508,1.260681,0.140173,8,3,5,linear_decay,10,1,2,0,0.000000,0,same_bs
1003,online_dqn,10,3,0,51,0,0,0,0.139619,0.449298,0.458295,0.000000,-0.560070,-3.906063,-2.668426,0,35,25,20,100.500000,78.333300,61.666700,0.289799,0.333052,0.271885,0.008997,0.014003,0.012905,0.000000,0.458295,0.458295,0.000000,0.139619,0.289799,0.150180,6,0,6,linear_decay,10,1,2,0,0.000000,0,same_bs
1003,online_dqn,10,3,1,3,0,0,0,0.210111,0.449298,0.458295,0.000000,-0.271216,-3.753296,-2.986517,0,35,25,20,100.500000,78.333300,61.666700,0.286734,0.333052,0.271885,0.008997,0.014099,0.013001,0.000000,0.458295,0.458295,0.000000,0.210111,0.286734,0.076623,6,0,6,linear_decay,10,1,2,0,0.000000,0,same_bs
1003,online_dqn,10,3,2,17,2,2,0,0.282504,0.449298,0.452812,2.018545,0.164830,-1.358605,-1.853715,0,35,25,20,100.500000,78.333300,61.666700,0.275665,0.333052,0.286471,0.003514,0.009123,0.008997,-0.005483,0.458295,0.452812,-0.005483,0.282504,0.275665,-0.006839,6,0,6,linear_decay,10,1,2,0,0.000000,0,safety_h_delta
1003,online_dqn,10,3,3,20,2,2,0,0.282641,0.449298,0.452813,2.018232,0.164744,-1.358783,-1.853488,0,35,25,20,100.500000,78.333300,61.666700,0.275665,0.333052,0.286425,0.003515,0.009124,0.008997,-0.005481,0.458295,0.452813,-0.005481,0.282641,0.275665,-0.006976,6,0,6,linear_decay,10,1,2,0,0.000000,0,safety_h_delta
1003,online_dqn,10,3,4,19,2,2,0,0.282654,0.449298,0.452814,2.018201,0.164735,-1.358800,-1.853466,0,35,25,20,100.500000,78.333300,61.666700,0.275665,0.333052,0.286421,0.003516,0.009124,0.008997,-0.005481,0.458295,0.452814,-0.005481,0.282654,0.275665,-0.006989,6,0,6,linear_decay,10,1,2,0,0.000000,0,safety_h_delta
1003,online_dqn,10,3,5,41,0,0,0,0.291517,0.449298,0.458295,0.000000,0.062365,-3.576873,-3.353861,0,35,25,20,100.500000,78.333300,61.666700,0.283194,0.333052,0.271885,0.008997,0.014212,0.013114,0.000000,0.458295,0.458295,0.000000,0.291517,0.283194,-0.008323,6,0,6,linear_decay,10,1,2,0,0.000000,0,same_bs
1003,online_dqn,10,3,6,50,0,0,0,0.291518,0.449298,0.458295,0.000000,0.062368,-3.576873,-3.353864,0,35,25,20,100.500000,78.333300,61.666700,0.283194,0.333052,0.271885,0.008997,0.014212,0.013114,0.000000,0.458295,0.458295,0.000000,0.291518,0.283194,-0.008323,6,0,6,linear_decay,10,1,2,0,0.000000,0,same_bs
1003,online_dqn,10,3,7,58,0,0,0,0.291519,0.449298,0.458295,0.000000,0.062374,-3.576869,-3.353871,0,35,25,20,100.500000,78.333300,61.666700,0.283194,0.333052,0.271885,0.008997,0.014212,0.013114,0.000000,0.458295,0.458295,0.000000,0.291519,0.283194,-0.008325,6,0,6,linear_decay,10,1,2,0,0.000000,0,same_bs
1003,online_dqn,10,3,8,59,0,0,0,0.291529,0.449298,0.458295,0.000000,0.062413,-3.576848,-3.353914,0,35,25,20,100.500000,78.333300,61.666700,0.283194,0.333052,0.271885,0.008997,0.014212,0.013114,0.000000,0.458295,0.458295,0.000000,0.291529,0.283194,-0.008335,6,0,6,linear_decay,10,1,2,0,0.000000,0,same_bs
1003,online_dqn,10,3,9,6,0,0,0,0.292072,0.449298,0.458295,0.000000,0.064638,-3.575672,-3.356364,0,35,25,20,100.500000,78.333300,61.666700,0.283170,0.333052,0.271885,0.008997,0.014213,0.013115,0.000000,0.458295,0.458295,0.000000,0.292072,0.283170,-0.008901,6,0,6,linear_decay,10,1,2,0,0.000000,0,same_bs
1003,online_dqn,10,3,10,7,0,0,0,0.292357,0.449298,0.458295,0.000000,0.065807,-3.575055,-3.357651,0,35,25,20,100.500000,78.333300,61.666700,0.283158,0.333052,0.271885,0.008997,0.014214,0.013115,0.000000,0.458295,0.458295,0.000000,0.292357,0.283158,-0.009199,6,0,6,linear_decay,10,1,2,0,0.000000,0,same_bs
1003,online_dqn,10,3,11,4,2,2,0,0.294117,0.449298,0.452929,1.991748,0.157420,-1.373707,-1.834328,0,35,25,20,100.500000,78.333300,61.666700,0.275665,0.333052,0.282600,0.003631,0.009242,0.008997,-0.005366,0.458295,0.452929,-0.005366,0.294117,0.275665,-0.018452,6,0,6,linear_decay,10,1,2,0,0.000000,0,safety_h_delta
1003,online_dqn,10,3,12,61,0,0,0,0.295215,0.449298,0.458295,0.000000,0.077516,-3.568861,-3.370547,0,35,25,20,100.500000,78.333300,61.666700,0.283034,0.333052,0.271885,0.008997,0.014218,0.013119,0.000000,0.458295,0.458295,0.000000,0.295215,0.283034,-0.012181,6,0,6,linear_decay,10,1,2,0,0.000000,0,same_bs
1003,online_dqn,10,3,13,64,0,0,0,0.295342,0.449298,0.458295,0.000000,0.078039,-3.568584,-3.371121,0,35,25,20,100.500000,78.333300,61.666700,0.283028,0.333052,0.271885,0.008997,0.014218,0.013120,0.000000,0.458295,0.458295,0.000000,0.295342,0.283028,-0.012314,6,0,6,linear_decay,10,1,2,0,0.000000,0,same_bs
1003,online_dqn,10,3,14,80,0,0,0,0.295352,0.449298,0.458295,0.000000,0.078081,-3.568563,-3.371166,0,35,25,20,100.500000,78.333300,61.666700,0.283028,0.333052,0.271885,0.008997,0.014218,0.013120,0.000000,0.458295,0.458295,0.000000,0.295352,0.283028,-0.012324,6,0,6,linear_decay,10,1,2,0,0.000000,0,same_bs
1003,online_dqn,10,3,15,76,0,0,0,0.295352,0.449298,0.458295,0.000000,0.078081,-3.568563,-3.371166,0,35,25,20,100.500000,78.333300,61.666700,0.283028,0.333052,0.271885,0.008997,0.014218,0.013120,0.000000,0.458295,0.458295,0.000000,0.295352,0.283028,-0.012324,6,0,6,linear_decay,10,1,2,0,0.000000,0,same_bs
1003,online_dqn,10,3,16,21,0,0,0,0.306003,0.449298,0.458295,0.000000,0.121725,-3.545480,-3.419229,0,35,25,20,100.500000,78.333300,61.666700,0.282565,0.333052,0.271885,0.008997,0.014233,0.013135,0.000000,0.458295,0.458295,0.000000,0.306003,0.282565,-0.023439,6,0,6,linear_decay,10,1,2,0,0.000000,0,same_bs
1003,online_dqn,10,3,17,16,0,0,0,0.306004,0.449298,0.458295,0.000000,0.121726,-3.545479,-3.419230,0,35,25,20,100.500000,78.333300,61.666700,0.282565,0.333052,0.271885,0.008997,0.014233,0.013135,0.000000,0.458295,0.458295,0.000000,0.306004,0.282565,-0.023439,6,0,6,linear_decay,10,1,2,0,0.000000,0,same_bs
1003,online_dqn,10,3,18,57,1,1,1,0.339211,0.449298,0.458295,0.000000,-0.904211,1.038231,-3.524137,0,35,25,20,100.500000,78.333300,61.666700,0.275665,0.347398,0.271885,0.002779,0.008997,0.007299,0.000000,0.458295,0.458295,0.000000,0.339211,0.347398,0.008187,6,0,6,linear_decay,10,1,2,0,0.000000,0,same_bs
1003,online_dqn,10,3,19,43,1,1,1,0.339332,0.449298,0.458295,0.000000,-0.904177,1.038515,-3.524282,0,35,25,20,100.500000,78.333300,61.666700,0.275665,0.347380,0.271885,0.002779,0.008997,0.007299,0.000000,0.458295,0.458295,0.000000,0.339332,0.347380,0.008048,6,0,6,linear_decay,10,1,2,0,0.000000,0,same_bs
1003,online_dqn,10,3,20,55,1,1,1,0.339472,0.449298,0.458295,0.000000,-0.904140,1.038845,-3.524447,0,35,25,20,100.500000,78.333300,61.666700,0.275665,0.347360,0.271885,0.002780,0.008997,0.007300,0.000000,0.458295,0.458295,0.000000,0.339472,0.347360,0.007889,6,0,6,linear_decay,10,1,2,0,0.000000,0,same_bs
1003,online_dqn,10,3,21,38,1,1,1,0.339616,0.449298,0.458295,0.000000,-0.904100,1.039185,-3.524618,0,35,25,20,100.500000,78.333300,61.666700,0.275665,0.347340,0.271885,0.002780,0.008997,0.007300,0.000000,0.458295,0.458295,0.000000,0.339616,0.347340,0.007724,6,0,6,linear_decay,10,1,2,0,0.000000,0,same_bs
1003,online_dqn,10,3,22,31,1,1,1,0.347945,0.449298,0.458295,0.000000,-0.905252,1.056466,-3.532922,0,35,25,20,100.500000,78.333300,61.666700,0.275665,0.346150,0.271885,0.002805,0.008997,0.007325,0.000000,0.458295,0.458295,0.000000,0.347945,0.346150,-0.001794,6,0,6,linear_decay,10,1,2,0,0.000000,0,same_bs
1003,online_dqn,10,3,23,8,1,1,1,0.348484,0.449298,0.458295,0.000000,-0.905697,1.057333,-3.533290,0,35,25,20,100.500000,78.333300,61.666700,0.275665,0.346073,0.271885,0.002806,0.008997,0.007326,0.000000,0.458295,0.458295,0.000000,0.348484,0.346073,-0.002411,6,0,6,linear_decay,10,1,2,0,0.000000,0,same_bs
1003,online_dqn,10,3,24,26,1,1,1,0.357919,0.449298,0.458295,0.000000,-0.913477,1.072488,-3.539726,0,35,25,20,100.500000,78.333300,61.666700,0.275665,0.344725,0.271885,0.002834,0.008997,0.007355,0.000000,0.458295,0.458295,0.000000,0.357919,0.344725,-0.013194,6,0,6,linear_decay,10,1,2,0,0.000000,0,same_bs
1003,online_dqn,10,3,25,25,1,1,1,0.359016,0.449298,0.458295,0.000000,-0.914380,1.074250,-3.540475,0,35,25,20,100.500000,78.333300,61.666700,0.275665,0.344568,0.271885,0.002837,0.008997,0.007358,0.000000,0.458295,0.458295,0.000000,0.359016,0.344568,-0.014448,6,0,6,linear_decay,10,1,2,0,0.000000,0,same_bs
1003,online_dqn,10,3,26,69,0,0,0,1.125519,0.449298,0.458295,0.000000,1.786539,-1.561652,-6.194748,1,35,25,20,100.500000,78.333300,61.666700,1.041690,1.096901,1.074116,0.008997,0.013122,0.013782,0.000000,0.458295,0.458295,0.000000,1.125519,1.041690,-0.083829,6,0,6,linear_decay,10,1,2,0,0.000000,0,same_bs
1003,online_dqn,10,3,27,75,0,0,0,1.110900,0.449298,0.458295,0.000000,1.773152,-1.566356,-6.173505,1,35,25,20,100.500000,78.333300,61.666700,1.043779,1.096901,1.074116,0.008997,0.013117,0.013777,0.000000,0.458295,0.458295,0.000000,1.110900,1.043779,-0.067121,6,0,6,linear_decay,10,1,2,0,0.000000,0,same_bs
1003,online_dqn,10,3,28,44,0,0,0,1.107643,0.449298,0.458295,0.000000,1.770168,-1.567402,-6.168773,1,35,25,20,100.500000,78.333300,61.666700,1.044244,1.096901,1.074116,0.008997,0.013116,0.013775,0.000000,0.458295,0.458295,0.000000,1.107643,1.044244,-0.063399,6,0,6,linear_decay,10,1,2,0,0.000000,0,same_bs
1003,online_dqn,10,3,29,74,0,0,0,1.096360,0.449298,0.458295,0.000000,1.759836,-1.571034,-6.152377,1,35,25,20,100.500000,78.333300,61.666700,1.045856,1.096901,1.074116,0.008997,0.013112,0.013772,0.000000,0.458295,0.458295,0.000000,1.096360,1.045856,-0.050504,6,0,6,linear_decay,10,1,2,0,0.000000,0,same_bs
1003,online_dqn,10,3,30,68,0,0,0,1.035327,0.449298,0.458295,0.000000,1.703941,-1.590669,-6.063691,1,35,25,20,100.500000,78.333300,61.666700,1.054575,1.096901,1.074116,0.008997,0.013092,0.013751,0.000000,0.458295,0.458295,0.000000,1.035327,1.054575,0.019247,6,0,6,linear_decay,10,1,2,0,0.000000,0,same_bs
1003,online_dqn,10,3,31,34,0,0,0,1.032780,0.449298,0.458295,0.000000,1.701609,-1.591490,-6.059988,1,35,25,20,100.500000,78.333300,61.666700,1.054939,1.096901,1.074116,0.008997,0.013091,0.013750,0.000000,0.458295,0.458295,0.000000,1.032780,1.054939,0.022159,6,0,6,linear_decay,10,1,2,0,0.000000,0,same_bs
1003,online_dqn,10,3,32,54,0,0,0,1.032391,0.449298,0.458295,0.000000,1.701253,-1.591614,-6.059423,1,35,25,20,100.500000,78.333300,61.666700,1.054994,1.096901,1.074116,0.008997,0.013091,0.013750,0.000000,0.458295,0.458295,0.000000,1.032391,1.054994,0.022604,6,0,6,linear_decay,10,1,2,0,0.000000,0,same_bs
1003,online_dqn,10,4,0,29,0,0,0,0.153017,0.452284,0.463343,0.000000,0.479132,-3.364011,-3.539682,0,35,25,20,100.000000,78.833300,61.500000,0.296195,0.333018,0.282615,0.011059,0.015857,0.015178,0.000000,0.463343,0.463343,0.000000,0.153017,0.296195,0.143178,4,0,4,linear_decay,10,1,2,0,0.000000,0,same_bs
1003,online_dqn,10,4,1,51,0,0,0,0.162293,0.452284,0.463343,0.000000,0.515977,-3.342190,-3.582116,0,35,25,20,100.000000,78.833300,61.500000,0.295792,0.333018,0.282615,0.011059,0.015869,0.015190,0.000000,0.463343,0.463343,0.000000,0.162293,0.295792,0.133499,4,0,4,linear_decay,10,1,2,0,0.000000,0,same_bs
1003,online_dqn,10,4,2,3,0,0,0,0.170617,0.452284,0.463343,0.000000,0.549041,-3.322607,-3.620197,0,35,25,20,100.000000,78.833300,61.500000,0.295430,0.333018,0.282615,0.011059,0.015880,0.015201,0.000000,0.463343,0.463343,0.000000,0.170617,0.295430,0.124813,4,0,4,linear_decay,10,1,2,0,0.000000,0,same_bs
1003,online_dqn,10,4,3,20,2,2,0,0.287565,0.452284,0.457631,1.157644,-0.085750,-1.333530,-1.243393,0,35,25,20,100.000000,78.833300,61.500000,0.282167,0.333018,0.299806,0.005347,0.010734,0.011059,-0.005712,0.463343,0.457631,-0.005712,0.287565,0.282167,-0.005398,4,0,4,linear_decay,10,1,2,0,0.000000,0,safety_h_delta
1003,online_dqn,10,4,4,17,2,2,0,0.287826,0.452284,0.457633,1.156578,-0.086153,-1.333742,-1.242731,0,35,25,20,100.000000,78.833300,61.500000,0.282167,0.333018,0.299719,0.005350,0.010736,0.011059,-0.005710,0.463343,0.457633,-0.005710,0.287826,0.282167,-0.005658,4,0,4,linear_decay,10,1,2,0,0.000000,0,safety_h_delta
1003,online_dqn,10,4,5,19,2,2,0,0.287975,0.452284,0.457635,1.155973,-0.086382,-1.333861,-1.242355,0,35,25,20,100.000000,78.833300,61.500000,0.282167,0.333018,0.299669,0.005351,0.010738,0.011059,-0.005708,0.463343,0.457635,-0.005708,0.287975,0.282167,-0.005808,4,0,4,linear_decay,10,1,2,0,0.000000,0,safety_h_delta
1003,online_dqn,10,4,6,41,0,0,0,0.296853,0.452284,0.463343,0.000000,0.995566,-3.078943,-4.159755,0,35,25,20,100.000000,78.833300,61.500000,0.289941,0.333018,0.282615,0.011059,0.016051,0.015371,0.000000,0.463343,0.463343,0.000000,0.296853,0.289941,-0.006911,4,0,4,linear_decay,10,1,2,0,0.000000,0,same_bs
1003,online_dqn,10,4,7,21,0,0,0,0.299441,0.452284,0.463343,0.000000,1.004522,-3.074011,-4.170823,0,35,25,20,100.000000,78.833300,61.500000,0.289829,0.333018,0.282615,0.011059,0.016054,0.015375,0.000000,0.463343,0.463343,0.000000,0.299441,0.289829,-0.009612,4,0,4,linear_decay,10,1,2,0,0.000000,0,same_bs
1003,online_dqn,10,4,8,16,0,0,0,0.299589,0.452284,0.463343,0.000000,1.005035,-3.073728,-4.171457,0,35,25,20,100.000000,78.833300,61.500000,0.289822,0.333018,0.282615,0.011059,0.016054,0.015375,0.000000,0.463343,0.463343,0.000000,0.299589,0.289822,-0.009767,4,0,4,linear_decay,10,1,2,0,0.000000,0,same_bs
1003,online_dqn,10,4,9,59,0,0,0,0.299855,0.452284,0.463343,0.000000,1.005955,-3.073220,-4.172596,0,35,25,20,100.000000,78.833300,61.500000,0.289811,0.333018,0.282615,0.011059,0.016055,0.015375,0.000000,0.463343,0.463343,0.000000,0.299855,0.289811,-0.010045,4,0,4,linear_decay,10,1,2,0,0.000000,0,same_bs
1003,online_dqn,10,4,10,50,0,0,0,0.300000,0.452284,0.463343,0.000000,1.006457,-3.072944,-4.173215,0,35,25,20,100.000000,78.833300,61.500000,0.289805,0.333018,0.282615,0.011059,0.016055,0.015375,0.000000,0.463343,0.463343,0.000000,0.300000,0.289805,-0.010195,4,0,4,linear_decay,10,1,2,0,0.000000,0,same_bs
1003,online_dqn,10,4,11,58,0,0,0,0.300001,0.452284,0.463343,0.000000,1.006459,-3.072944,-4.173218,0,35,25,20,100.000000,78.833300,61.500000,0.289804,0.333018,0.282615,0.011059,0.016055,0.015375,0.000000,0.463343,0.463343,0.000000,0.300001,0.289804,-0.010196,4,0,4,linear_decay,10,1,2,0,0.000000,0,same_bs
1003,online_dqn,10,4,12,6,0,0,0,0.302454,0.452284,0.463343,0.000000,1.014948,-3.068264,-4.183710,0,35,25,20,100.000000,78.833300,61.500000,0.289698,0.333018,0.282615,0.011059,0.016058,0.015379,0.000000,0.463343,0.463343,0.000000,0.302454,0.289698,-0.012756,4,0,4,linear_decay,10,1,2,0,0.000000,0,same_bs
1003,online_dqn,10,4,13,61,0,0,0,0.302708,0.452284,0.463343,0.000000,1.015826,-3.067781,-4.184794,0,35,25,20,100.000000,78.833300,61.500000,0.289687,0.333018,0.282615,0.011059,0.016059,0.015379,0.000000,0.463343,0.463343,0.000000,0.302708,0.289687,-0.013021,4,0,4,linear_decay,10,1,2,0,0.000000,0,same_bs
1003,online_dqn,10,4,14,7,0,0,0,0.303004,0.452284,0.463343,0.000000,1.016850,-3.067217,-4.186060,0,35,25,20,100.000000,78.833300,61.500000,0.289674,0.333018,0.282615,0.011059,0.016059,0.015379,0.000000,0.463343,0.463343,0.000000,0.303004,0.289674,-0.013330,4,0,4,linear_decay,10,1,2,0,0.000000,0,same_bs
1003,online_dqn,10,4,15,76,0,0,0,0.306821,0.452284,0.463343,0.000000,1.030059,-3.059939,-4.202385,0,35,25,20,100.000000,78.833300,61.500000,0.289508,0.333018,0.282615,0.011059,0.016064,0.015385,0.000000,0.463343,0.463343,0.000000,0.306821,0.289508,-0.017313,4,0,4,linear_decay,10,1,2,0,0.000000,0,same_bs
1003,online_dqn,10,4,16,80,0,0,0,0.306828,0.452284,0.463343,0.000000,1.030082,-3.059927,-4.202413,0,35,25,20,100.000000,78.833300,61.500000,0.289508,0.333018,0.282615,0.011059,0.016064,0.015385,0.000000,0.463343,0.463343,0.000000,0.306828,0.289508,-0.017320,4,0,4,linear_decay,10,1,2,0,0.000000,0,same_bs
1003,online_dqn,10,4,17,64,0,0,0,0.307227,0.452284,0.463343,0.000000,1.031464,-3.059165,-4.204121,0,35,25,20,100.000000,78.833300,61.500000,0.289490,0.333018,0.282615,0.011059,0.016065,0.015385,0.000000,0.463343,0.463343,0.000000,0.307227,0.289490,-0.017737,4,0,4,linear_decay,10,1,2,0,0.000000,0,same_bs
1003,online_dqn,10,4,18,10,0,0,0,0.316540,0.452284,0.463343,0.000000,1.063684,-3.041410,-4.243943,0,35,25,20,100.000000,78.833300,61.500000,0.289085,0.333018,0.282615,0.011059,0.016078,0.015398,0.000000,0.463343,0.463343,0.000000,0.316540,0.289085,-0.027454,4,0,4,linear_decay,10,1,2,0,0.000000,0,same_bs
1003,online_dqn,10,4,19,36,0,0,0,0.317071,0.452284,0.463343,0.000000,1.065524,-3.040398,-4.246218,0,35,25,20,100.000000,78.833300,61.500000,0.289062,0.333018,0.282615,0.011059,0.016079,0.015399,0.000000,0.463343,0.463343,0.000000,0.317071,0.289062,-0.028009,4,0,4,linear_decay,10,1,2,0,0.000000,0,same_bs
1003,online_dqn,10,4,20,45,0,0,0,0.317078,0.452284,0.463343,0.000000,1.065547,-3.040384,-4.246245,0,35,25,20,100.000000,78.833300,61.500000,0.289062,0.333018,0.282615,0.011059,0.016079,0.015399,0.000000,0.463343,0.463343,0.000000,0.317078,0.289062,-0.028016,4,0,4,linear_decay,10,1,2,0,0.000000,0,same_bs
1003,online_dqn,10,4,21,27,0,0,0,0.317212,0.452284,0.463343,0.000000,1.066010,-3.040129,-4.246818,0,35,25,20,100.000000,78.833300,61.500000,0.289056,0.333018,0.282615,0.011059,0.016079,0.015399,0.000000,0.463343,0.463343,0.000000,0.317212,0.289056,-0.028156,4,0,4,linear_decay,10,1,2,0,0.000000,0,same_bs
1003,online_dqn,10,4,22,78,0,0,0,0.317218,0.452284,0.463343,0.000000,1.066031,-3.040115,-4.246846,0,35,25,20,100.000000,78.833300,61.500000,0.289056,0.333018,0.282615,0.011059,0.016079,0.015399,0.000000,0.463343,0.463343,0.000000,0.317218,0.289056,-0.028163,4,0,4,linear_decay,10,1,2,0,0.000000,0,same_bs
1003,online_dqn,10,4,23,49,0,0,0,0.317220,0.452284,0.463343,0.000000,1.066037,-3.040114,-4.246852,0,35,25,20,100.000000,78.833300,61.500000,0.289056,0.333018,0.282615,0.011059,0.016079,0.015399,0.000000,0.463343,0.463343,0.000000,0.317220,0.289056,-0.028164,4,0,4,linear_decay,10,1,2,0,0.000000,0,same_bs
1003,online_dqn,10,4,24,22,0,0,0,0.317352,0.452284,0.463343,0.000000,1.066493,-3.039862,-4.247416,0,35,25,20,100.000000,78.833300,61.500000,0.289050,0.333018,0.282615,0.011059,0.016079,0.015399,0.000000,0.463343,0.463343,0.000000,0.317352,0.289050,-0.028301,4,0,4,linear_decay,10,1,2,0,0.000000,0,same_bs
1003,online_dqn,10,4,25,37,0,0,0,0.317482,0.452284,0.463343,0.000000,1.066945,-3.039613,-4.247975,0,35,25,20,100.000000,78.833300,61.500000,0.289044,0.333018,0.282615,0.011059,0.016079,0.015399,0.000000,0.463343,0.463343,0.000000,0.317482,0.289044,-0.028438,4,0,4,linear_decay,10,1,2,0,0.000000,0,same_bs
1003,online_dqn,10,4,26,30,0,0,0,0.317624,0.452284,0.463343,0.000000,1.067436,-3.039342,-4.248582,0,35,25,20,100.000000,78.833300,61.500000,0.289038,0.333018,0.282615,0.011059,0.016079,0.015400,0.000000,0.463343,0.463343,0.000000,0.317624,0.289038,-0.028586,4,0,4,linear_decay,10,1,2,0,0.000000,0,same_bs
1003,online_dqn,10,4,27,4,2,2,0,0.323617,0.452284,0.457977,1.010580,-0.141415,-1.362654,-1.151996,0,35,25,20,100.000000,78.833300,61.500000,0.282167,0.333018,0.287789,0.005694,0.011089,0.011059,-0.005365,0.463343,0.457977,-0.005365,0.323617,0.282167,-0.041449,4,0,4,linear_decay,10,1,2,0,0.000000,0,safety_h_delta
1003,online_dqn,10,4,28,38,1,1,1,0.334559,0.452284,0.463343,0.000000,-1.031781,1.665260,-3.455885,0,35,25,20,100.000000,78.833300,61.500000,0.282167,0.348022,0.282615,0.005026,0.011059,0.009741,0.000000,0.463343,0.463343,0.000000,0.334559,0.348022,0.013463,4,0,4,linear_decay,10,1,2,0,0.000000,0,same_bs
1003,online_dqn,10,4,29,55,1,1,1,0.339746,0.452284,0.463343,0.000000,-1.035825,1.674573,-3.459474,0,35,25,20,100.000000,78.833300,61.500000,0.282167,0.347281,0.282615,0.005041,0.011059,0.009757,0.000000,0.463343,0.463343,0.000000,0.339746,0.347281,0.007535,4,0,4,linear_decay,10,1,2,0,0.000000,0,same_bs
1003,online_dqn,10,4,30,43,1,1,1,0.340026,0.452284,0.463343,0.000000,-1.036044,1.675074,-3.459667,0,35,25,20,100.000000,78.833300,61.500000,0.282167,0.347241,0.282615,0.005042,0.011059,0.009758,0.000000,0.463343,0.463343,0.000000,0.340026,0.347241,0.007215,4,0,4,linear_decay,10,1,2,0,0.000000,0,same_bs
1003,online_dqn,10,4,31,57,1,1,1,0.340294,0.452284,0.463343,0.000000,-1.036253,1.675557,-3.459853,0,35,25,20,100.000000,78.833300,61.500000,0.282167,0.347203,0.282615,0.005043,0.011059,0.009758,0.000000,0.463343,0.463343,0.000000,0.340294,0.347203,0.006908,4,0,4,linear_decay,10,1,2,0,0.000000,0,same_bs
1003,online_dqn,10,4,32,25,1,1,1,0.344115,0.452284,0.463343,0.000000,-1.039233,1.682417,-3.462498,0,35,25,20,100.000000,78.833300,61.500000,0.282167,0.346657,0.282615,0.005054,0.011059,0.009770,0.000000,0.463343,0.463343,0.000000,0.344115,0.346657,0.002541,4,0,4,linear_decay,10,1,2,0,0.000000,0,same_bs
1003,online_dqn,10,4,33,26,1,1,1,0.357229,0.452284,0.463343,0.000000,-1.049461,1.705961,-3.471572,0,35,25,20,100.000000,78.833300,61.500000,0.282167,0.344783,0.282615,0.005093,0.011059,0.009810,0.000000,0.463343,0.463343,0.000000,0.357229,0.344783,-0.012445,4,0,4,linear_decay,10,1,2,0,0.000000,0,same_bs
1003,online_dqn,10,4,34,8,1,1,1,0.357233,0.452284,0.463343,0.000000,-1.049465,1.705969,-3.471575,0,35,25,20,100.000000,78.833300,61.500000,0.282167,0.344783,0.282615,0.005093,0.011059,0.009810,0.000000,0.463343,0.463343,0.000000,0.357233,0.344783,-0.012450,4,0,4,linear_decay,10,1,2,0,0.000000,0,same_bs
1003,online_dqn,10,4,35,31,1,1,1,0.357511,0.452284,0.463343,0.000000,-1.049680,1.706468,-3.471767,0,35,25,20,100.000000,78.833300,61.500000,0.282167,0.344743,0.282615,0.005094,0.011059,0.009811,0.000000,0.463343,0.463343,0.000000,0.357511,0.344743,-0.012767,4,0,4,linear_decay,10,1,2,0,0.000000,0,same_bs
1003,online_dqn,10,4,36,62,0,0,0,1.000000,0.452284,0.463343,0.000000,0.530947,-2.205528,-4.387897,1,35,25,20,100.000000,78.833300,61.500000,1.000000,1.268499,1.626016,0.011059,0.015678,0.016943,0.000000,0.463343,0.463343,0.000000,1.000000,1.000000,0.000000,4,0,4,linear_decay,10,1,2,0,0.000000,0,same_bs
1003,online_dqn,10,4,37,48,0,0,0,1.000000,0.452284,0.463343,0.000000,0.530947,-2.205528,-4.387897,1,35,25,20,100.000000,78.833300,61.500000,1.000000,1.268499,1.626016,0.011059,0.015678,0.016943,0.000000,0.463343,0.463343,0.000000,1.000000,1.000000,0.000000,4,0,4,linear_decay,10,1,2,0,0.000000,0,same_bs
1003,online_dqn,10,4,38,5,0,0,0,1.000000,0.452284,0.463343,0.000000,0.530947,-2.205528,-4.387897,1,35,25,20,100.000000,78.833300,61.500000,1.000000,1.268499,1.626016,0.011059,0.015678,0.016943,0.000000,0.463343,0.463343,0.000000,1.000000,1.000000,0.000000,4,0,4,linear_decay,10,1,2,0,0.000000,0,same_bs
1003,online_dqn,10,4,39,75,0,0,0,1.168248,0.452284,0.463343,0.000000,2.549155,-1.503370,-6.730661,1,35,25,20,100.000000,78.833300,61.500000,0.973967,1.096417,1.036135,0.011059,0.015333,0.015974,0.000000,0.463343,0.463343,0.000000,1.168248,0.973967,-0.194281,4,0,4,linear_decay,10,1,2,0,0.000000,0,same_bs
1003,online_dqn,10,4,40,54,0,0,0,1.157243,0.452284,0.463343,0.000000,2.539860,-1.507908,-6.714808,1,35,25,20,100.000000,78.833300,61.500000,0.975539,1.096417,1.036135,0.011059,0.015328,0.015969,0.000000,0.463343,0.463343,0.000000,1.157243,0.975539,-0.181704,4,0,4,linear_decay,10,1,2,0,0.000000,0,same_bs
1003,online_dqn,10,4,41,69,0,0,0,1.140026,0.452284,0.463343,0.000000,2.525316,-1.515005,-6.690004,1,35,25,20,100.000000,78.833300,61.500000,0.977999,1.096417,1.036135,0.011059,0.015321,0.015962,0.000000,0.463343,0.463343,0.000000,1.140026,0.977999,-0.162027,4,0,4,linear_decay,10,1,2,0,0.000000,0,same_bs
1003,online_dqn,10,4,42,68,0,0,0,1.054221,0.452284,0.463343,0.000000,2.452836,-1.550380,-6.566391,1,35,25,20,100.000000,78.833300,61.500000,0.990257,1.096417,1.036135,0.011059,0.015288,0.015929,0.000000,0.463343,0.463343,0.000000,1.054221,0.990257,-0.063965,4,0,4,linear_decay,10,1,2,0,0.000000,0,same_bs
1003,online_dqn,10,4,43,74,0,0,0,1.035348,0.452284,0.463343,0.000000,2.436895,-1.558161,-6.539202,1,35,25,20,100.000000,78.833300,61.500000,0.992953,1.096417,1.036135,0.011059,0.015281,0.015922,0.000000,0.463343,0.463343,0.000000,1.035348,0.992953,-0.042396,4,0,4,linear_decay,10,1,2,0,0.000000,0,same_bs
