condition,cycle_id,direction,observed_end_sec,complete_cycle,mean_queue_packets,max_queue_packets,mean_qdisc_bytes,device_drop_delta,qdisc_drop_delta
constant,1,ap_to_router,13.5,True,0.0,0.0,0.0,0,0
constant,1,router_to_ap,13.5,True,286.9894736842105,300.0,1334969.2736842106,0,6947
constant,2,ap_to_router,23,True,0.0,0.0,0.0,0,0
constant,2,router_to_ap,23,True,272.58947368421053,300.0,1253511.1263157895,0,6440
constant,3,ap_to_router,32.5,True,0.0,0.0,0.0,0,0
constant,3,router_to_ap,32.5,True,270.90526315789475,300.0,1149947.105263158,0,6309
constant,4,ap_to_router,42,True,0.0,0.0,0.0,0,0
constant,4,router_to_ap,42,True,270.2105263157895,300.0,1229712.9473684211,0,6575
constant,5,ap_to_router,45,False,0.0,0.0,0.0,0,0
constant,5,router_to_ap,45,False,275.741935483871,300.0,1141708.0,0,2705
variable,1,ap_to_router,13.5,True,0.0,0.0,0.0,0,0
variable,1,router_to_ap,13.5,True,286.9894736842105,300.0,1334969.2736842106,0,6947
variable,2,ap_to_router,23,True,0.0,0.0,0.0,0,0
variable,2,router_to_ap,23,True,293.6842105263158,300.0,6157429.389473684,0,21717
variable,3,ap_to_router,32.5,True,0.0,0.0,0.0,0,0
variable,3,router_to_ap,32.5,True,300.0,300.0,3450793.7684210525,0,27480
variable,4,ap_to_router,42,True,0.0,0.0,0.0,0,0
variable,4,router_to_ap,42,True,267.8421052631579,300.0,1476366.1263157895,0,9650
variable,5,ap_to_router,51.5,True,0.0,0.0,0.0,0,0
variable,5,router_to_ap,51.5,True,271.41052631578947,300.0,1139855.6736842105,0,6781
