condition,cycle_id,bs_id_0based,app_type,app,n,mean_tp_mbps,mean_rtt_ms,mean_satisfaction,harmonic_mean,min_satisfaction,max_satisfaction,unsatisfied,below_requirement,invalid
constant,1,0,0,all,21,3.010605095238095,95.1667,0.8305926666666666,0.7289034795640991,0.420315,1.17021,4,12,0
constant,1,0,1,browser,5,3.5089856,95.1667,1.1696618,1.1696616277145286,1.169205,1.17021,0,0,0
constant,1,0,2,video,8,5.709722375,95.1667,0.7137156250000001,0.7135009068073194,0.704082,0.729769,0,8,0
constant,1,0,3,voice,4,0.0,95.1667,1.050788,1.050788,1.050788,1.050788,0,0,0
constant,1,0,4,game,4,0.0,95.1667,0.420315,0.420315,0.420315,0.420315,4,4,0
constant,1,1,0,all,22,1.7137635,90.8333,0.6746043181818182,0.5912413212132925,0.440367,1.100918,8,16,0
constant,1,1,1,browser,0,,,,,,,,,
constant,1,1,2,video,8,4.7128496250000005,90.8333,0.589106375,0.5885301735822409,0.560222,0.602859,0,8,0
constant,1,1,3,voice,6,0.0,90.8333,1.100918,1.100918,1.100918,1.100918,0,0,0
constant,1,1,4,game,8,0.0,90.8333,0.440367,0.440367,0.440367,0.440367,8,8,0
constant,1,2,0,all,37,0.5099930810810811,68.0,0.4914431081081081,0.1272169724659949,0.07267,1.470588,20,29,1
constant,1,2,1,browser,5,1.5427498,68.0,0.51425,0.5140900934093022,0.500891,0.527771,0,5,0
constant,1,2,2,video,20,0.55779975,68.0,0.07472505,0.07438379448320713,0.07267,0.1,20,20,1
constant,1,2,3,voice,8,0.0,68.0,1.470588,1.4705879999999998,1.470588,1.470588,0,0,0
constant,1,2,4,game,4,0.0,68.0,0.588235,0.588235,0.588235,0.588235,0,4,0
constant,2,0,0,all,21,3.109397238095238,93.6667,0.8476684285714285,0.7469788326531716,0.427046,1.17731,4,12,0
constant,2,0,1,browser,5,3.513815,93.6667,1.1712718,1.17126403121695,1.169495,1.17731,0,0,0
constant,2,0,2,video,8,5.966033375,93.6667,0.7457542500000001,0.7455027977191168,0.735097,0.763653,0,8,0
constant,2,0,3,voice,4,0.0,93.6667,1.067615,1.067615,1.067615,1.067615,0,0,0
constant,2,0,4,game,4,0.0,93.6667,0.427046,0.427046,0.427046,0.427046,4,4,0
constant,2,1,0,all,22,1.7057682272727273,90.6667,0.6744507272727273,0.5908649059783891,0.441176,1.102941,8,16,0
constant,2,1,1,browser,0,,,,,,,,,
constant,2,1,2,video,8,4.690862625,90.6667,0.58635775,0.5856429711253602,0.554352,0.607368,0,8,0
constant,2,1,3,voice,6,0.0,90.6667,1.102941,1.102941,1.102941,1.102941,0,0,0
constant,2,1,4,game,8,0.0,90.6667,0.441176,0.441176,0.441176,0.441176,8,8,0
constant,2,2,0,all,37,0.5153326756756756,59.0,0.5738647297297297,0.0861008780608703,0.045623,1.694915,20,29,1
constant,2,2,1,browser,5,2.3792614,59.0,0.7930872,0.792979549680357,0.77659,0.801841,0,5,0
constant,2,2,2,video,20,0.3585501,59.0,0.04981875,0.0484492424749499,0.045623,0.1,20,20,1
constant,2,2,3,voice,8,0.0,59.0,1.694915,1.694915,1.694915,1.694915,0,0,0
constant,2,2,4,game,4,0.0,59.0,0.677966,0.677966,0.677966,0.677966,0,4,0
constant,3,0,0,all,21,2.956461095238095,100.167,0.8103417619047619,0.7047559816387298,0.399333,1.177085,4,16,0
constant,3,0,1,browser,5,3.5191696,100.167,1.1730566,1.1730481238211037,1.169794,1.177085,0,0,0
constant,3,0,2,video,8,5.561229375,100.167,0.69515375,0.6949411573795616,0.685504,0.711053,0,8,0
constant,3,0,3,voice,4,0.0,100.167,0.998333,0.998333,0.998333,0.998333,0,4,0
constant,3,0,4,game,4,0.0,100.167,0.399333,0.399333,0.399333,0.399333,4,4,0
constant,3,1,0,all,22,1.669500681818182,90.3333,0.6716196363636364,0.5875695983368985,0.442805,1.107011,8,16,0
constant,3,1,1,browser,0,,,,,,,,,
constant,3,1,2,video,8,4.5911268750000005,90.3333,0.57389075,0.5732412743081245,0.542744,0.587824,0,8,0
constant,3,1,3,voice,6,0.0,90.3333,1.107011,1.107011,1.107011,1.107011,0,0,0
constant,3,1,4,game,8,0.0,90.3333,0.442805,0.44280500000000006,0.442805,0.442805,8,8,0
constant,3,2,0,all,37,0.5158105675675676,59.8333,0.5693383783783784,0.0832188898981475,0.044667,1.67131,20,29,1
constant,3,2,1,browser,5,2.433907,59.8333,0.8113024,0.8108049909138264,0.780675,0.838915,0,5,0
constant,3,2,2,video,20,0.3457728,59.8333,0.0482216,0.04676460402995934,0.044667,0.1,20,20,1
constant,3,2,3,voice,8,0.0,59.8333,1.67131,1.67131,1.67131,1.67131,0,0,0
constant,3,2,4,game,4,0.0,59.8333,0.668524,0.668524,0.668524,0.668524,0,4,0
constant,4,0,0,all,21,2.9048591428571426,82.8333,0.8597144761904761,0.7592666387816002,0.482898,1.207244,4,12,0
constant,4,0,1,browser,5,3.521453,82.8333,1.1738176,1.1738093732942518,1.168924,1.178313,0,0,0
constant,4,0,2,video,8,5.424347125,82.8333,0.6780435,0.6778524922221444,0.668701,0.69302,0,8,0
constant,4,0,3,voice,4,0.0,82.8333,1.207244,1.207244,1.207244,1.207244,0,0,0
constant,4,0,4,game,4,0.0,82.8333,0.482898,0.482898,0.482898,0.482898,4,4,0
constant,4,1,0,all,22,1.6311604545454546,71.6667,0.7874041818181818,0.6681044490585402,0.521841,1.395348,0,16,0
constant,4,1,1,browser,0,,,,,,,,,
constant,4,1,2,video,8,4.48569125,71.6667,0.5607115,0.5596114451003679,0.521841,0.578818,0,8,0
constant,4,1,3,voice,6,0.0,71.6667,1.395348,1.3953480000000003,1.395348,1.395348,0,0,0
constant,4,1,4,game,8,0.0,71.6667,0.558139,0.558139,0.558139,0.558139,0,8,0
constant,4,2,0,all,37,0.5165882162162162,59.3333,0.576330054054054,0.0770602683159898,0.040843,1.685394,20,29,1
constant,4,2,1,browser,5,2.548997,59.3333,0.8496658,0.848213658288737,0.806309,0.89162,0,5,0
constant,4,2,2,video,20,0.31843895,59.3333,0.04480495,0.04314352931264423,0.040843,0.1,20,20,1
constant,4,2,3,voice,8,0.0,59.3333,1.685394,1.6853940000000003,1.685394,1.685394,0,0,0
constant,4,2,4,game,4,0.0,59.3333,0.674158,0.674158,0.674158,0.674158,0,4,0
constant,5,0,0,all,21,2.8569740952380953,82.1667,0.8560075714285714,0.7542378190387966,0.486815,1.217038,4,12,0
constant,5,0,1,browser,5,3.5147418,82.1667,1.1715808,1.1715533734325088,1.167956,1.18291,0,0,0
constant,5,0,2,video,8,5.302843375,82.1667,0.662855375,0.6627181243000664,0.655034,0.67539,0,8,0
constant,5,0,3,voice,4,0.0,82.1667,1.217038,1.217038,1.217038,1.217038,0,0,0
constant,5,0,4,game,4,0.0,82.1667,0.486815,0.48681499999999994,0.486815,0.486815,4,4,0
constant,5,1,0,all,22,1.6379595454545455,79.8333,0.7285636818181819,0.6287748847194573,0.501044,1.25261,0,16,0
constant,5,1,1,browser,0,,,,,,,,,
constant,5,1,2,video,8,4.50438875,79.8333,0.563048625,0.5621129638209843,0.526761,0.581957,0,8,0
constant,5,1,3,voice,6,0.0,79.8333,1.25261,1.25261,1.25261,1.25261,0,0,0
constant,5,1,4,game,8,0.0,79.8333,0.501044,0.501044,0.501044,0.501044,0,8,0
constant,5,2,0,all,37,0.5170125945945946,57.8333,0.589190027027027,0.07431701743295453,0.039477,1.729108,20,29,1
constant,5,2,1,browser,5,2.6010356,57.8333,0.8670116,0.8610771489501702,0.751907,0.952723,0,5,0
constant,5,2,2,video,20,0.3062144,57.8333,0.04327685,0.04152388906287933,0.039477,0.1,20,20,1
constant,5,2,3,voice,8,0.0,57.8333,1.729108,1.7291079999999996,1.729108,1.729108,0,0,0
constant,5,2,4,game,4,0.0,57.8333,0.691643,0.691643,0.691643,0.691643,0,4,0
variable,1,0,0,all,21,3.010605095238095,95.1667,0.8305926666666666,0.7289034795640991,0.420315,1.17021,4,12,0
variable,1,0,1,browser,5,3.5089856,95.1667,1.1696618,1.1696616277145286,1.169205,1.17021,0,0,0
variable,1,0,2,video,8,5.709722375,95.1667,0.7137156250000001,0.7135009068073194,0.704082,0.729769,0,8,0
variable,1,0,3,voice,4,0.0,95.1667,1.050788,1.050788,1.050788,1.050788,0,0,0
variable,1,0,4,game,4,0.0,95.1667,0.420315,0.420315,0.420315,0.420315,4,4,0
variable,1,1,0,all,22,1.7137635,90.8333,0.6746043181818182,0.5912413212132925,0.440367,1.100918,8,16,0
variable,1,1,1,browser,0,,,,,,,,,
variable,1,1,2,video,8,4.7128496250000005,90.8333,0.589106375,0.5885301735822409,0.560222,0.602859,0,8,0
variable,1,1,3,voice,6,0.0,90.8333,1.100918,1.100918,1.100918,1.100918,0,0,0
variable,1,1,4,game,8,0.0,90.8333,0.440367,0.440367,0.440367,0.440367,8,8,0
variable,1,2,0,all,37,0.5099930810810811,68.0,0.4914431081081081,0.1272169724659949,0.07267,1.470588,20,29,1
variable,1,2,1,browser,5,1.5427498,68.0,0.51425,0.5140900934093022,0.500891,0.527771,0,5,0
variable,1,2,2,video,20,0.55779975,68.0,0.07472505,0.07438379448320713,0.07267,0.1,20,20,1
variable,1,2,3,voice,8,0.0,68.0,1.470588,1.4705879999999998,1.470588,1.470588,0,0,0
variable,1,2,4,game,4,0.0,68.0,0.588235,0.588235,0.588235,0.588235,0,4,0
variable,2,0,0,all,21,3.109397238095238,93.6667,0.8476684285714285,0.7469788326531716,0.427046,1.17731,4,12,0
variable,2,0,1,browser,5,3.513815,93.6667,1.1712718,1.17126403121695,1.169495,1.17731,0,0,0
variable,2,0,2,video,8,5.966033375,93.6667,0.7457542500000001,0.7455027977191168,0.735097,0.763653,0,8,0
variable,2,0,3,voice,4,0.0,93.6667,1.067615,1.067615,1.067615,1.067615,0,0,0
variable,2,0,4,game,4,0.0,93.6667,0.427046,0.427046,0.427046,0.427046,4,4,0
variable,2,1,0,all,22,0.8767918181818182,138.167,0.41226327272727276,0.35218925257956507,0.289505,0.723762,16,22,0
variable,2,1,1,browser,0,,,,,,,,,
variable,2,1,2,video,8,2.4111775,138.167,0.3013975,0.3013974733810241,0.301351,0.301634,8,8,0
variable,2,1,3,voice,6,0.0,138.167,0.723762,0.723762,0.723762,0.723762,0,6,0
variable,2,1,4,game,8,0.0,138.167,0.289505,0.289505,0.289505,0.289505,8,8,0
variable,2,2,0,all,37,0.5153326756756756,59.0,0.5738647297297297,0.0861008780608703,0.045623,1.694915,20,29,1
variable,2,2,1,browser,5,2.3792614,59.0,0.7930872,0.792979549680357,0.77659,0.801841,0,5,0
variable,2,2,2,video,20,0.3585501,59.0,0.04981875,0.0484492424749499,0.045623,0.1,20,20,1
variable,2,2,3,voice,8,0.0,59.0,1.694915,1.694915,1.694915,1.694915,0,0,0
variable,2,2,4,game,4,0.0,59.0,0.677966,0.677966,0.677966,0.677966,0,4,0
variable,3,0,0,all,21,2.956461095238095,100.167,0.8103417619047619,0.7047559816387298,0.399333,1.177085,4,16,0
variable,3,0,1,browser,5,3.5191696,100.167,1.1730566,1.1730481238211037,1.169794,1.177085,0,0,0
variable,3,0,2,video,8,5.561229375,100.167,0.69515375,0.6949411573795616,0.685504,0.711053,0,8,0
variable,3,0,3,voice,4,0.0,100.167,0.998333,0.998333,0.998333,0.998333,0,4,0
variable,3,0,4,game,4,0.0,100.167,0.399333,0.399333,0.399333,0.399333,4,4,0
variable,3,1,0,all,22,0.8767711818181818,139.667,0.40900977272727274,0.3499265166449506,0.286395,0.715989,16,22,0
variable,3,1,1,browser,0,,,,,,,,,
variable,3,1,2,video,8,2.4111207500000003,139.667,0.301390125,0.30124023917555676,0.296169,0.312823,8,8,0
variable,3,1,3,voice,6,0.0,139.667,0.715989,0.715989,0.715989,0.715989,0,6,0
variable,3,1,4,game,8,0.0,139.667,0.286395,0.286395,0.286395,0.286395,8,8,0
variable,3,2,0,all,37,0.5158105675675676,59.8333,0.5693383783783784,0.0832188898981475,0.044667,1.67131,20,29,1
variable,3,2,1,browser,5,2.433907,59.8333,0.8113024,0.8108049909138264,0.780675,0.838915,0,5,0
variable,3,2,2,video,20,0.3457728,59.8333,0.0482216,0.04676460402995934,0.044667,0.1,20,20,1
variable,3,2,3,voice,8,0.0,59.8333,1.67131,1.67131,1.67131,1.67131,0,0,0
variable,3,2,4,game,4,0.0,59.8333,0.668524,0.668524,0.668524,0.668524,0,4,0
variable,4,0,0,all,21,2.9048591428571426,82.8333,0.8597144761904761,0.7592666387816002,0.482898,1.207244,4,12,0
variable,4,0,1,browser,5,3.521453,82.8333,1.1738176,1.1738093732942518,1.168924,1.178313,0,0,0
variable,4,0,2,video,8,5.424347125,82.8333,0.6780435,0.6778524922221444,0.668701,0.69302,0,8,0
variable,4,0,3,voice,4,0.0,82.8333,1.207244,1.207244,1.207244,1.207244,0,0,0
variable,4,0,4,game,4,0.0,82.8333,0.482898,0.482898,0.482898,0.482898,4,4,0
variable,4,1,0,all,22,1.6257822272727274,64.3333,0.8532467272727273,0.7078488826311384,0.520341,1.554405,0,16,0
variable,4,1,1,browser,0,,,,,,,,,
variable,4,1,2,video,8,4.470901125,64.3333,0.5588627500000001,0.5573583514968842,0.520341,0.581412,0,8,0
variable,4,1,3,voice,6,0.0,64.3333,1.554405,1.5544049999999998,1.554405,1.554405,0,0,0
variable,4,1,4,game,8,0.0,64.3333,0.621762,0.621762,0.621762,0.621762,0,8,0
variable,4,2,0,all,37,0.5165882162162162,59.3333,0.576330054054054,0.0770602683159898,0.040843,1.685394,20,29,1
variable,4,2,1,browser,5,2.548997,59.3333,0.8496658,0.848213658288737,0.806309,0.89162,0,5,0
variable,4,2,2,video,20,0.31843895,59.3333,0.04480495,0.04314352931264423,0.040843,0.1,20,20,1
variable,4,2,3,voice,8,0.0,59.3333,1.685394,1.6853940000000003,1.685394,1.685394,0,0,0
variable,4,2,4,game,4,0.0,59.3333,0.674158,0.674158,0.674158,0.674158,0,4,0
variable,5,0,0,all,21,2.8569740952380953,82.1667,0.8560075714285714,0.7542378190387966,0.486815,1.217038,4,12,0
variable,5,0,1,browser,5,3.5147418,82.1667,1.1715808,1.1715533734325088,1.167956,1.18291,0,0,0
variable,5,0,2,video,8,5.302843375,82.1667,0.662855375,0.6627181243000664,0.655034,0.67539,0,8,0
variable,5,0,3,voice,4,0.0,82.1667,1.217038,1.217038,1.217038,1.217038,0,0,0
variable,5,0,4,game,4,0.0,82.1667,0.486815,0.48681499999999994,0.486815,0.486815,4,4,0
variable,5,1,0,all,22,1.6345269090909091,79.3333,0.7314361363636364,0.6305934405873951,0.504202,1.260505,0,16,0
variable,5,1,1,browser,0,,,,,,,,,
variable,5,1,2,video,8,4.494949,79.3333,0.561868625,0.5609658329317051,0.526352,0.58659,0,8,0
variable,5,1,3,voice,6,0.0,79.3333,1.260505,1.260505,1.260505,1.260505,0,0,0
variable,5,1,4,game,8,0.0,79.3333,0.504202,0.5042019999999999,0.504202,0.504202,0,8,0
variable,5,2,0,all,37,0.5170125945945946,57.8333,0.589190027027027,0.07431701743295453,0.039477,1.729108,20,29,1
variable,5,2,1,browser,5,2.6010356,57.8333,0.8670116,0.8610771489501702,0.751907,0.952723,0,5,0
variable,5,2,2,video,20,0.3062144,57.8333,0.04327685,0.04152388906287933,0.039477,0.1,20,20,1
variable,5,2,3,voice,8,0.0,57.8333,1.729108,1.7291079999999996,1.729108,1.729108,0,0,0
variable,5,2,4,game,4,0.0,57.8333,0.691643,0.691643,0.691643,0.691643,0,4,0
