cycle_id,ue_id,bs_id_0based,app_type,delta_tp_mbps,delta_rtt_ms,delta_satisfaction
1,1,1,4,0.0,0.0,0.0
1,2,1,3,0.0,0.0,0.0
1,3,0,3,0.0,0.0,0.0
1,4,2,2,0.0,0.0,0.0
1,5,1,3,0.0,0.0,0.0
1,6,1,3,0.0,0.0,0.0
1,7,2,2,0.0,0.0,0.0
1,8,1,2,0.0,0.0,0.0
1,9,2,2,0.0,0.0,0.0
1,10,2,2,0.0,0.0,0.0
1,11,2,4,0.0,0.0,0.0
1,12,2,3,0.0,0.0,0.0
1,13,2,1,0.0,0.0,0.0
1,14,1,2,0.0,0.0,0.0
1,15,2,2,0.0,0.0,0.0
1,16,1,2,0.0,0.0,0.0
1,17,2,1,0.0,0.0,0.0
1,18,0,1,0.0,0.0,0.0
1,19,2,3,0.0,0.0,0.0
1,20,2,2,0.0,0.0,0.0
1,21,2,2,0.0,0.0,0.0
1,22,0,1,0.0,0.0,0.0
1,23,2,2,0.0,0.0,0.0
1,24,0,1,0.0,0.0,0.0
1,25,1,2,0.0,0.0,0.0
1,26,1,2,0.0,0.0,0.0
1,27,0,2,0.0,0.0,0.0
1,28,1,4,0.0,0.0,0.0
1,29,2,2,0.0,0.0,0.0
1,30,1,4,0.0,0.0,0.0
1,31,1,3,0.0,0.0,0.0
1,32,1,2,0.0,0.0,0.0
1,33,1,4,0.0,0.0,0.0
1,34,2,2,0.0,0.0,0.0
1,35,2,2,0.0,0.0,0.0
1,36,2,4,0.0,0.0,0.0
1,37,2,2,0.0,0.0,0.0
1,38,2,1,0.0,0.0,0.0
1,39,1,4,0.0,0.0,0.0
1,40,1,4,0.0,0.0,0.0
1,41,2,3,0.0,0.0,0.0
1,42,2,2,0.0,0.0,0.0
1,43,2,2,0.0,0.0,0.0
1,44,2,1,0.0,0.0,0.0
1,45,0,4,0.0,0.0,0.0
1,46,2,3,0.0,0.0,0.0
1,47,1,2,0.0,0.0,0.0
1,48,2,3,0.0,0.0,0.0
1,49,1,3,0.0,0.0,0.0
1,50,2,3,0.0,0.0,0.0
1,51,0,2,0.0,0.0,0.0
1,52,0,4,0.0,0.0,0.0
1,53,0,1,0.0,0.0,0.0
1,54,0,2,0.0,0.0,0.0
1,55,0,3,0.0,0.0,0.0
1,56,2,2,0.0,0.0,0.0
1,57,2,1,0.0,0.0,0.0
1,58,0,2,0.0,0.0,0.0
1,59,0,4,0.0,0.0,0.0
1,60,2,2,0.0,0.0,0.0
1,61,2,3,0.0,0.0,0.0
1,62,0,2,0.0,0.0,0.0
1,63,1,4,0.0,0.0,0.0
1,64,0,2,0.0,0.0,0.0
1,65,2,3,0.0,0.0,0.0
1,66,2,4,0.0,0.0,0.0
1,67,2,2,0.0,0.0,0.0
1,68,2,4,0.0,0.0,0.0
1,69,2,2,0.0,0.0,0.0
1,70,1,4,0.0,0.0,0.0
1,71,0,2,0.0,0.0,0.0
1,72,1,3,0.0,0.0,0.0
1,73,0,2,0.0,0.0,0.0
1,74,0,4,0.0,0.0,0.0
1,75,2,2,0.0,0.0,0.0
1,76,0,1,0.0,0.0,0.0
1,77,0,3,0.0,0.0,0.0
1,78,0,3,0.0,0.0,0.0
1,79,1,2,0.0,0.0,0.0
1,80,2,2,0.0,0.0,0.0
2,1,1,4,0.0,47.500299999999996,-0.151671
2,2,1,3,0.0,47.500299999999996,-0.37917899999999993
2,3,0,3,0.0,0.0,0.0
2,4,2,2,0.0,0.0,0.0
2,5,1,3,0.0,47.500299999999996,-0.37917899999999993
2,6,1,3,0.0,47.500299999999996,-0.37917899999999993
2,7,2,2,0.0,0.0,0.0
2,8,1,2,-2.023868,47.500299999999996,-0.25298299999999996
2,9,2,2,0.0,0.0,0.0
2,10,2,2,0.0,0.0,0.0
2,11,2,4,0.0,0.0,0.0
2,12,2,3,0.0,0.0,0.0
2,13,2,1,0.0,0.0,0.0
2,14,1,2,-2.029286,47.500299999999996,-0.25366
2,15,2,2,0.0,0.0,0.0
2,16,1,2,-2.1933369999999996,47.500299999999996,-0.274167
2,17,2,1,0.0,0.0,0.0
2,18,0,1,0.0,0.0,0.0
2,19,2,3,0.0,0.0,0.0
2,20,2,2,0.0,0.0,0.0
2,21,2,2,0.0,0.0,0.0
2,22,0,1,0.0,0.0,0.0
2,23,2,2,0.0,0.0,0.0
2,24,0,1,0.0,0.0,0.0
2,25,1,2,-2.4480689999999994,47.500299999999996,-0.30600900000000003
2,26,1,2,-2.3879319999999997,47.500299999999996,-0.29849099999999995
2,27,0,2,0.0,0.0,0.0
2,28,1,4,0.0,47.500299999999996,-0.151671
2,29,2,2,0.0,0.0,0.0
2,30,1,4,0.0,47.500299999999996,-0.151671
2,31,1,3,0.0,47.500299999999996,-0.37917899999999993
2,32,1,2,-2.3857090000000003,47.500299999999996,-0.29821299999999995
2,33,1,4,0.0,47.500299999999996,-0.151671
2,34,2,2,0.0,0.0,0.0
2,35,2,2,0.0,0.0,0.0
2,36,2,4,0.0,0.0,0.0
2,37,2,2,0.0,0.0,0.0
2,38,2,1,0.0,0.0,0.0
2,39,1,4,0.0,47.500299999999996,-0.151671
2,40,1,4,0.0,47.500299999999996,-0.151671
2,41,2,3,0.0,0.0,0.0
2,42,2,2,0.0,0.0,0.0
2,43,2,2,0.0,0.0,0.0
2,44,2,1,0.0,0.0,0.0
2,45,0,4,0.0,0.0,0.0
2,46,2,3,0.0,0.0,0.0
2,47,1,2,-2.3867540000000003,47.500299999999996,-0.298344
2,48,2,3,0.0,0.0,0.0
2,49,1,3,0.0,47.500299999999996,-0.37917899999999993
2,50,2,3,0.0,0.0,0.0
2,51,0,2,0.0,0.0,0.0
2,52,0,4,0.0,0.0,0.0
2,53,0,1,0.0,0.0,0.0
2,54,0,2,0.0,0.0,0.0
2,55,0,3,0.0,0.0,0.0
2,56,2,2,0.0,0.0,0.0
2,57,2,1,0.0,0.0,0.0
2,58,0,2,0.0,0.0,0.0
2,59,0,4,0.0,0.0,0.0
2,60,2,2,0.0,0.0,0.0
2,61,2,3,0.0,0.0,0.0
2,62,0,2,0.0,0.0,0.0
2,63,1,4,0.0,47.500299999999996,-0.151671
2,64,0,2,0.0,0.0,0.0
2,65,2,3,0.0,0.0,0.0
2,66,2,4,0.0,0.0,0.0
2,67,2,2,0.0,0.0,0.0
2,68,2,4,0.0,0.0,0.0
2,69,2,2,0.0,0.0,0.0
2,70,1,4,0.0,47.500299999999996,-0.151671
2,71,0,2,0.0,0.0,0.0
2,72,1,3,0.0,47.500299999999996,-0.37917899999999993
2,73,0,2,0.0,0.0,0.0
2,74,0,4,0.0,0.0,0.0
2,75,2,2,0.0,0.0,0.0
2,76,0,1,0.0,0.0,0.0
2,77,0,3,0.0,0.0,0.0
2,78,0,3,0.0,0.0,0.0
2,79,1,2,-2.3825260000000004,47.500299999999996,-0.297815
2,80,2,2,0.0,0.0,0.0
3,1,1,4,0.0,49.33370000000001,-0.15641
3,2,1,3,0.0,49.33370000000001,-0.391022
3,3,0,3,0.0,0.0,0.0
3,4,2,2,0.0,0.0,0.0
3,5,1,3,0.0,49.33370000000001,-0.391022
3,6,1,3,0.0,49.33370000000001,-0.391022
3,7,2,2,0.0,0.0,0.0
3,8,1,2,-1.8611590000000002,49.33370000000001,-0.232645
3,9,2,2,0.0,0.0,0.0
3,10,2,2,0.0,0.0,0.0
3,11,2,4,0.0,0.0,0.0
3,12,2,3,0.0,0.0,0.0
3,13,2,1,0.0,0.0,0.0
3,14,1,2,-1.895016,49.33370000000001,-0.236877
3,15,2,2,0.0,0.0,0.0
3,16,1,2,-2.0305639999999996,49.33370000000001,-0.253821
3,17,2,1,0.0,0.0,0.0
3,18,0,1,0.0,0.0,0.0
3,19,2,3,0.0,0.0,0.0
3,20,2,2,0.0,0.0,0.0
3,21,2,2,0.0,0.0,0.0
3,22,0,1,0.0,0.0,0.0
3,23,2,2,0.0,0.0,0.0
3,24,0,1,0.0,0.0,0.0
3,25,1,2,-2.331116,49.33370000000001,-0.291389
3,26,1,2,-2.33214,49.33370000000001,-0.291517
3,27,0,2,0.0,0.0,0.0
3,28,1,4,0.0,49.33370000000001,-0.15641
3,29,2,2,0.0,0.0,0.0
3,30,1,4,0.0,49.33370000000001,-0.15641
3,31,1,3,0.0,49.33370000000001,-0.391022
3,32,1,2,-2.329966,49.33370000000001,-0.291245
3,33,1,4,0.0,49.33370000000001,-0.15641
3,34,2,2,0.0,0.0,0.0
3,35,2,2,0.0,0.0,0.0
3,36,2,4,0.0,0.0,0.0
3,37,2,2,0.0,0.0,0.0
3,38,2,1,0.0,0.0,0.0
3,39,1,4,0.0,49.33370000000001,-0.15641
3,40,1,4,0.0,49.33370000000001,-0.15641
3,41,2,3,0.0,0.0,0.0
3,42,2,2,0.0,0.0,0.0
3,43,2,2,0.0,0.0,0.0
3,44,2,1,0.0,0.0,0.0
3,45,0,4,0.0,0.0,0.0
3,46,2,3,0.0,0.0,0.0
3,47,1,2,-2.3279,49.33370000000001,-0.29098700000000005
3,48,2,3,0.0,0.0,0.0
3,49,1,3,0.0,49.33370000000001,-0.391022
3,50,2,3,0.0,0.0,0.0
3,51,0,2,0.0,0.0,0.0
3,52,0,4,0.0,0.0,0.0
3,53,0,1,0.0,0.0,0.0
3,54,0,2,0.0,0.0,0.0
3,55,0,3,0.0,0.0,0.0
3,56,2,2,0.0,0.0,0.0
3,57,2,1,0.0,0.0,0.0
3,58,0,2,0.0,0.0,0.0
3,59,0,4,0.0,0.0,0.0
3,60,2,2,0.0,0.0,0.0
3,61,2,3,0.0,0.0,0.0
3,62,0,2,0.0,0.0,0.0
3,63,1,4,0.0,49.33370000000001,-0.15641
3,64,0,2,0.0,0.0,0.0
3,65,2,3,0.0,0.0,0.0
3,66,2,4,0.0,0.0,0.0
3,67,2,2,0.0,0.0,0.0
3,68,2,4,0.0,0.0,0.0
3,69,2,2,0.0,0.0,0.0
3,70,1,4,0.0,49.33370000000001,-0.15641
3,71,0,2,0.0,0.0,0.0
3,72,1,3,0.0,49.33370000000001,-0.391022
3,73,0,2,0.0,0.0,0.0
3,74,0,4,0.0,0.0,0.0
3,75,2,2,0.0,0.0,0.0
3,76,0,1,0.0,0.0,0.0
3,77,0,3,0.0,0.0,0.0
3,78,0,3,0.0,0.0,0.0
3,79,1,2,-2.332188,49.33370000000001,-0.29152400000000006
3,80,2,2,0.0,0.0,0.0
4,1,1,4,0.0,-7.333400000000012,0.06362299999999999
4,2,1,3,0.0,-7.333400000000012,0.159057
4,3,0,3,0.0,0.0,0.0
4,4,2,2,0.0,0.0,0.0
4,5,1,3,0.0,-7.333400000000012,0.159057
4,6,1,3,0.0,-7.333400000000012,0.159057
4,7,2,2,0.0,0.0,0.0
4,8,1,2,-0.010930000000000106,-7.333400000000012,-0.0013659999999999783
4,9,2,2,0.0,0.0,0.0
4,10,2,2,0.0,0.0,0.0
4,11,2,4,0.0,0.0,0.0
4,12,2,3,0.0,0.0,0.0
4,13,2,1,0.0,0.0,0.0
4,14,1,2,-0.011998999999999427,-7.333400000000012,-0.0014999999999999458
4,15,2,2,0.0,0.0,0.0
4,16,1,2,-0.18919899999999945,-7.333400000000012,-0.02365000000000006
4,17,2,1,0.0,0.0,0.0
4,18,0,1,0.0,0.0,0.0
4,19,2,3,0.0,0.0,0.0
4,20,2,2,0.0,0.0,0.0
4,21,2,2,0.0,0.0,0.0
4,22,0,1,0.0,0.0,0.0
4,23,2,2,0.0,0.0,0.0
4,24,0,1,0.0,0.0,0.0
4,25,1,2,0.018509000000000775,-7.333400000000012,0.0023140000000000382
4,26,1,2,0.020660000000000345,-7.333400000000012,0.002581999999999973
4,27,0,2,0.0,0.0,0.0
4,28,1,4,0.0,-7.333400000000012,0.06362299999999999
4,29,2,2,0.0,0.0,0.0
4,30,1,4,0.0,-7.333400000000012,0.06362299999999999
4,31,1,3,0.0,-7.333400000000012,0.159057
4,32,1,2,0.015302000000000149,-7.333400000000012,0.0019130000000000535
4,33,1,4,0.0,-7.333400000000012,0.06362299999999999
4,34,2,2,0.0,0.0,0.0
4,35,2,2,0.0,0.0,0.0
4,36,2,4,0.0,0.0,0.0
4,37,2,2,0.0,0.0,0.0
4,38,2,1,0.0,0.0,0.0
4,39,1,4,0.0,-7.333400000000012,0.06362299999999999
4,40,1,4,0.0,-7.333400000000012,0.06362299999999999
4,41,2,3,0.0,0.0,0.0
4,42,2,2,0.0,0.0,0.0
4,43,2,2,0.0,0.0,0.0
4,44,2,1,0.0,0.0,0.0
4,45,0,4,0.0,0.0,0.0
4,46,2,3,0.0,0.0,0.0
4,47,1,2,0.017464000000000368,-7.333400000000012,0.002182999999999935
4,48,2,3,0.0,0.0,0.0
4,49,1,3,0.0,-7.333400000000012,0.159057
4,50,2,3,0.0,0.0,0.0
4,51,0,2,0.0,0.0,0.0
4,52,0,4,0.0,0.0,0.0
4,53,0,1,0.0,0.0,0.0
4,54,0,2,0.0,0.0,0.0
4,55,0,3,0.0,0.0,0.0
4,56,2,2,0.0,0.0,0.0
4,57,2,1,0.0,0.0,0.0
4,58,0,2,0.0,0.0,0.0
4,59,0,4,0.0,0.0,0.0
4,60,2,2,0.0,0.0,0.0
4,61,2,3,0.0,0.0,0.0
4,62,0,2,0.0,0.0,0.0
4,63,1,4,0.0,-7.333400000000012,0.06362299999999999
4,64,0,2,0.0,0.0,0.0
4,65,2,3,0.0,0.0,0.0
4,66,2,4,0.0,0.0,0.0
4,67,2,2,0.0,0.0,0.0
4,68,2,4,0.0,0.0,0.0
4,69,2,2,0.0,0.0,0.0
4,70,1,4,0.0,-7.333400000000012,0.06362299999999999
4,71,0,2,0.0,0.0,0.0
4,72,1,3,0.0,-7.333400000000012,0.159057
4,73,0,2,0.0,0.0,0.0
4,74,0,4,0.0,0.0,0.0
4,75,2,2,0.0,0.0,0.0
4,76,0,1,0.0,0.0,0.0
4,77,0,3,0.0,0.0,0.0
4,78,0,3,0.0,0.0,0.0
4,79,1,2,0.021872000000000114,-7.333400000000012,0.002734000000000014
4,80,2,2,0.0,0.0,0.0
5,1,1,4,0.0,-0.5,0.003157999999999994
5,2,1,3,0.0,-0.5,0.007894999999999985
5,3,0,3,0.0,0.0,0.0
5,4,2,2,0.0,0.0,0.0
5,5,1,3,0.0,-0.5,0.007894999999999985
5,6,1,3,0.0,-0.5,0.007894999999999985
5,7,2,2,0.0,0.0,0.0
5,8,1,2,-0.005517999999999468,-0.5,-0.0006899999999999684
5,9,2,2,0.0,0.0,0.0
5,10,2,2,0.0,0.0,0.0
5,11,2,4,0.0,0.0,0.0
5,12,2,3,0.0,0.0,0.0
5,13,2,1,0.0,0.0,0.0
5,14,1,2,-0.0032769999999997523,-0.5,-0.0004089999999999927
5,15,2,2,0.0,0.0,0.0
5,16,1,2,0.0022050000000000125,-0.5,0.0002749999999999142
5,17,2,1,0.0,0.0,0.0
5,18,0,1,0.0,0.0,0.0
5,19,2,3,0.0,0.0,0.0
5,20,2,2,0.0,0.0,0.0
5,21,2,2,0.0,0.0,0.0
5,22,0,1,0.0,0.0,0.0
5,23,2,2,0.0,0.0,0.0
5,24,0,1,0.0,0.0,0.0
5,25,1,2,0.08631100000000025,-0.5,0.010787999999999909
5,26,1,2,-0.053578999999999155,-0.5,-0.006696999999999953
5,27,0,2,0.0,0.0,0.0
5,28,1,4,0.0,-0.5,0.003157999999999994
5,29,2,2,0.0,0.0,0.0
5,30,1,4,0.0,-0.5,0.003157999999999994
5,31,1,3,0.0,-0.5,0.007894999999999985
5,32,1,2,-0.04916099999999979,-0.5,-0.006144999999999956
5,33,1,4,0.0,-0.5,0.003157999999999994
5,34,2,2,0.0,0.0,0.0
5,35,2,2,0.0,0.0,0.0
5,36,2,4,0.0,0.0,0.0
5,37,2,2,0.0,0.0,0.0
5,38,2,1,0.0,0.0,0.0
5,39,1,4,0.0,-0.5,0.003157999999999994
5,40,1,4,0.0,-0.5,0.003157999999999994
5,41,2,3,0.0,0.0,0.0
5,42,2,2,0.0,0.0,0.0
5,43,2,2,0.0,0.0,0.0
5,44,2,1,0.0,0.0,0.0
5,45,0,4,0.0,0.0,0.0
5,46,2,3,0.0,0.0,0.0
5,47,1,2,-0.04703400000000002,-0.5,-0.005878999999999968
5,48,2,3,0.0,0.0,0.0
5,49,1,3,0.0,-0.5,0.007894999999999985
5,50,2,3,0.0,0.0,0.0
5,51,0,2,0.0,0.0,0.0
5,52,0,4,0.0,0.0,0.0
5,53,0,1,0.0,0.0,0.0
5,54,0,2,0.0,0.0,0.0
5,55,0,3,0.0,0.0,0.0
5,56,2,2,0.0,0.0,0.0
5,57,2,1,0.0,0.0,0.0
5,58,0,2,0.0,0.0,0.0
5,59,0,4,0.0,0.0,0.0
5,60,2,2,0.0,0.0,0.0
5,61,2,3,0.0,0.0,0.0
5,62,0,2,0.0,0.0,0.0
5,63,1,4,0.0,-0.5,0.003157999999999994
5,64,0,2,0.0,0.0,0.0
5,65,2,3,0.0,0.0,0.0
5,66,2,4,0.0,0.0,0.0
5,67,2,2,0.0,0.0,0.0
5,68,2,4,0.0,0.0,0.0
5,69,2,2,0.0,0.0,0.0
5,70,1,4,0.0,-0.5,0.003157999999999994
5,71,0,2,0.0,0.0,0.0
5,72,1,3,0.0,-0.5,0.007894999999999985
5,73,0,2,0.0,0.0,0.0
5,74,0,4,0.0,0.0,0.0
5,75,2,2,0.0,0.0,0.0
5,76,0,1,0.0,0.0,0.0
5,77,0,3,0.0,0.0,0.0
5,78,0,3,0.0,0.0,0.0
5,79,1,2,-0.005465000000000053,-0.5,-0.0006829999999999892
5,80,2,2,0.0,0.0,0.0
