seed,method,cycle_id,ue_id,previous_bs_id,current_bs_id,app_type,tp_mbps,rtt_ms,satisfaction,num_users_on_current_bs,harmonic_mean,num_unsatisfied_users,target_ue_flag,action_selected_bs_id,switch_flag,h_after_estimated,reward,measurement_valid
2,multi_greedy,1,1,1,1,3,0.000000,80.833300,1.237114,21,0.278119,54,0,1,0,0.452464,0.174345,1
2,multi_greedy,1,2,0,0,1,3.506182,96.166700,1.168727,28,0.278119,54,0,0,0,0.452464,0.174345,1
2,multi_greedy,1,3,2,2,4,0.000000,145.667000,0.274599,31,0.278119,54,0,2,0,0.452464,0.174345,1
2,multi_greedy,1,4,2,2,1,1.656623,145.667000,0.552208,31,0.278119,54,0,2,0,0.452464,0.174345,1
2,multi_greedy,1,5,2,2,4,0.000000,145.667000,0.274599,31,0.278119,54,0,2,0,0.452464,0.174345,1
2,multi_greedy,1,6,1,1,4,0.000000,80.833300,0.494846,21,0.278119,54,0,1,0,0.452464,0.174345,1
2,multi_greedy,1,7,0,0,2,5.654652,96.166700,0.706832,28,0.278119,54,0,0,0,0.452464,0.174345,1
2,multi_greedy,1,8,0,0,2,4.856770,96.166700,0.607096,28,0.278119,54,0,0,0,0.452464,0.174345,1
2,multi_greedy,1,9,2,2,2,0.582504,145.667000,0.072813,31,0.278119,54,0,0,1,0.452464,0.174345,1
2,multi_greedy,1,10,0,0,2,5.260052,96.166700,0.657506,28,0.278119,54,0,0,0,0.452464,0.174345,1
2,multi_greedy,1,11,1,1,3,0.000000,80.833300,1.237114,21,0.278119,54,0,1,0,0.452464,0.174345,1
2,multi_greedy,1,12,0,0,2,5.312495,96.166700,0.664062,28,0.278119,54,0,0,0,0.452464,0.174345,1
2,multi_greedy,1,13,1,1,3,0.000000,80.833300,1.237114,21,0.278119,54,0,1,0,0.452464,0.174345,1
2,multi_greedy,1,14,2,2,4,0.000000,145.667000,0.274599,31,0.278119,54,0,2,0,0.452464,0.174345,1
2,multi_greedy,1,15,0,0,2,5.312495,96.166700,0.664062,28,0.278119,54,0,0,0,0.452464,0.174345,1
2,multi_greedy,1,16,2,2,2,0.486320,145.667000,0.060790,31,0.278119,54,0,2,0,0.452464,0.174345,1
2,multi_greedy,1,17,2,2,2,0.584648,145.667000,0.073081,31,0.278119,54,0,0,1,0.452464,0.174345,1
2,multi_greedy,1,18,2,2,4,0.000000,145.667000,0.274599,31,0.278119,54,0,2,0,0.452464,0.174345,1
2,multi_greedy,1,19,0,0,3,0.000000,96.166700,1.039861,28,0.278119,54,0,0,0,0.452464,0.174345,1
2,multi_greedy,1,20,0,0,1,3.505625,96.166700,1.168542,28,0.278119,54,0,0,0,0.452464,0.174345,1
2,multi_greedy,1,21,1,1,4,0.000000,80.833300,0.494846,21,0.278119,54,0,1,0,0.452464,0.174345,1
2,multi_greedy,1,22,2,2,2,0.727842,145.667000,0.090980,31,0.278119,54,0,1,1,0.452464,0.174345,1
2,multi_greedy,1,23,2,2,2,0.481909,145.667000,0.060239,31,0.278119,54,1,2,0,0.452464,0.174345,1
2,multi_greedy,1,24,2,2,4,0.000000,145.667000,0.274599,31,0.278119,54,0,2,0,0.452464,0.174345,1
2,multi_greedy,1,25,2,2,1,0.960907,145.667000,0.320302,31,0.278119,54,0,2,0,0.452464,0.174345,1
2,multi_greedy,1,26,2,2,2,0.486321,145.667000,0.060790,31,0.278119,54,0,2,0,0.452464,0.174345,1
2,multi_greedy,1,27,2,2,1,1.605307,145.667000,0.535102,31,0.278119,54,0,2,0,0.452464,0.174345,1
2,multi_greedy,1,28,1,1,4,0.000000,80.833300,0.494846,21,0.278119,54,0,1,0,0.452464,0.174345,1
2,multi_greedy,1,29,2,2,2,0.679756,145.667000,0.084969,31,0.278119,54,0,0,1,0.452464,0.174345,1
2,multi_greedy,1,30,1,1,3,0.000000,80.833300,1.237114,21,0.278119,54,0,1,0,0.452464,0.174345,1
2,multi_greedy,1,31,2,2,3,0.000000,145.667000,0.686497,31,0.278119,54,0,2,0,0.452464,0.174345,1
2,multi_greedy,1,32,1,1,3,0.000000,80.833300,1.237114,21,0.278119,54,0,1,0,0.452464,0.174345,1
2,multi_greedy,1,33,2,2,1,1.261586,145.667000,0.420529,31,0.278119,54,0,2,0,0.452464,0.174345,1
2,multi_greedy,1,34,0,0,3,0.000000,96.166700,1.039861,28,0.278119,54,0,0,0,0.452464,0.174345,1
2,multi_greedy,1,35,1,1,2,6.007499,80.833300,0.750937,21,0.278119,54,0,1,0,0.452464,0.174345,1
2,multi_greedy,1,36,0,0,2,5.312518,96.166700,0.664065,28,0.278119,54,0,0,0,0.452464,0.174345,1
2,multi_greedy,1,37,0,0,4,0.000000,96.166700,0.415944,28,0.278119,54,0,0,0,0.452464,0.174345,1
2,multi_greedy,1,38,1,1,2,6.008568,80.833300,0.751071,21,0.278119,54,0,1,0,0.452464,0.174345,1
2,multi_greedy,1,39,0,0,4,0.000000,96.166700,0.415944,28,0.278119,54,0,0,0,0.452464,0.174345,1
2,multi_greedy,1,40,0,0,1,3.505625,96.166700,1.168542,28,0.278119,54,0,0,0,0.452464,0.174345,1
2,multi_greedy,1,41,1,1,2,5.231519,80.833300,0.653940,21,0.278119,54,0,1,0,0.452464,0.174345,1
2,multi_greedy,1,42,2,2,4,0.000000,145.667000,0.274599,31,0.278119,54,0,2,0,0.452464,0.174345,1
2,multi_greedy,1,43,2,2,1,1.349557,145.667000,0.449852,31,0.278119,54,0,2,0,0.452464,0.174345,1
2,multi_greedy,1,44,0,0,4,0.000000,96.166700,0.415944,28,0.278119,54,0,0,0,0.452464,0.174345,1
2,multi_greedy,1,45,2,2,2,0.678634,145.667000,0.084829,31,0.278119,54,0,1,1,0.452464,0.174345,1
2,multi_greedy,1,46,2,2,1,1.381325,145.667000,0.460442,31,0.278119,54,0,2,0,0.452464,0.174345,1
2,multi_greedy,1,47,1,1,3,0.000000,80.833300,1.237114,21,0.278119,54,0,1,0,0.452464,0.174345,1
2,multi_greedy,1,48,1,1,4,0.000000,80.833300,0.494846,21,0.278119,54,0,1,0,0.452464,0.174345,1
2,multi_greedy,1,49,0,0,2,5.311449,96.166700,0.663931,28,0.278119,54,0,0,0,0.452464,0.174345,1
2,multi_greedy,1,50,1,1,3,0.000000,80.833300,1.237114,21,0.278119,54,0,1,0,0.452464,0.174345,1
2,multi_greedy,1,51,0,0,1,3.506793,96.166700,1.168931,28,0.278119,54,0,0,0,0.452464,0.174345,1
2,multi_greedy,1,52,2,2,2,0.582416,145.667000,0.072802,31,0.278119,54,0,2,0,0.452464,0.174345,1
2,multi_greedy,1,53,0,0,3,0.000000,96.166700,1.039861,28,0.278119,54,0,0,0,0.452464,0.174345,1
2,multi_greedy,1,54,2,2,3,0.000000,145.667000,0.686497,31,0.278119,54,0,2,0,0.452464,0.174345,1
2,multi_greedy,1,55,0,0,3,0.000000,96.166700,1.039861,28,0.278119,54,0,0,0,0.452464,0.174345,1
2,multi_greedy,1,56,0,0,3,0.000000,96.166700,1.039861,28,0.278119,54,0,0,0,0.452464,0.174345,1
2,multi_greedy,1,57,1,1,2,5.788878,80.833300,0.723610,21,0.278119,54,0,1,0,0.452464,0.174345,1
2,multi_greedy,1,58,0,0,1,3.505625,96.166700,1.168542,28,0.278119,54,0,0,0,0.452464,0.174345,1
2,multi_greedy,1,59,2,2,2,0.582416,145.667000,0.072802,31,0.278119,54,0,2,0,0.452464,0.174345,1
2,multi_greedy,1,60,0,0,2,5.312542,96.166700,0.664068,28,0.278119,54,0,0,0,0.452464,0.174345,1
2,multi_greedy,1,61,0,0,4,0.000000,96.166700,0.415944,28,0.278119,54,0,0,0,0.452464,0.174345,1
2,multi_greedy,1,62,0,0,2,5.312518,96.166700,0.664065,28,0.278119,54,0,0,0,0.452464,0.174345,1
2,multi_greedy,1,63,0,0,4,0.000000,96.166700,0.415944,28,0.278119,54,0,0,0,0.452464,0.174345,1
2,multi_greedy,1,64,2,2,4,0.000000,145.667000,0.274599,31,0.278119,54,0,2,0,0.452464,0.174345,1
2,multi_greedy,1,65,0,0,1,3.508842,96.166700,1.169614,28,0.278119,54,0,0,0,0.452464,0.174345,1
2,multi_greedy,1,66,1,1,4,0.000000,80.833300,0.494846,21,0.278119,54,0,1,0,0.452464,0.174345,1
2,multi_greedy,1,67,2,2,3,0.000000,145.667000,0.686497,31,0.278119,54,0,2,0,0.452464,0.174345,1
2,multi_greedy,1,68,1,1,1,3.507620,80.833300,1.169207,21,0.278119,54,0,1,0,0.452464,0.174345,1
2,multi_greedy,1,69,1,1,4,0.000000,80.833300,0.494846,21,0.278119,54,0,1,0,0.452464,0.174345,1
2,multi_greedy,1,70,2,2,2,0.728911,145.667000,0.091114,31,0.278119,54,0,1,1,0.452464,0.174345,1
2,multi_greedy,1,71,1,1,2,5.373730,80.833300,0.671716,21,0.278119,54,0,1,0,0.452464,0.174345,1
2,multi_greedy,1,72,2,2,1,1.696332,145.667000,0.565444,31,0.278119,54,0,2,0,0.452464,0.174345,1
2,multi_greedy,1,73,1,1,1,3.508452,80.833300,1.169484,21,0.278119,54,0,1,0,0.452464,0.174345,1
2,multi_greedy,1,74,2,2,2,0.728900,145.667000,0.091112,31,0.278119,54,0,1,1,0.452464,0.174345,1
2,multi_greedy,1,75,0,0,3,0.000000,96.166700,1.039861,28,0.278119,54,0,0,0,0.452464,0.174345,1
2,multi_greedy,1,76,0,0,2,5.311414,96.166700,0.663927,28,0.278119,54,0,0,0,0.452464,0.174345,1
2,multi_greedy,1,77,0,0,2,5.312483,96.166700,0.664060,28,0.278119,54,0,0,0,0.452464,0.174345,1
2,multi_greedy,1,78,2,2,4,0.000000,145.667000,0.274599,31,0.278119,54,0,2,0,0.452464,0.174345,1
2,multi_greedy,1,79,2,2,2,0.727830,145.667000,0.090979,31,0.278119,54,0,1,1,0.452464,0.174345,1
2,multi_greedy,1,80,1,1,3,0.000000,80.833300,1.237114,21,0.278119,54,0,1,0,0.452464,0.174345,1
2,multi_greedy,2,1,1,1,3,0.000000,86.500000,1.156069,26,0.372748,40,0,1,0,0.637392,0.264644,1
2,multi_greedy,2,2,0,0,1,3.514016,98.166700,1.171339,31,0.372748,40,0,0,0,0.637392,0.264644,1
2,multi_greedy,2,3,2,2,4,0.000000,54.333300,0.736197,23,0.372748,40,0,2,0,0.637392,0.264644,1
2,multi_greedy,2,4,2,2,1,2.362149,54.333300,0.787383,23,0.372748,40,0,2,0,0.637392,0.264644,1
2,multi_greedy,2,5,2,2,4,0.000000,54.333300,0.736197,23,0.372748,40,0,2,0,0.637392,0.264644,1
2,multi_greedy,2,6,1,1,4,0.000000,86.500000,0.462428,26,0.372748,40,0,1,0,0.637392,0.264644,1
2,multi_greedy,2,7,0,0,2,4.224020,98.166700,0.528002,31,0.372748,40,0,0,0,0.637392,0.264644,1
2,multi_greedy,2,8,0,0,2,4.205381,98.166700,0.525673,31,0.372748,40,0,0,0,0.637392,0.264644,1
2,multi_greedy,2,9,0,0,2,4.238265,98.166700,0.529783,31,0.372748,40,0,0,0,0.637392,0.264644,1
2,multi_greedy,2,10,0,0,2,4.225072,98.166700,0.528134,31,0.372748,40,0,0,0,0.637392,0.264644,1
2,multi_greedy,2,11,1,1,3,0.000000,86.500000,1.156069,26,0.372748,40,0,1,0,0.637392,0.264644,1
2,multi_greedy,2,12,0,0,2,4.225042,98.166700,0.528130,31,0.372748,40,0,0,0,0.637392,0.264644,1
2,multi_greedy,2,13,1,1,3,0.000000,86.500000,1.156069,26,0.372748,40,0,1,0,0.637392,0.264644,1
2,multi_greedy,2,14,2,2,4,0.000000,54.333300,0.736197,23,0.372748,40,0,2,0,0.637392,0.264644,1
2,multi_greedy,2,15,0,0,2,4.225094,98.166700,0.528137,31,0.372748,40,0,0,0,0.637392,0.264644,1
2,multi_greedy,2,16,2,2,2,0.412045,54.333300,0.051506,23,0.372748,40,0,0,1,0.637392,0.264644,1
2,multi_greedy,2,17,0,0,2,4.234992,98.166700,0.529374,31,0.372748,40,0,0,0,0.637392,0.264644,1
2,multi_greedy,2,18,2,2,4,0.000000,54.333300,0.736197,23,0.372748,40,0,2,0,0.637392,0.264644,1
2,multi_greedy,2,19,0,0,3,0.000000,98.166700,1.018675,31,0.372748,40,0,0,0,0.637392,0.264644,1
2,multi_greedy,2,20,0,0,1,3.506236,98.166700,1.168745,31,0.372748,40,0,0,0,0.637392,0.264644,1
2,multi_greedy,2,21,1,1,4,0.000000,86.500000,0.462428,26,0.372748,40,0,1,0,0.637392,0.264644,1
2,multi_greedy,2,22,1,1,2,3.239415,86.500000,0.404927,26,0.372748,40,0,1,0,0.637392,0.264644,1
2,multi_greedy,2,23,2,2,2,0.412045,54.333300,0.051506,23,0.372748,40,0,0,1,0.637392,0.264644,1
2,multi_greedy,2,24,2,2,4,0.000000,54.333300,0.736197,23,0.372748,40,0,2,0,0.637392,0.264644,1
2,multi_greedy,2,25,2,2,1,2.536407,54.333300,0.845469,23,0.372748,40,0,2,0,0.637392,0.264644,1
2,multi_greedy,2,26,2,2,2,0.412032,54.333300,0.051504,23,0.372748,40,0,0,1,0.637392,0.264644,1
2,multi_greedy,2,27,2,2,1,2.449509,54.333300,0.816503,23,0.372748,40,0,2,0,0.637392,0.264644,1
2,multi_greedy,2,28,1,1,4,0.000000,86.500000,0.462428,26,0.372748,40,0,1,0,0.637392,0.264644,1
2,multi_greedy,2,29,0,0,2,4.235015,98.166700,0.529377,31,0.372748,40,0,0,0,0.637392,0.264644,1
2,multi_greedy,2,30,1,1,3,0.000000,86.500000,1.156069,26,0.372748,40,0,1,0,0.637392,0.264644,1
2,multi_greedy,2,31,2,2,3,0.000000,54.333300,1.840492,23,0.372748,40,0,2,0,0.637392,0.264644,1
2,multi_greedy,2,32,1,1,3,0.000000,86.500000,1.156069,26,0.372748,40,0,1,0,0.637392,0.264644,1
2,multi_greedy,2,33,2,2,1,2.575615,54.333300,0.858538,23,0.372748,40,0,2,0,0.637392,0.264644,1
2,multi_greedy,2,34,0,0,3,0.000000,98.166700,1.018675,31,0.372748,40,0,0,0,0.637392,0.264644,1
2,multi_greedy,2,35,1,1,2,3.225128,86.500000,0.403141,26,0.372748,40,0,1,0,0.637392,0.264644,1
2,multi_greedy,2,36,0,0,2,4.225071,98.166700,0.528134,31,0.372748,40,0,0,0,0.637392,0.264644,1
2,multi_greedy,2,37,0,0,4,0.000000,98.166700,0.407470,31,0.372748,40,0,2,1,0.637392,0.264644,1
2,multi_greedy,2,38,1,1,2,3.225122,86.500000,0.403140,26,0.372748,40,0,1,0,0.637392,0.264644,1
2,multi_greedy,2,39,0,0,4,0.000000,98.166700,0.407470,31,0.372748,40,0,2,1,0.637392,0.264644,1
2,multi_greedy,2,40,0,0,1,2.648503,98.166700,0.882834,31,0.372748,40,0,0,0,0.637392,0.264644,1
2,multi_greedy,2,41,1,1,2,3.226204,86.500000,0.403275,26,0.372748,40,0,1,0,0.637392,0.264644,1
2,multi_greedy,2,42,2,2,4,0.000000,54.333300,0.736197,23,0.372748,40,0,2,0,0.637392,0.264644,1
2,multi_greedy,2,43,2,2,1,2.579670,54.333300,0.859890,23,0.372748,40,0,2,0,0.637392,0.264644,1
2,multi_greedy,2,44,0,0,4,0.000000,98.166700,0.407470,31,0.372748,40,0,2,1,0.637392,0.264644,1
2,multi_greedy,2,45,1,1,2,3.238358,86.500000,0.404795,26,0.372748,40,0,1,0,0.637392,0.264644,1
2,multi_greedy,2,46,2,2,1,2.500900,54.333300,0.833633,23,0.372748,40,0,2,0,0.637392,0.264644,1
2,multi_greedy,2,47,1,1,3,0.000000,86.500000,1.156069,26,0.372748,40,0,1,0,0.637392,0.264644,1
2,multi_greedy,2,48,1,1,4,0.000000,86.500000,0.462428,26,0.372748,40,0,1,0,0.637392,0.264644,1
2,multi_greedy,2,49,0,0,2,4.225106,98.166700,0.528138,31,0.372748,40,0,0,0,0.637392,0.264644,1
2,multi_greedy,2,50,1,1,3,0.000000,86.500000,1.156069,26,0.372748,40,0,1,0,0.637392,0.264644,1
2,multi_greedy,2,51,0,0,1,3.506739,98.166700,1.168913,31,0.372748,40,0,0,0,0.637392,0.264644,1
2,multi_greedy,2,52,2,2,2,0.412021,54.333300,0.051503,23,0.372748,40,0,0,1,0.637392,0.264644,1
2,multi_greedy,2,53,0,0,3,0.000000,98.166700,1.018675,31,0.372748,40,0,0,0,0.637392,0.264644,1
2,multi_greedy,2,54,2,2,3,0.000000,54.333300,1.840492,23,0.372748,40,0,2,0,0.637392,0.264644,1
2,multi_greedy,2,55,0,0,3,0.000000,98.166700,1.018675,31,0.372748,40,0,0,0,0.637392,0.264644,1
2,multi_greedy,2,56,0,0,3,0.000000,98.166700,1.018675,31,0.372748,40,0,0,0,0.637392,0.264644,1
2,multi_greedy,2,57,1,1,2,3.226234,86.500000,0.403279,26,0.372748,40,0,1,0,0.637392,0.264644,1
2,multi_greedy,2,58,0,0,1,3.505625,98.166700,1.168542,31,0.372748,40,0,0,0,0.637392,0.264644,1
2,multi_greedy,2,59,2,2,2,0.410923,54.333300,0.051365,23,0.372748,40,1,0,1,0.637392,0.264644,1
2,multi_greedy,2,60,0,0,2,4.222962,98.166700,0.527870,31,0.372748,40,0,0,0,0.637392,0.264644,1
2,multi_greedy,2,61,0,0,4,0.000000,98.166700,0.407470,31,0.372748,40,0,0,0,0.637392,0.264644,1
2,multi_greedy,2,62,0,0,2,4.222857,98.166700,0.527857,31,0.372748,40,0,0,0,0.637392,0.264644,1
2,multi_greedy,2,63,0,0,4,0.000000,98.166700,0.407470,31,0.372748,40,0,0,0,0.637392,0.264644,1
2,multi_greedy,2,64,2,2,4,0.000000,54.333300,0.736197,23,0.372748,40,0,2,0,0.637392,0.264644,1
2,multi_greedy,2,65,0,0,1,3.506847,98.166700,1.168949,31,0.372748,40,0,0,0,0.637392,0.264644,1
2,multi_greedy,2,66,1,1,4,0.000000,86.500000,0.462428,26,0.372748,40,0,1,0,0.637392,0.264644,1
2,multi_greedy,2,67,2,2,3,0.000000,54.333300,1.840492,23,0.372748,40,0,2,0,0.637392,0.264644,1
2,multi_greedy,2,68,1,1,1,3.506577,86.500000,1.168859,26,0.372748,40,0,1,0,0.637392,0.264644,1
2,multi_greedy,2,69,1,1,4,0.000000,86.500000,0.462428,26,0.372748,40,0,1,0,0.637392,0.264644,1
2,multi_greedy,2,70,1,1,2,3.245938,86.500000,0.405742,26,0.372748,40,0,1,0,0.637392,0.264644,1
2,multi_greedy,2,71,1,1,2,3.226252,86.500000,0.403282,26,0.372748,40,0,1,0,0.637392,0.264644,1
2,multi_greedy,2,72,2,2,1,2.195333,54.333300,0.731778,23,0.372748,40,0,2,0,0.637392,0.264644,1
2,multi_greedy,2,73,1,1,1,3.504744,86.500000,1.168248,26,0.372748,40,0,1,0,0.637392,0.264644,1
2,multi_greedy,2,74,1,1,2,3.245939,86.500000,0.405742,26,0.372748,40,0,1,0,0.637392,0.264644,1
2,multi_greedy,2,75,0,0,3,0.000000,98.166700,1.018675,31,0.372748,40,0,0,0,0.637392,0.264644,1
2,multi_greedy,2,76,0,0,2,4.222909,98.166700,0.527864,31,0.372748,40,0,0,0,0.637392,0.264644,1
2,multi_greedy,2,77,0,0,2,4.222932,98.166700,0.527866,31,0.372748,40,0,0,0,0.637392,0.264644,1
2,multi_greedy,2,78,2,2,4,0.000000,54.333300,0.736197,23,0.372748,40,0,2,0,0.637392,0.264644,1
2,multi_greedy,2,79,1,1,2,3.238218,86.500000,0.404777,26,0.372748,40,0,1,0,0.637392,0.264644,1
2,multi_greedy,2,80,1,1,3,0.000000,86.500000,1.156069,26,0.372748,40,0,1,0,0.637392,0.264644,1
2,multi_greedy,3,1,1,1,3,0.000000,86.333300,1.158302,26,0.591631,37,0,1,0,0.659814,0.068183,1
2,multi_greedy,3,2,0,0,1,2.633571,101.000000,0.877857,33,0.591631,37,0,0,0,0.659814,0.068183,1
2,multi_greedy,3,3,2,2,4,0.000000,52.666700,0.759493,21,0.591631,37,0,2,0,0.659814,0.068183,1
2,multi_greedy,3,4,2,2,1,2.706128,52.666700,0.902043,21,0.591631,37,0,2,0,0.659814,0.068183,1
2,multi_greedy,3,5,2,2,4,0.000000,52.666700,0.759493,21,0.591631,37,0,2,0,0.659814,0.068183,1
2,multi_greedy,3,6,1,1,4,0.000000,86.333300,0.463321,26,0.591631,37,0,2,1,0.659814,0.068183,1
2,multi_greedy,3,7,0,0,2,3.092802,101.000000,0.386600,33,0.591631,37,1,0,0,0.659814,0.068183,1
2,multi_greedy,3,8,0,0,2,3.114720,101.000000,0.389340,33,0.591631,37,0,0,0,0.659814,0.068183,1
2,multi_greedy,3,9,0,0,2,3.137725,101.000000,0.392216,33,0.591631,37,0,0,0,0.659814,0.068183,1
2,multi_greedy,3,10,0,0,2,3.096099,101.000000,0.387012,33,0.591631,37,0,0,0,0.659814,0.068183,1
2,multi_greedy,3,11,1,1,3,0.000000,86.333300,1.158302,26,0.591631,37,0,1,0,0.659814,0.068183,1
2,multi_greedy,3,12,0,0,2,3.138825,101.000000,0.392353,33,0.591631,37,0,0,0,0.659814,0.068183,1
2,multi_greedy,3,13,1,1,3,0.000000,86.333300,1.158302,26,0.591631,37,0,1,0,0.659814,0.068183,1
2,multi_greedy,3,14,2,2,4,0.000000,52.666700,0.759493,21,0.591631,37,0,2,0,0.659814,0.068183,1
2,multi_greedy,3,15,0,0,2,3.138849,101.000000,0.392356,33,0.591631,37,0,0,0,0.659814,0.068183,1
2,multi_greedy,3,16,0,0,2,3.189002,101.000000,0.398625,33,0.591631,37,0,0,0,0.659814,0.068183,1
2,multi_greedy,3,17,0,0,2,3.140988,101.000000,0.392624,33,0.591631,37,0,0,0,0.659814,0.068183,1
2,multi_greedy,3,18,2,2,4,0.000000,52.666700,0.759493,21,0.591631,37,0,2,0,0.659814,0.068183,1
2,multi_greedy,3,19,0,0,3,0.000000,101.000000,0.990099,33,0.591631,37,0,0,0,0.659814,0.068183,1
2,multi_greedy,3,20,0,0,1,3.506577,101.000000,1.168859,33,0.591631,37,0,0,0,0.659814,0.068183,1
2,multi_greedy,3,21,1,1,4,0.000000,86.333300,0.463321,26,0.591631,37,0,2,1,0.659814,0.068183,1
2,multi_greedy,3,22,1,1,2,3.268919,86.333300,0.408615,26,0.591631,37,0,1,0,0.659814,0.068183,1
2,multi_greedy,3,23,0,0,2,3.191311,101.000000,0.398914,33,0.591631,37,0,0,0,0.659814,0.068183,1
2,multi_greedy,3,24,2,2,4,0.000000,52.666700,0.759493,21,0.591631,37,0,2,0,0.659814,0.068183,1
2,multi_greedy,3,25,2,2,1,2.907765,52.666700,0.969255,21,0.591631,37,0,2,0,0.659814,0.068183,1
2,multi_greedy,3,26,0,0,2,3.191312,101.000000,0.398914,33,0.591631,37,0,0,0,0.659814,0.068183,1
2,multi_greedy,3,27,2,2,1,2.550903,52.666700,0.850301,21,0.591631,37,0,2,0,0.659814,0.068183,1
2,multi_greedy,3,28,1,1,4,0.000000,86.333300,0.463321,26,0.591631,37,0,2,1,0.659814,0.068183,1
2,multi_greedy,3,29,0,0,2,3.135523,101.000000,0.391940,33,0.591631,37,0,0,0,0.659814,0.068183,1
2,multi_greedy,3,30,1,1,3,0.000000,86.333300,1.158302,26,0.591631,37,0,1,0,0.659814,0.068183,1
2,multi_greedy,3,31,2,2,3,0.000000,52.666700,1.898733,21,0.591631,37,0,2,0,0.659814,0.068183,1
2,multi_greedy,3,32,1,1,3,0.000000,86.333300,1.158302,26,0.591631,37,0,1,0,0.659814,0.068183,1
2,multi_greedy,3,33,2,2,1,2.536906,52.666700,0.845635,21,0.591631,37,0,2,0,0.659814,0.068183,1
2,multi_greedy,3,34,0,0,3,0.000000,101.000000,0.990099,33,0.591631,37,0,0,0,0.659814,0.068183,1
2,multi_greedy,3,35,1,1,2,3.205514,86.333300,0.400689,26,0.591631,37,0,1,0,0.659814,0.068183,1
2,multi_greedy,3,36,0,0,2,3.096063,101.000000,0.387008,33,0.591631,37,0,0,0,0.659814,0.068183,1
2,multi_greedy,3,37,2,2,4,0.000000,52.666700,0.759493,21,0.591631,37,0,2,0,0.659814,0.068183,1
2,multi_greedy,3,38,1,1,2,3.202176,86.333300,0.400272,26,0.591631,37,0,1,0,0.659814,0.068183,1
2,multi_greedy,3,39,2,2,4,0.000000,52.666700,0.759493,21,0.591631,37,0,2,0,0.659814,0.068183,1
2,multi_greedy,3,40,0,0,1,3.506631,101.000000,1.168877,33,0.591631,37,0,0,0,0.659814,0.068183,1
2,multi_greedy,3,41,1,1,2,3.200941,86.333300,0.400118,26,0.591631,37,0,1,0,0.659814,0.068183,1
2,multi_greedy,3,42,2,2,4,0.000000,52.666700,0.759493,21,0.591631,37,0,2,0,0.659814,0.068183,1
2,multi_greedy,3,43,2,2,1,2.719605,52.666700,0.906535,21,0.591631,37,0,2,0,0.659814,0.068183,1
2,multi_greedy,3,44,2,2,4,0.000000,52.666700,0.759493,21,0.591631,37,0,2,0,0.659814,0.068183,1
2,multi_greedy,3,45,1,1,2,3.267833,86.333300,0.408479,26,0.591631,37,0,1,0,0.659814,0.068183,1
2,multi_greedy,3,46,2,2,1,2.778086,52.666700,0.926029,21,0.591631,37,0,2,0,0.659814,0.068183,1
2,multi_greedy,3,47,1,1,3,0.000000,86.333300,1.158302,26,0.591631,37,0,1,0,0.659814,0.068183,1
2,multi_greedy,3,48,1,1,4,0.000000,86.333300,0.463321,26,0.591631,37,0,2,1,0.659814,0.068183,1
2,multi_greedy,3,49,0,0,2,3.097221,101.000000,0.387153,33,0.591631,37,0,0,0,0.659814,0.068183,1
2,multi_greedy,3,50,1,1,3,0.000000,86.333300,1.158302,26,0.591631,37,0,1,0,0.659814,0.068183,1
2,multi_greedy,3,51,0,0,1,3.505409,101.000000,1.168470,33,0.591631,37,0,0,0,0.659814,0.068183,1
2,multi_greedy,3,52,0,0,2,3.193521,101.000000,0.399190,33,0.591631,37,0,0,0,0.659814,0.068183,1
2,multi_greedy,3,53,0,0,3,0.000000,101.000000,0.990099,33,0.591631,37,0,0,0,0.659814,0.068183,1
2,multi_greedy,3,54,2,2,3,0.000000,52.666700,1.898733,21,0.591631,37,0,2,0,0.659814,0.068183,1
2,multi_greedy,3,55,0,0,3,0.000000,101.000000,0.990099,33,0.591631,37,0,0,0,0.659814,0.068183,1
2,multi_greedy,3,56,0,0,3,0.000000,101.000000,0.990099,33,0.591631,37,0,0,0,0.659814,0.068183,1
2,multi_greedy,3,57,1,1,2,3.200953,86.333300,0.400119,26,0.591631,37,0,1,0,0.659814,0.068183,1
2,multi_greedy,3,58,0,0,1,3.506577,101.000000,1.168859,33,0.591631,37,0,0,0,0.659814,0.068183,1
2,multi_greedy,3,59,0,0,2,3.192352,101.000000,0.399044,33,0.591631,37,0,0,0,0.659814,0.068183,1
2,multi_greedy,3,60,0,0,2,3.096104,101.000000,0.387013,33,0.591631,37,0,0,0,0.659814,0.068183,1
2,multi_greedy,3,61,0,0,4,0.000000,101.000000,0.396040,33,0.591631,37,0,2,1,0.659814,0.068183,1
2,multi_greedy,3,62,0,0,2,3.098243,101.000000,0.387280,33,0.591631,37,0,0,0,0.659814,0.068183,1
2,multi_greedy,3,63,0,0,4,0.000000,101.000000,0.396040,33,0.591631,37,0,2,1,0.659814,0.068183,1
2,multi_greedy,3,64,2,2,4,0.000000,52.666700,0.759493,21,0.591631,37,0,2,0,0.659814,0.068183,1
2,multi_greedy,3,65,0,0,1,3.507744,101.000000,1.169248,33,0.591631,37,0,0,0,0.659814,0.068183,1
2,multi_greedy,3,66,1,1,4,0.000000,86.333300,0.463321,26,0.591631,37,0,2,1,0.659814,0.068183,1
2,multi_greedy,3,67,2,2,3,0.000000,52.666700,1.898733,21,0.591631,37,0,2,0,0.659814,0.068183,1
2,multi_greedy,3,68,1,1,1,3.505517,86.333300,1.168506,26,0.591631,37,0,1,0,0.659814,0.068183,1
2,multi_greedy,3,69,1,1,4,0.000000,86.333300,0.463321,26,0.591631,37,0,2,1,0.659814,0.068183,1
2,multi_greedy,3,70,1,1,2,3.267710,86.333300,0.408464,26,0.591631,37,0,1,0,0.659814,0.068183,1
2,multi_greedy,3,71,1,1,2,3.201119,86.333300,0.400140,26,0.591631,37,0,1,0,0.659814,0.068183,1
2,multi_greedy,3,72,2,2,1,2.736711,52.666700,0.912237,21,0.591631,37,0,2,0,0.659814,0.068183,1
2,multi_greedy,3,73,1,1,1,3.506128,86.333300,1.168709,26,0.591631,37,0,1,0,0.659814,0.068183,1
2,multi_greedy,3,74,1,1,2,3.267704,86.333300,0.408463,26,0.591631,37,0,1,0,0.659814,0.068183,1
2,multi_greedy,3,75,0,0,3,0.000000,101.000000,0.990099,33,0.591631,37,0,0,0,0.659814,0.068183,1
2,multi_greedy,3,76,0,0,2,3.140946,101.000000,0.392618,33,0.591631,37,0,0,0,0.659814,0.068183,1
2,multi_greedy,3,77,0,0,2,3.094005,101.000000,0.386751,33,0.591631,37,0,0,0,0.659814,0.068183,1
2,multi_greedy,3,78,2,2,4,0.000000,52.666700,0.759493,21,0.591631,37,0,2,0,0.659814,0.068183,1
2,multi_greedy,3,79,1,1,2,3.179167,86.333300,0.397396,26,0.591631,37,0,1,0,0.659814,0.068183,1
2,multi_greedy,3,80,1,1,3,0.000000,86.333300,1.158302,26,0.591631,37,0,1,0,0.659814,0.068183,1
2,multi_greedy,4,1,1,1,3,0.000000,87.500000,1.142857,20,0.627123,29,0,1,0,0.634298,0.007175,1
2,multi_greedy,4,2,0,0,1,2.618419,100.667000,0.872806,31,0.627123,29,0,0,0,0.634298,0.007175,1
2,multi_greedy,4,3,2,2,4,0.000000,53.166700,0.752351,29,0.627123,29,0,2,0,0.634298,0.007175,1
2,multi_greedy,4,4,2,2,1,2.665122,53.166700,0.888374,29,0.627123,29,0,2,0,0.634298,0.007175,1
2,multi_greedy,4,5,2,2,4,0.000000,53.166700,0.752351,29,0.627123,29,0,2,0,0.634298,0.007175,1
2,multi_greedy,4,6,2,2,4,0.000000,53.166700,0.752351,29,0.627123,29,0,2,0,0.634298,0.007175,1
2,multi_greedy,4,7,0,0,2,3.205362,100.667000,0.400670,31,0.627123,29,0,0,0,0.634298,0.007175,1
2,multi_greedy,4,8,0,0,2,3.205473,100.667000,0.400684,31,0.627123,29,0,0,0,0.634298,0.007175,1
2,multi_greedy,4,9,0,0,2,3.146420,100.667000,0.393302,31,0.627123,29,0,0,0,0.634298,0.007175,1
2,multi_greedy,4,10,0,0,2,3.207633,100.667000,0.400954,31,0.627123,29,0,2,1,0.634298,0.007175,1
2,multi_greedy,4,11,1,1,3,0.000000,87.500000,1.142857,20,0.627123,29,0,1,0,0.634298,0.007175,1
2,multi_greedy,4,12,0,0,2,3.133277,100.667000,0.391660,31,0.627123,29,1,0,0,0.634298,0.007175,1
2,multi_greedy,4,13,1,1,3,0.000000,87.500000,1.142857,20,0.627123,29,0,1,0,0.634298,0.007175,1
2,multi_greedy,4,14,2,2,4,0.000000,53.166700,0.752351,29,0.627123,29,0,2,0,0.634298,0.007175,1
2,multi_greedy,4,15,0,0,2,3.134328,100.667000,0.391791,31,0.627123,29,0,0,0,0.634298,0.007175,1
2,multi_greedy,4,16,0,0,2,3.154050,100.667000,0.394256,31,0.627123,29,0,0,0,0.634298,0.007175,1
2,multi_greedy,4,17,0,0,2,3.138797,100.667000,0.392350,31,0.627123,29,0,0,0,0.634298,0.007175,1
2,multi_greedy,4,18,2,2,4,0.000000,53.166700,0.752351,29,0.627123,29,0,2,0,0.634298,0.007175,1
2,multi_greedy,4,19,0,0,3,0.000000,100.667000,0.993374,31,0.627123,29,0,0,0,0.634298,0.007175,1
2,multi_greedy,4,20,0,0,1,3.506739,100.667000,1.168913,31,0.627123,29,0,0,0,0.634298,0.007175,1
2,multi_greedy,4,21,2,2,4,0.000000,53.166700,0.752351,29,0.627123,29,0,2,0,0.634298,0.007175,1
2,multi_greedy,4,22,1,1,2,3.314701,87.500000,0.414338,20,0.627123,29,0,1,0,0.634298,0.007175,1
2,multi_greedy,4,23,0,0,2,3.187974,100.667000,0.398497,31,0.627123,29,0,0,0,0.634298,0.007175,1
2,multi_greedy,4,24,2,2,4,0.000000,53.166700,0.752351,29,0.627123,29,0,2,0,0.634298,0.007175,1
2,multi_greedy,4,25,2,2,1,2.601588,53.166700,0.867196,29,0.627123,29,0,2,0,0.634298,0.007175,1
2,multi_greedy,4,26,0,0,2,3.189037,100.667000,0.398630,31,0.627123,29,0,0,0,0.634298,0.007175,1
2,multi_greedy,4,27,2,2,1,2.526446,53.166700,0.842149,29,0.627123,29,0,2,0,0.634298,0.007175,1
2,multi_greedy,4,28,2,2,4,0.000000,53.166700,0.752351,29,0.627123,29,0,2,0,0.634298,0.007175,1
2,multi_greedy,4,29,0,0,2,3.149713,100.667000,0.393714,31,0.627123,29,0,0,0,0.634298,0.007175,1
2,multi_greedy,4,30,1,1,3,0.000000,87.500000,1.142857,20,0.627123,29,0,1,0,0.634298,0.007175,1
2,multi_greedy,4,31,2,2,3,0.000000,53.166700,1.880877,29,0.627123,29,0,2,0,0.634298,0.007175,1
2,multi_greedy,4,32,1,1,3,0.000000,87.500000,1.142857,20,0.627123,29,0,1,0,0.634298,0.007175,1
2,multi_greedy,4,33,2,2,1,2.872831,53.166700,0.957610,29,0.627123,29,0,2,0,0.634298,0.007175,1
2,multi_greedy,4,34,0,0,3,0.000000,100.667000,0.993374,31,0.627123,29,0,0,0,0.634298,0.007175,1
2,multi_greedy,4,35,1,1,2,3.206571,87.500000,0.400821,20,0.627123,29,0,1,0,0.634298,0.007175,1
2,multi_greedy,4,36,0,0,2,3.206538,100.667000,0.400817,31,0.627123,29,0,0,0,0.634298,0.007175,1
2,multi_greedy,4,37,2,2,4,0.000000,53.166700,0.752351,29,0.627123,29,0,2,0,0.634298,0.007175,1
2,multi_greedy,4,38,1,1,2,3.208776,87.500000,0.401097,20,0.627123,29,0,1,0,0.634298,0.007175,1
2,multi_greedy,4,39,2,2,4,0.000000,53.166700,0.752351,29,0.627123,29,0,2,0,0.634298,0.007175,1
2,multi_greedy,4,40,0,0,1,3.507458,100.667000,1.169153,31,0.627123,29,0,0,0,0.634298,0.007175,1
2,multi_greedy,4,41,1,1,2,3.205397,87.500000,0.400675,20,0.627123,29,0,1,0,0.634298,0.007175,1
2,multi_greedy,4,42,2,2,4,0.000000,53.166700,0.752351,29,0.627123,29,0,2,0,0.634298,0.007175,1
2,multi_greedy,4,43,2,2,1,2.529500,53.166700,0.843167,29,0.627123,29,0,2,0,0.634298,0.007175,1
2,multi_greedy,4,44,2,2,4,0.000000,53.166700,0.752351,29,0.627123,29,0,2,0,0.634298,0.007175,1
2,multi_greedy,4,45,1,1,2,3.312519,87.500000,0.414065,20,0.627123,29,0,1,0,0.634298,0.007175,1
2,multi_greedy,4,46,2,2,1,2.730489,53.166700,0.910163,29,0.627123,29,0,2,0,0.634298,0.007175,1
2,multi_greedy,4,47,1,1,3,0.000000,87.500000,1.142857,20,0.627123,29,0,1,0,0.634298,0.007175,1
2,multi_greedy,4,48,2,2,4,0.000000,53.166700,0.752351,29,0.627123,29,0,2,0,0.634298,0.007175,1
2,multi_greedy,4,49,0,0,2,3.206538,100.667000,0.400817,31,0.627123,29,0,0,0,0.634298,0.007175,1
2,multi_greedy,4,50,1,1,3,0.000000,87.500000,1.142857,20,0.627123,29,0,1,0,0.634298,0.007175,1
2,multi_greedy,4,51,0,0,1,3.506793,100.667000,1.168931,31,0.627123,29,0,0,0,0.634298,0.007175,1
2,multi_greedy,4,52,0,0,2,3.187997,100.667000,0.398500,31,0.627123,29,0,0,0,0.634298,0.007175,1
2,multi_greedy,4,53,0,0,3,0.000000,100.667000,0.993374,31,0.627123,29,0,0,0,0.634298,0.007175,1
2,multi_greedy,4,54,2,2,3,0.000000,53.166700,1.880877,29,0.627123,29,0,2,0,0.634298,0.007175,1
2,multi_greedy,4,55,0,0,3,0.000000,100.667000,0.993374,31,0.627123,29,0,0,0,0.634298,0.007175,1
2,multi_greedy,4,56,0,0,3,0.000000,100.667000,0.993374,31,0.627123,29,0,0,0,0.634298,0.007175,1
2,multi_greedy,4,57,1,1,2,3.205375,87.500000,0.400672,20,0.627123,29,0,1,0,0.634298,0.007175,1
2,multi_greedy,4,58,0,0,1,3.506236,100.667000,1.168745,31,0.627123,29,0,0,0,0.634298,0.007175,1
2,multi_greedy,4,59,0,0,2,3.187856,100.667000,0.398482,31,0.627123,29,0,0,0,0.634298,0.007175,1
2,multi_greedy,4,60,0,0,2,3.206556,100.667000,0.400819,31,0.627123,29,0,2,1,0.634298,0.007175,1
2,multi_greedy,4,61,2,2,4,0.000000,53.166700,0.752351,29,0.627123,29,0,2,0,0.634298,0.007175,1
2,multi_greedy,4,62,0,0,2,3.206543,100.667000,0.400818,31,0.627123,29,0,2,1,0.634298,0.007175,1
2,multi_greedy,4,63,2,2,4,0.000000,53.166700,0.752351,29,0.627123,29,0,2,0,0.634298,0.007175,1
2,multi_greedy,4,64,2,2,4,0.000000,53.166700,0.752351,29,0.627123,29,0,2,0,0.634298,0.007175,1
2,multi_greedy,4,65,0,0,1,2.550392,100.667000,0.850131,31,0.627123,29,0,0,0,0.634298,0.007175,1
2,multi_greedy,4,66,2,2,4,0.000000,53.166700,0.752351,29,0.627123,29,0,2,0,0.634298,0.007175,1
2,multi_greedy,4,67,2,2,3,0.000000,53.166700,1.880877,29,0.627123,29,0,2,0,0.634298,0.007175,1
2,multi_greedy,4,68,1,1,1,3.504349,87.500000,1.168116,20,0.627123,29,0,1,0,0.634298,0.007175,1
2,multi_greedy,4,69,2,2,4,0.000000,53.166700,0.752351,29,0.627123,29,0,2,0,0.634298,0.007175,1
2,multi_greedy,4,70,1,1,2,3.313583,87.500000,0.414198,20,0.627123,29,0,1,0,0.634298,0.007175,1
2,multi_greedy,4,71,1,1,2,3.207562,87.500000,0.400945,20,0.627123,29,0,1,0,0.634298,0.007175,1
2,multi_greedy,4,72,2,2,1,2.830678,53.166700,0.943559,29,0.627123,29,0,2,0,0.634298,0.007175,1
2,multi_greedy,4,73,1,1,1,3.504349,87.500000,1.168116,20,0.627123,29,0,1,0,0.634298,0.007175,1
2,multi_greedy,4,74,1,1,2,3.313592,87.500000,0.414199,20,0.627123,29,0,1,0,0.634298,0.007175,1
2,multi_greedy,4,75,0,0,3,0.000000,100.667000,0.993374,31,0.627123,29,0,0,0,0.634298,0.007175,1
2,multi_greedy,4,76,0,0,2,3.134328,100.667000,0.391791,31,0.627123,29,0,0,0,0.634298,0.007175,1
2,multi_greedy,4,77,0,0,2,3.206497,100.667000,0.400812,31,0.627123,29,0,0,0,0.634298,0.007175,1
2,multi_greedy,4,78,2,2,4,0.000000,53.166700,0.752351,29,0.627123,29,0,2,0,0.634298,0.007175,1
2,multi_greedy,4,79,1,1,2,3.315777,87.500000,0.414472,20,0.627123,29,0,1,0,0.634298,0.007175,1
2,multi_greedy,4,80,1,1,3,0.000000,87.500000,1.142857,20,0.627123,29,0,1,0,0.634298,0.007175,1
2,multi_greedy,5,1,1,1,3,0.000000,87.000000,1.149425,20,0.428062,29,0,1,0,0.428062,0.000000,1
2,multi_greedy,5,2,0,0,1,3.512902,98.500000,1.170967,28,0.428062,29,0,0,0,0.428062,0.000000,1
2,multi_greedy,5,3,2,2,4,0.000000,56.500000,0.707965,32,0.428062,29,0,2,0,0.428062,0.000000,1
2,multi_greedy,5,4,2,2,1,2.440881,56.500000,0.813627,32,0.428062,29,0,2,0,0.428062,0.000000,1
2,multi_greedy,5,5,2,2,4,0.000000,56.500000,0.707965,32,0.428062,29,0,2,0,0.428062,0.000000,1
2,multi_greedy,5,6,2,2,4,0.000000,56.500000,0.707965,32,0.428062,29,0,2,0,0.428062,0.000000,1
2,multi_greedy,5,7,0,0,2,3.605526,98.500000,0.450691,28,0.428062,29,0,0,0,0.428062,0.000000,1
2,multi_greedy,5,8,0,0,2,3.627380,98.500000,0.453422,28,0.428062,29,0,0,0,0.428062,0.000000,1
2,multi_greedy,5,9,0,0,2,3.836009,98.500000,0.479501,28,0.428062,29,0,0,0,0.428062,0.000000,1
2,multi_greedy,5,10,2,2,2,0.339919,56.500000,0.042490,32,0.428062,29,0,2,0,0.428062,0.000000,1
2,multi_greedy,5,11,1,1,3,0.000000,87.000000,1.149425,20,0.428062,29,0,1,0,0.428062,0.000000,1
2,multi_greedy,5,12,0,0,2,3.630597,98.500000,0.453825,28,0.428062,29,0,0,0,0.428062,0.000000,1
2,multi_greedy,5,13,1,1,3,0.000000,87.000000,1.149425,20,0.428062,29,0,1,0,0.428062,0.000000,1
2,multi_greedy,5,14,2,2,4,0.000000,56.500000,0.707965,32,0.428062,29,0,2,0,0.428062,0.000000,1
2,multi_greedy,5,15,0,0,2,3.630587,98.500000,0.453823,28,0.428062,29,0,0,0,0.428062,0.000000,1
2,multi_greedy,5,16,0,0,2,3.581367,98.500000,0.447671,28,0.428062,29,0,0,0,0.428062,0.000000,1
2,multi_greedy,5,17,0,0,2,3.830462,98.500000,0.478808,28,0.428062,29,0,0,0,0.428062,0.000000,1
2,multi_greedy,5,18,2,2,4,0.000000,56.500000,0.707965,32,0.428062,29,0,2,0,0.428062,0.000000,1
2,multi_greedy,5,19,0,0,3,0.000000,98.500000,1.015228,28,0.428062,29,0,0,0,0.428062,0.000000,1
2,multi_greedy,5,20,0,0,1,3.507350,98.500000,1.169117,28,0.428062,29,0,0,0,0.428062,0.000000,1
2,multi_greedy,5,21,2,2,4,0.000000,56.500000,0.707965,32,0.428062,29,0,2,0,0.428062,0.000000,1
2,multi_greedy,5,22,1,1,2,3.158509,87.000000,0.394814,20,0.428062,29,0,1,0,0.428062,0.000000,1
2,multi_greedy,5,23,0,0,2,3.630529,98.500000,0.453816,28,0.428062,29,0,0,0,0.428062,0.000000,1
2,multi_greedy,5,24,2,2,4,0.000000,56.500000,0.707965,32,0.428062,29,0,2,0,0.428062,0.000000,1
2,multi_greedy,5,25,2,2,1,2.681579,56.500000,0.893860,32,0.428062,29,0,2,0,0.428062,0.000000,1
2,multi_greedy,5,26,0,0,2,3.593397,98.500000,0.449175,28,0.428062,29,0,0,0,0.428062,0.000000,1
2,multi_greedy,5,27,2,2,1,2.831327,56.500000,0.943776,32,0.428062,29,0,2,0,0.428062,0.000000,1
2,multi_greedy,5,28,2,2,4,0.000000,56.500000,0.707965,32,0.428062,29,0,2,0,0.428062,0.000000,1
2,multi_greedy,5,29,0,0,2,3.831762,98.500000,0.478970,28,0.428062,29,0,0,0,0.428062,0.000000,1
2,multi_greedy,5,30,1,1,3,0.000000,87.000000,1.149425,20,0.428062,29,0,1,0,0.428062,0.000000,1
2,multi_greedy,5,31,2,2,3,0.000000,56.500000,1.769912,32,0.428062,29,0,2,0,0.428062,0.000000,1
2,multi_greedy,5,32,1,1,3,0.000000,87.000000,1.149425,20,0.428062,29,0,1,0,0.428062,0.000000,1
2,multi_greedy,5,33,2,2,1,2.432328,56.500000,0.810776,32,0.428062,29,0,2,0,0.428062,0.000000,1
2,multi_greedy,5,34,0,0,3,0.000000,98.500000,1.015228,28,0.428062,29,0,0,0,0.428062,0.000000,1
2,multi_greedy,5,35,1,1,2,3.344184,87.000000,0.418023,20,0.428062,29,0,1,0,0.428062,0.000000,1
2,multi_greedy,5,36,0,0,2,3.626286,98.500000,0.453286,28,0.428062,29,0,0,0,0.428062,0.000000,1
2,multi_greedy,5,37,2,2,4,0.000000,56.500000,0.707965,32,0.428062,29,0,2,0,0.428062,0.000000,1
2,multi_greedy,5,38,1,1,2,3.345265,87.000000,0.418158,20,0.428062,29,0,1,0,0.428062,0.000000,1
2,multi_greedy,5,39,2,2,4,0.000000,56.500000,0.707965,32,0.428062,29,0,2,0,0.428062,0.000000,1
2,multi_greedy,5,40,0,0,1,3.507961,98.500000,1.169320,28,0.428062,29,0,0,0,0.428062,0.000000,1
2,multi_greedy,5,41,1,1,2,3.347416,87.000000,0.418427,20,0.428062,29,0,1,0,0.428062,0.000000,1
2,multi_greedy,5,42,2,2,4,0.000000,56.500000,0.707965,32,0.428062,29,0,2,0,0.428062,0.000000,1
2,multi_greedy,5,43,2,2,1,2.524667,56.500000,0.841556,32,0.428062,29,0,2,0,0.428062,0.000000,1
2,multi_greedy,5,44,2,2,4,0.000000,56.500000,0.707965,32,0.428062,29,0,2,0,0.428062,0.000000,1
2,multi_greedy,5,45,1,1,2,3.157348,87.000000,0.394668,20,0.428062,29,0,1,0,0.428062,0.000000,1
2,multi_greedy,5,46,2,2,1,2.409762,56.500000,0.803254,32,0.428062,29,0,2,0,0.428062,0.000000,1
2,multi_greedy,5,47,1,1,3,0.000000,87.000000,1.149425,20,0.428062,29,0,1,0,0.428062,0.000000,1
2,multi_greedy,5,48,2,2,4,0.000000,56.500000,0.707965,32,0.428062,29,0,2,0,0.428062,0.000000,1
2,multi_greedy,5,49,0,0,2,3.625186,98.500000,0.453148,28,0.428062,29,0,0,0,0.428062,0.000000,1
2,multi_greedy,5,50,1,1,3,0.000000,87.000000,1.149425,20,0.428062,29,0,1,0,0.428062,0.000000,1
2,multi_greedy,5,51,0,0,1,3.506128,98.500000,1.168709,28,0.428062,29,0,0,0,0.428062,0.000000,1
2,multi_greedy,5,52,0,0,2,3.593445,98.500000,0.449181,28,0.428062,29,0,0,0,0.428062,0.000000,1
2,multi_greedy,5,53,0,0,3,0.000000,98.500000,1.015228,28,0.428062,29,0,0,0,0.428062,0.000000,1
2,multi_greedy,5,54,2,2,3,0.000000,56.500000,1.769912,32,0.428062,29,0,2,0,0.428062,0.000000,1
2,multi_greedy,5,55,0,0,3,0.000000,98.500000,1.015228,28,0.428062,29,0,0,0,0.428062,0.000000,1
2,multi_greedy,5,56,0,0,3,0.000000,98.500000,1.015228,28,0.428062,29,0,0,0,0.428062,0.000000,1
2,multi_greedy,5,57,1,1,2,3.345345,87.000000,0.418168,20,0.428062,29,0,1,0,0.428062,0.000000,1
2,multi_greedy,5,58,0,0,1,3.506182,98.500000,1.168727,28,0.428062,29,0,0,0,0.428062,0.000000,1
2,multi_greedy,5,59,0,0,2,3.632763,98.500000,0.454095,28,0.428062,29,0,0,0,0.428062,0.000000,1
2,multi_greedy,5,60,2,2,2,0.339895,56.500000,0.042487,32,0.428062,29,0,2,0,0.428062,0.000000,1
2,multi_greedy,5,61,2,2,4,0.000000,56.500000,0.707965,32,0.428062,29,0,2,0,0.428062,0.000000,1
2,multi_greedy,5,62,2,2,2,0.337733,56.500000,0.042217,32,0.428062,29,1,2,0,0.428062,0.000000,1
2,multi_greedy,5,63,2,2,4,0.000000,56.500000,0.707965,32,0.428062,29,0,2,0,0.428062,0.000000,1
2,multi_greedy,5,64,2,2,4,0.000000,56.500000,0.707965,32,0.428062,29,0,2,0,0.428062,0.000000,1
2,multi_greedy,5,65,0,0,1,3.522178,98.500000,1.174059,28,0.428062,29,0,0,0,0.428062,0.000000,1
2,multi_greedy,5,66,2,2,4,0.000000,56.500000,0.707965,32,0.428062,29,0,2,0,0.428062,0.000000,1
2,multi_greedy,5,67,2,2,3,0.000000,56.500000,1.769912,32,0.428062,29,0,2,0,0.428062,0.000000,1
2,multi_greedy,5,68,1,1,1,3.506685,87.000000,1.168895,20,0.428062,29,0,1,0,0.428062,0.000000,1
2,multi_greedy,5,69,2,2,4,0.000000,56.500000,0.707965,32,0.428062,29,0,2,0,0.428062,0.000000,1
2,multi_greedy,5,70,1,1,2,3.158435,87.000000,0.394804,20,0.428062,29,0,1,0,0.428062,0.000000,1
2,multi_greedy,5,71,1,1,2,3.345339,87.000000,0.418167,20,0.428062,29,0,1,0,0.428062,0.000000,1
2,multi_greedy,5,72,2,2,1,2.428700,56.500000,0.809567,32,0.428062,29,0,2,0,0.428062,0.000000,1
2,multi_greedy,5,73,1,1,1,3.507350,87.000000,1.169117,20,0.428062,29,0,1,0,0.428062,0.000000,1
2,multi_greedy,5,74,1,1,2,3.179137,87.000000,0.397392,20,0.428062,29,0,1,0,0.428062,0.000000,1
2,multi_greedy,5,75,0,0,3,0.000000,98.500000,1.015228,28,0.428062,29,0,0,0,0.428062,0.000000,1
2,multi_greedy,5,76,0,0,2,3.629511,98.500000,0.453689,28,0.428062,29,0,0,0,0.428062,0.000000,1
2,multi_greedy,5,77,0,0,2,3.625134,98.500000,0.453142,28,0.428062,29,0,0,0,0.428062,0.000000,1
2,multi_greedy,5,78,2,2,4,0.000000,56.500000,0.707965,32,0.428062,29,0,2,0,0.428062,0.000000,1
2,multi_greedy,5,79,1,1,2,3.202213,87.000000,0.400277,20,0.428062,29,0,1,0,0.428062,0.000000,1
2,multi_greedy,5,80,1,1,3,0.000000,87.000000,1.149425,20,0.428062,29,0,1,0,0.428062,0.000000,1
